:020000021000EC
:040000006F20C07C31
:100004000000000000000000900000206A060020AC
:10001400A9BDF9F5900000200000000000000000D8
:10002400900000209000002000000000000000006C
:10003400900000200000000090000020000000005C
:1000440090000020E20A0020000B00209000002015
:1000540090000020900000205A070020900000200B
:1000640090000020900000209000002090000020CC
:10007400C40A00209000002090000020900000207E
:1000840090000020900000209000002090000020AC
:1000940001A04111814601468145114506C6EF0084
:1000A4003032B727004011472383E780B7F700E0D9
:1000B400938707D0984B6D9B98CB984B5D9B98CBBF
:1000C4007300501001000100B240410182804111CF
:1000D400814601468145114506C6EF00702EB727BB
:1000E400004011472383E780B717004003C7E702A6
:1000F40003C6E70483D6870391671377F70F136664
:10010400360063E5F600719B13671700F326008041
:10011400A18A938701D281CAF326008094C39443B1
:10012400DD9A7390068001000100B7160040930524
:1001340070052380B604930580FA2380B604010079
:1001440001002382060223800604F32500809443E1
:10015400A18ACD8E7390068023A001D201000100F4
:10016400F3260080A18A81CAF326008094C39443B5
:10017400DD9A7390068001000100B71600409305D4
:1001840070052380B604930580FA2380B604010029
:1001940001002387E6022387C60423800604F3268E
:1001A40000809843218B558F7310078023A001D2C0
:1001B4000100010073270080218B01CB732700808D
:1001C40098C398435D9B73100780010001003717A3
:1001D4000040930670052300D704930680FA230099
:1001E400D704010001008346B70493E60602A30581
:1001F400D70423000704F32600809843218B558FEE
:100204007310078023A001D20100010037F700E03A
:10021400130707D0144B93E6460014CB144BDD9A16
:1002240014CB730050100100010073270080218B50
:1002340001CB7327008098C398435D9B731007809C
:100244000100010037170040930670052300D7040E
:10025400930680FA2300D704010001008346B70403
:1002640093F6F60DA305D704230007047327008033
:100274009C43A18BD98F7390078023A001D20100E6
:100284000100B2404101828073270080218B938753
:1002940001D201CB7327008098C398435D9B7310F0
:1002A4000780010001003717004093067005230002
:1002B400D704930680FA2300D70401000100834683
:1002C400B70493F6F60DA305D70423000704732699
:1002D40000809443A18AD18E7390068023A001D21A
:1002E4000100010093760502638006180347A70006
:1002F400118B3DE373270080218B01CB7327008092
:1003040098C398435D9B7310078001000100371761
:100314000040930670052300D704930680FA230057
:10032400D704010001008346A70093E64600230595
:10033400D70023000704F32600809843218B558FB0
:100344007310078023A001D2010001001307004BA2
:10035400010001007D176DFF73270080218B01CB05
:100364007327008098C398435D9B73100780010036
:10037400010037170040930670052300D704930645
:1003840080FA2300D704010001007D892314A7000B
:10039400010001000100010023000704F32600808E
:1003A4009843218B558F7310078023A001D201003D
:1003B400010073270080218B01CB7327008098C331
:1003C40098435D9B731007800100010037170040BC
:1003D400930670052300D704930680FA2300D704FC
:1003E4000100010001000100B726004013061005BA
:1003F400A383C68023000704F32600809843218B3F
:10040400558F7310078023A001D2010001007327C8
:100414000080218B01CB7327008098C398435D9B98
:100424007310078001000100371700409306700520
:100434002300D704930680FA2300D70401000100A7
:100444008346B70493E60608A305D70423000704EC
:10045400732700809C43A18BD98F7390078023A0BE
:1004640001D201000100828093760504638706149B
:100474000347A700418B3DE373270080218B01CB09
:100484007327008098C398435D9B73100780010015
:10049400010037170040930670052300D704930624
:1004A40080FA2300D704010001008346A70093E6E5
:1004B40006012305D70023000704F3260080984390
:1004C400218B558F7310078023A001D201000100F6
:1004D4001307007D010001007D176DFF7327008065
:1004E400218B01CB7327008098C398435D9B7310C5
:1004F40007800100010037170040930670052300B0
:10050400D704930680FA2300D704010001009376F0
:10051400F50193E606042314D7000100010001004D
:10052400010023000704F32600809843218B558F94
:100534007310078023A001D2010001001307600497
:10054400631FE50273270080218B01CB7327008092
:1005540098C398435D9B731007800100010037170F
:100564000040930670052300D704930680FA230005
:10057400D70401000100B7260040094695BD732742
:100584000080218B01CB7327008098C398435D9B27
:1005940073100780010001003717004093067005AF
:1005A4002300D704930680FA2300D7040100010036
:1005B400B72600401306200525BD73270080218B34
:1005C40001CB7327008098C398435D9B7310078009
:1005D4000100010037170040930670052300D7047B
:1005E400930680FA2300D704010001008356870094
:1005F40093E6060C2314D700F5BB4111814601464E
:100604008145114506C66D2BF3270080A18B138706
:1006140001D281CBF32700801CC31C43DD9B739064
:10062400078001000100B71700409306700523807E
:10063400D704930680FA2380D7040100010083C6FF
:10064400670493E616002383D70423800704F32664
:1006540000801C43A18BD58F7390078023A001D207
:1006640001000100B240410182808146014681457A
:100674001145B92373270080218B938701D201CBC5
:100684007327008098C398435D9B73100780010013
:10069400010037170040930670052300D704930622
:1006A40080FA2300D70401000100FD562316D70267
:1006B40023000704F32600809843218B558F731081
:1006C400078023A001D20100010073270080218B41
:1006D40001CB7327008098C398435D9B73100780F8
:1006E4000100010037170040930670052300D7046A
:1006F400930680FA2300D7040100010083466704AF
:1007040093E616002303D70423000704732700800D
:100714009C43A18BD98F7390078023A001D2010041
:10072400010001A0BD473305F50201007D1575FDEB
:100734008280411122C426C206C6AA8401446317DA
:100744009400B2402244924441018280050413057E
:10075400803E4204C13F4180DDB77971A3070100A7
:1007640022D626D44AD24ED052CE37840040834774
:10077400640093F7F70FA307F1008347F100898B17
:100784006381072E834774001307000393F707035D
:10079400638EE7068344740083477400BD8893F72F
:1007A40007036389071C13070002639CE70413898A
:1007B400C106639804108347490F9D83F1C783479B
:1007C400240293C707042301F4028347240293F706
:1007D400C70F93E727002301F40203274901834548
:1007E40049008327890163FAE5080D8FBE95232A02
:1007F400E900232CB90013050008978001E0E78085
:10080400E0E3B787004009472383E70037840040CB
:1008140083477400E207E18763D90728930720FC24
:100824002301F4029384C10683A504082146138599
:100834000116973001E0E780C00D8387440F63CA37
:100844000700230004028347240293F7C70F230100
:10085400F40237840040834724021385011693F77A
:10086400370F93E787002301F402978001E0E780C4
:1008740040CD89472303F4000DACB305F700232CC6
:10088400B90023A0010885BF0347590F9547631B8F
:10089400F700034734008347090013770708D98F0B
:1008A400A301F4008347240293F7C70F93E72700BB
:1008B4002301F4028347240293F7370F2301F40240
:1008C40089B791476398F4008347240393C70704C7
:1008D4002309F402154433D4840293070003330438
:1008E400F402939724003E94B7870040938727022D
:1008F4003E948347040093F7C70F93E72700230030
:10090400F400E147B387F402CA97D84B03C6470003
:10091400944F6379E6048C4B118FB296B2958CCBCD
:10092400D8CB94CF88476376E602973001E0E7801E
:1009340040FEE147B387F402CA9703C757008547CF
:10094400630BF7008347040093F7C70F2300F400F9
:100954004DBD3A86D9BF8347040093F7C70F93E789
:100964001700EDB7B305D7008CCF23AA070013E512
:10097400040861B5A9E0834724029384C10E0349A6
:10098400840093C707082301F4028C4088444A86F4
:10099400973001E0E780E0F78C48DC440145CA95D4
:1009A400B38727418CC8DCC4978001E0E78080CA04
:1009B400E31909E401B78347740093F70704E3825A
:1009C40007E491476398F4008347240393C7070817
:1009D4002309F402E147B387F4021389C106378A75
:1009E400004083498A004E863E99130409080C404E
:1009F4000844973001E0E780C0F11C440C480347E9
:100A0400C907CE971CC45C44CE950CC8B387374144
:100A14005CC463E3E90099E72685978001E0E780F9
:100A240060C3C5B39547B3D7F402130700038346E5
:100A3400D9078A04130A2A02B387E7020547A6974F
:100A4400D2976389E60003C707001377370F238023
:100A5400E70045BB03C707001377370F1367470049
:100A6400FDB78347F100858B99CFA30104009780DC
:100A740001E0E780A0A98347240293F7370F2301FD
:100A8400F4028547C5BB8347F100918B9DC783471B
:100A94005400918B91C7014597E001E0E780E02A7B
:100AA400B787004011472383E7003254A2541259F8
:100AB4008259724A4561730020308347F10093F7ED
:100AC400F70F4DBBB7170040130700032388E70255
:100AD400854723AEF1DE73002030411106C6492D4F
:100AE400FDBF83C7D186918B81C78547238DF1DCF8
:100AF40003D781DBB7170040239EE708730020303B
:100B0400730020302303048015472303E48001008D
:100B14002302A480828083076480E3CE07FE23033C
:100B24000480828083076480E3CE07FE034544800B
:100B3400828083076480E3CE07FE2302A480828040
:100B4400411126C44AC24EC006C61377F50BAD4701
:100B5400AA892E8995446306F70019456537653FD0
:100B64008D444E854537FD59FD1463983401B240D8
:100B7400A244124982494101828013550901137527
:100B8400F50F453F2209CDB7011126CC06CEB70497
:100B9400080051371545BD37713769372AC6A53F57
:100BA40032459377150089EB136515001375F50F1E
:100BB400F240E24405618280FD14E9FC0145CDBFA9
:100BC400397126DC4ADA4ED852D656D45AD25ED07F
:100BD40006DE62CE66CCB7E700E07D5783AA070045
:100BE40022C603AA470023A0E71823A2E718B717D1
:100BF4000040130770052380E704130780FA23805D
:100C0400E70483C74704930B75FFB684E20793FB9D
:100C1400FB0F8546AA892E8B328937240040E18751
:100C2400015763FA76016308D50089461307000269
:100C34006313D5000157D98F93F7F70FB71C004002
:100C44002382FC0411472303E4801305F00F5D3D68
:100C5400094CD135636D7C11B7050700DA953787E8
:100C64000700795563F2E504B3879500636EF702D4
:100C7400370B0800A94733EB65016399F90689E44A
:100C84008144513D26850DA0DA850945553D050968
:100C94000345F9FFFD14050B693D81C49377FB0FF0
:100CA400FDF7DD3569FD7D55B71700401307700565
:100CB4002380E704130780FA2380E70403C747046B
:100CC400418B2382E704F250B7E700E023A05711D9
:100CD40023A24711E25432445259C259325AA25AF9
:100CE400125B825B724CE24C21618280A547639562
:100CF400F90685691309F00FB3069900B3742B0143
:100D0400B6941349F9FFB3749900856B337969017B
:100D1400416B9387F9FFB3F7270199E363FC34012F
:100D240093D94900C147E3E637FF99BF0569C16913
:100D34007D19D9B71305800D638869011305000275
:100D44006384790113051008CA85DD3B353D21DD37
:100D54004E99B3843441D9B7DA852D45D533CA9435
:100D6400E30099F205097D3BA30FA9FED5BF938744
:100D7400F9FF93F7F70F6361FC0C83C71C04130797
:100D84003008631FF70437070800636BEB04B307ED
:100D94009B00B706100063F5D704334BEB0089477B
:100DA4006393F9068980D549E38C04ECDA85094517
:100DB400413B11090327C9FF91472320E48003071E
:100DC4006480E34E07FE23033481FD17EDFBFD141D
:100DD400110B81C49377FB0FE9FF7D3371F5E1B506
:100DE400B717004003C75704B70708001377070273
:100DF40019E3B78707007955E378FBEA33079B00CB
:100E0400E3FFE7F855B58547E382F9F2DA852D4526
:100E1400053B9389F4FFE38504E6293393F739000E
:100E240091EB832604800327090093074900E39A82
:100E3400E6E43E89CE84F1BFB5476396F900130515
:100E4400900BC93135BDB1471305B00AE38BF9FEE8
:100E540099476391F904B7050800B365BB002D45B4
:100E6400C53181448D4BA14975396396740183273B
:100E740004802320F9008504E39834FF8327048049
:100E840013172B01635507002312F900D5BB232246
:100E9400F900FDB39D476399F90281451305B00438
:100EA4004531BD442320090023220900FD599D3901
:100EB40093F77400CA9703C70700FD14398D238084
:100EC400A700E39634FF6DBBA1476392F9046D3923
:100ED4008144630D0B008D479304C0036308FB003A
:100EE4009304000563048B01930440041375C50740
:100EF400E30895D819453931393905452131268515
:100F04000D3909453D314931E31C05D669BB91478B
:100F14006399F90013056006F536F53E130590094B
:100F24000DB7E38F09D4F154A9BB19CD91CD09CEE6
:100F340081473387F500834607003307F5008507AB
:100F44002300D700E317F6FE828019C991C909CAA4
:100F5400910583A7C5FF11057D16232EF5FEC5BF98
:100F6400828001C919C62A960505A30FB5FEE31DA3
:100F7400A6FE828081473307F5000307070019E3C3
:100F84003E8582808507C5BF01112E8626CAAA84A4
:100F9400131506019305F004418122CC06CE32C616
:100FA400EF1040592A8401C53246A685BD3F2285EB
:100FB400F2406244D24405618280854715C18DC1E7
:100FC40005C28147B306F5003387F50083C60600E2
:100FD400034707006398E6008507E315F6FE854797
:100FE4003E8582808147EDBF9307F6FFBE952A9622
:100FF4006313C5008280FD1583C715000505A30F83
:10100400F5FEFDB7AA87014581CF09CE3E96850737
:1010140003C7F7FF6317B700E39BC7FE054582804C
:101024008280014582807971976700009387471E0B
:1010340022D4804306D626D24AD04ECE52CC56CAAB
:101044005AC85EC662C45DCC37C9C901814B176AF0
:101054000000130A6A20976400009384A41B1309F8
:10106400F937976A0000938A6A15B709C0A8370B45
:1010740040578357240095E35C44639D0B00176736
:1010840000002327F718032CC4002285EF10A05773
:10109400628499A823A6FB00FDB783270A008297E0
:1010A400838664011C4463DB06063307F5406367EB
:1010B400E9089767000023AB071083552400034514
:1010C4000400970002E0E78020725C405844A9CFF6
:1010D4001444B6978386640163C5060063E337014D
:1010E400DA971CC4A28B3A8449F49767000093876B
:1010F400E70C9C4B09476378F706F917176700005C
:101104002326F70CB250225492540259F249624AEF
:10111400D24A424BB24B224C45618280E377F5F8C8
:101124003387F9402A9761B763970B0097670000EC
:1011340023A0E70E89BF23A6EB00B1B7D85009CF8F
:1011440063DF06003385A74083A70A016376F500B1
:101154009767000023ACA706A28B404471B7E3F362
:10116400A7FECE97C5B79767000023A1070659BF0E
:10117400411122C417640000130444071C4006C62E
:1011840026C24AC091C782979767000023A007062A
:101194005C4091C382971C406391071C97670000D1
:1011A40083C75723858B9DC797670000A3840722B5
:1011B4001767000003473722954763FDE700EF00F8
:1011C40010379767000083C71721F5178A07A2977E
:1011D4009C43829717690000130989238347C90038
:1011E400918B99C3EF1060281C4491C38297976434
:1011F40000009384A401984017660000034616FC7F
:101204009767000083C787FB93961700BA9683D627
:101214000600D5CA9767000083C747FA63EFC70A79
:1012240097670000238C07F81C40639807129767A0
:10123400000083C7771A91CF9767000083C7B71957
:1012440089EB97670000A3890718976003E0E7809C
:10125400A0E697670000938727009C43638F070EDF
:10126400B707C0A8176700002322F7F66D3B9767FE
:101274000000938727FADC53EDC3176700001307B8
:10128400E7F3184B9767000083C717FA6367F70CF7
:101294001767000003473714954763E0E70C83475B
:1012A400C900918BDDEB90409766000083C616F170
:1012B40063CBD70A2244B240924402494101170346
:1012C40002E06700832F850793F7F70F9766000006
:1012D4002386F6EEE3E6C7F235BF86073E978355CD
:1012E40007002310070097670000239F07F0976704
:1012F4000000938767EF9C4317650000034505ECE6
:1013040013172500BA979C4382979767000083D7E9
:10131400A7EF17670000034767EA93C7F7FF7D8DC0
:101324009317170098403E97835707005D8D23104D
:10133400A7009767000083C767E891C78507176709
:101344000000230DF7E617670000034727E79767B8
:10135400000083C7B7E6E375F7ECB2402244924439
:1013640002494101828013971700329703570700FF
:101374006DF7850735BFAD6737C70040BD07232626
:10138400F7200F10000097670000938727E3C84FEA
:1013940083278726BD66BD0693C7F7FF99836A0531
:1013A4002326D7205D8D82804111B7170040985FB6
:1013B4003AC6945F3247E39CE6FE3245410182809F
:1013C40082800327851163000712411122C406C6D7
:1013D4008347C5008345C5042A8493F7C70F2306B2
:1013E400F500834697000356C7001395860161856F
:1013F40063F1C508635A05060345870093F6F607AB
:10140400A304D700054693E627006314C50093E6BA
:1014140017002306D4005C4389075CC3A30AB40005
:10142400032504112E864C430905013683278411B4
:1014340003465401D44303D7C700B296118FD4C3D3
:101444002396E7008947A30DF400034744039767F5
:10145400000083C747DD6378F7048347C40093E73C
:1014640007012306F40081A093E717002306F40084
:1014740075B79376F60F635D0502034587008545CE
:1014840013E627006314B50013E617002306C4000F
:10149400A30AD400A30407008547A30DF4008327FF
:1014A40084119C43DDF3B240224401454101828012
:1014B40093E717002306F400A30AD400A30407004B
:1014C400032504114C4309058D34832784110346F5
:1014D4005401D44303D7C700B296118FD4C32396C3
:1014E400E7008D475DBF05458280976700009387BD
:1014F400A7EC9C43411122C406C6858B2A84C5EF00
:101504004165130525F5970003E0E78040CE45C506
:101514008347A5002315F50083270412BDE7232084
:10152400A4122322A41285472310F40423200500C7
:101534008347640154412316F5000347D400230470
:10154400E5000547A304E50017670000130747E813
:10155400184F1385170215811C437D151375F50F5C
:101564009CC25C43DCC21C479CC65C47DCC61C4B6B
:101574009CCA5C4BDCCA1C4F9CCE5C4FDCCE19CDA4
:101584009386060213070702C1BF8327441288C348
:10159400835704042322A412850779B797670000B0
:1015A40083D747F0850717670000231DF7EEB24085
:1015B4002244410182808347C40023090400054575
:1015C40093C747002306F400DDB78347850193F7EB
:1015D400E70FD5EF83479501DDEB034625018346ED
:1015E400C50009CA83454503176700000347B7C30D
:1015F40063E7E50013F7060141CF014709C6C18A35
:101604000357651C81C68356A51C369751C313071F
:10161400C712176500000355E5BCB335A70237466A
:101624000F00411113060624814622C426C206C6B1
:101634007D543305A702971004E0E78020D1976713
:10164400000083C7B7BEB384A700976700009387E1
:10165400E7E403A707098327070963F387003E84A8
:10166400184375FB97670000938707BF9C438297D5
:1016740081476364A400B307A440B2402244B3B7D3
:10168400970093C7170092443E85410182808147A9
:101694003E858280797126D206D622D44AD04ECE97
:1016A40052CC56CA5AC85EC68347350303447513E1
:1016B400AA843E941374F40F9307400263F68700E0
:1016C4001304B4FD1374F40F03AA841383AAC4137C
:1016D400A38B841222865285D685971004E0E78076
:1016E40020C2058915E503CBD41201498149337B16
:1016F4006403930B50024A865285D685971004E002
:10170400E78000C0058915C5639169031374F90F57
:10171400238B8412B250225492540259F249624AE1
:10172400D24A424BB24B456182808509E20993D982
:1017340089410509E31179FDE1BF83278509035632
:10174400E503797193D60701BD8EC206C182358E39
:101754001357764093575640898B058B5D8F93576B
:101764003640918B5D8F93571640A18B5D8F9317F5
:101774001600C18B5D8F9317360093F707025D8FB8
:10178400931756009355860093F707041E065D8F42
:101794001376F60F518F93D7554013D63540118ADF
:1017A400898BD18F13D67540D18F13D61540218ADA
:1017B400D18F13961500418AD18F13963500137675
:1017C4000602D18F13965500137606049E05D18F19
:1017D40093F5F50FCD8FA20745465D8F3307C702FA
:1017E40022D42A8426D252CC56CA032A8413832AAA
:1017F400C4135AC806D63697420741839357774095
:10180400135557400989858BC98F13553740118962
:10181400C98F135517402189C98F131517004189A2
:10182400C98F1315370013750502C98F1315570097
:1018340093558700137505041E07C98F1377F70F97
:10184400D98F13D5354013D755401189098B498F4A
:1018540013D57540498F13D515402189498F1395A8
:1018640015004189498F1395350013750502498F79
:1018740013955500137505049E05498F93F5F50FCF
:101884004D8F2207D98FB387C7024AD04ECE5EC68A
:1018940062C4B697C207C18313D7774013D55740A4
:1018A4000989058B498F13D537401189498F13D581
:1018B40017402189498F139517004189498F139542
:1018C400370013750502498F1395570093D5870088
:1018D400137505049E07498F93F7F70FD98F13D516
:1018E400354013D755401189098B498F13D575405D
:1018F400498F13D515402189498F139515004189C6
:10190400498F1395350013750502498F13955500BA
:10191400137505049E05498F93F5F50F4D8F220726
:10192400D98FB387C702130650025285D685B6975E
:10193400BD8E93940601C18033F6C402137BF60F67
:10194400971004E0E780C09B05890DED8347D4120E
:1019540001498149B3849702130C5002C1804A861D
:101964005285D685971004E0E78080990589937B9A
:10197400F90F11C563863403850993F9F90F050935
:10198400E31F89FD230B6413B2502254925402596D
:10199400F249624AD24A424BB24B224C45618280A0
:1019A4005E8BCDB7011197670000938727AF22CCD8
:1019B40003A4470B26CA06CE2AC42EC6854419E4BE
:1019C4000145F2406244D24405618280834791001C
:1019D40003471400858B6304F7000044CDB7194610
:1019E4009305A10013052400EFF02FDDE31795FE06
:1019F4000545C1BF011122CC176400001304049FE4
:101A040018402AC62EC432C206CE3C4B93F7F7F7D1
:101A14003CCB975003E0E780E066184097660000EF
:101A24009386069A3C4B93E707083CCB9C4232458D
:101A3400A24523A0070003471500034825002207F9
:101A4400420842970348050042970348350062085C
:101A5400429798D703475500034865002207420878
:101A6400429703484500429703487500620842972D
:101A7400D8D7034795000348A50022074208429798
:101A84000348850042970348B5006208429798DBF3
:101A94000347D5000348E50022074208429703485C
:101AA400C5000345F500429762052A97D8DB03C7B2
:101AB400150003C52500220742052A9703C5050022
:101AC4002A9703C5350062052A9798CF03C75500A6
:101AD40003C56500220742052A9703C545002A97D6
:101AE40003C5750062052A97D8CF03C7950003C5BF
:101AF400A500220742052A9703C585002A9703C536
:101B0400B50062052A9798D303C7D50003C5E5003D
:101B1400220742052A9703C5C50083C5F5002A9705
:101B2400E2052E97D8D3D843759BD8C3D8431367FF
:101B34001700D8C398431367170098C312469842F6
:101B44005C43858BD1E71C4F01452300F6009C4282
:101B54009C4FA183A300F6009C429C4FC1832301A8
:101B6400F6009C429C4FE183A301F6009C42D84FAF
:101B74002302E600D84F2183A302E600D84F418315
:101B84002303E600D84F6183A303E600985323049C
:101B9400E60098532183A304E60098534183230568
:101BA400E60098536183A305E600D8532306E600B4
:101BB400D8532183A306E600D85341832307E600C4
:101BC400DC53E183A307F600F2406244056182809E
:101BD4000100B5B7175700001307C77E144341111E
:101BE40022C49C5E4AC006C6998326C2858B3A8469
:101BF400175900001309C97CD1CB9C5E975400008F
:101C04009384047D93F7F7F99CDE1757000003478C
:101C1400877C93070008631BF700832709009C4314
:101C240093F70704175700002307F77A83C70400C4
:101C340093F707049DC3975700009387E7619C437C
:101C440082979757000023ADA77883C7040093F7C2
:101C5400F70B17570000230DF77683C7440093F75B
:101C640007048DE7854717570000A305F7769757B4
:101C740000009387A7779C43096798C7130700FC64
:101C8400975600002388E674D844F8D31C40985F24
:101C94001183058B09CB985F3D9B98DF05479756C9
:101CA40000002389E672985F1D83058B11CB985F32
:101CB4001377F7F798DF854717570000230CF77061
:101CC40083270900D8430583058B19C7D843759B1F
:101CD400D8C3D843799BD8C3B24022449244024922
:101CE40041018280397106DE16DC1ADA1ED82AD642
:101CF4002ED432D236D03ACE3ECC42CA46C872C670
:101D040076C47AC27EC0F935F250E2525253C253BD
:101D14003255A255125682567247E2475248C2487B
:101D2400324EA24E124F824F2161730020309757DA
:101D340000009387A76B94439757000093874769E4
:101D440003C70700058B11CB97570000238407684E
:101D540097570000A3800768828003C71700058B8C
:101D640065F7F85271FF83C75700DDB717580000B5
:101D740013084865032708001C5F9583858BD1E70A
:101D840009C61C5BBD832300F60085CA83270800AF
:101D9400985B4607935767016356070093E707C0AC
:101DA400C207C18303970600C207C18709C7BA9750
:101DB4000947B3C7E7022390F60085CD8347150092
:101DC4008DCB9756000083C6066193F606041387ED
:101DD400970089478DCA3A95034705008546994778
:101DE4001376F7066311D60262076187B947634C1D
:101DF4000700832708009C5FED838D8B1757000035
:101E0400A30DF75C81473E8582808547EDBF411174
:101E140022C406C6175400001304445D184049E95F
:101E2400AE877453FDFE3E85B2859757000023822A
:101E3400075A975003E0E780E0FA9757000093872A
:101E440067589C43B70680009843558F98C3D8576A
:101E5400719BD8D797570000A38E07569757000059
:101E6400A38807561C40094798C3B7F700E003A7A7
:101E740007D16D9B23A8E7D003A707D15D9B23A8B7
:101E8400E7D073005010144017570000130747544D
:101E940083472700858B89EB83473700858BD9C718
:101EA4009757000023880752B240224441018280A0
:101EB4008D476310F502975700009387A7509C4302
:101EC400B70680009843558F98C3D857719BD8D7CD
:101ED4005DBF8547E319F5FAB567BD075CC70F1009
:101EE40000001C400967094698C7130700F8975675
:101EF40000002381E64E175700001307A74C144334
:101F0400984231830D8B6319C7001307E043F8D35C
:101F14003D673D07D8C785BF984231830D8B01E7E4
:101F240013076019EDB71307E01BD5B7FC52ADF3E7
:101F3400A5BF5D7152DC175A0000130AAA48032793
:101F44000A0086C6A2C4A6C2CAC04EDE1C43975964
:101F540000009389694E175900001309294993F722
:101F6400F7E793E707081CC383A609003707CEFFEA
:101F74007D179C46130680022A84F98F9CC683270A
:101F84000900130700082800B8CBAE849305100895
:101F9400EFE03FFD975003E0E780C00E975003E069
:101FA400E780E01B83270A009376F41F370FFCFFBA
:101FB40023A40700984B4E88CA881367F70398CB6D
:101FC400F84F130510F8D285137707E0558FF8CF33
:101FD4009843F576FD16758F98C39843B70633007A
:101FE400B70204001377F7E798C398439303401F9D
:101FF4007D1F1377F7E71367071098C303A709003A
:10200400930F800285491C47D58F1CC7832709007D
:102014001307900D3400B8CB11490147135337000F
:1020240026938347030013767700B3D7C740858B85
:10203400DDCF9C41832E0800239C070423900706D0
:1020440003AECE02137EDEFF23A6CE0383AE0700CB
:10205400137EF70793FE0EF833EECE0123A0C701DB
:1020640003AE4702336E5E0023A2C70383AE0800AB
:10207400014E23A27E0603DA070663074E0303AE6E
:102084000703038A0600135EFE00620E135E8E4190
:102094006358CA0103AE0703135EFE002380C60122
:1020A40003DE0706137EFE0F03AA4E0663060A002C
:1020B40003DA8705E37F49FB03AE4702337EEE0173
:1020C40023A2C70383870600635CF400034E030066
:1020D4003396C9001346F6FF3376C6012300C300C6
:1020E4003E8663D3A7002A861315860161850507FA
:1020F4001377F70F8506E313F7F3B64026449644A7
:102104000649F259625A61618280975600009386AB
:10211400E62D9C42D84713161701635506029847CB
:1021240013161701635006027D57B8D717570000DE
:102134001307C708584F050717560000232EE60853
:10214400116798C798470D83058B1DC31757000067
:10215400034727281367170017560000230BE626AA
:10216400130700F8175600002306E626214798C7F0
:102174009847058B09CF1757000003477725136746
:10218400170017560000A305E624054798C798478B
:102194000983058B09E798470583058B31CF984759
:1021A400175600001306C622175500001305852193
:1021B4000983058B630307101841184331830D8B82
:1021C40075EBAC4B184E93F5050203471700CDCDC4
:1021D40079EF13077006D8CF03470600136717007B
:1021E400175600002306E61E114798C718415C578E
:1021F400F19B93E717005CD79C42984793163701ED
:1022040063D606029756000083C68630C18A1757E4
:1022140000001307A728C5CE034747071367070223
:10222400975600002386E62E056798C798479316AD
:10223400270163D10602175700000347A719620755
:102244006187635707000547975600002384E61803
:10225400096798C798479316070163D606029756ED
:10226400000083C6F62A858A175700001307072340
:10227400ADCE034757071367270097560000A3897D
:10228400E628216798C7828029D785456315B7005A
:102294001307B00689B789456315B7001307F0061D
:1022A4001DBF8D456315B700130730072DB71307FE
:1022B400500715B71307600739BF03473600136784
:1022C400170017560000A306E610094739BF8346D6
:1022D40047070946BD8A6388C600034747078D46FA
:1022E4003D8BE313D7F4114725BF83465707918AE3
:1022F400C9DA034757071367870041B7397106DE08
:1023040016DC1ADA1ED82AD62ED432D236D03ACED9
:102314003ECC42CA46C872C676C47AC27EC0F53381
:10232400F250E2525253C2533255A25512568256BB
:102334007247E2475248C248324EA24E124F824F71
:10234400216173002030175700001307670A834682
:10235400B7019757000083C7770C4C4BB697FD8B9A
:1023640033D7F50097560000A384F608975600006B
:10237400A386F60A058B15EF175700000347570A83
:10238400B3F7E702814601471305000233D6E5009F
:10239400058A1378F70F19CA6397D7009757000077
:1023A400A38807058280850693F6F60F0507E31FC9
:1023B400A7FC828097570000938707EA9C4301118A
:1023C40022CC4EC606CE26CA4AC852C456C28297EA
:1023D400975700009387C703804781496305A40684
:1023E400BE84975700009387E7E2038767013E891D
:1023F40063550706018D135455009757000083C792
:10240400C7009379F501636DF402370AC0A8B70ACF
:102414004057153F9C449756000083C606FF139708
:1024240056003E9783076901158C63C507006363F3
:10243400470156979757000023A0E7FEE37BD4FC9F
:102444001604B3693401F24062444E85D2444249D1
:10245400B249224A924A05618280E37D85F8B70732
:10246400C0A833848740229579B797570000938793
:10247400A7DE9C43411122C406C626C28297975701
:1024840000009387E7F880476309A406BE84975742
:102494000000938727D88387670163D80704018DD9
:1024A400135455009757000083C727F66367F40455
:1024B400593D98449757000083C727F593965700D2
:1024C40036971D8C9756000023A8E6F4E372F4FEB9
:1024D4002244B240924417550000034575F18145EA
:1024E4004101175303E06700230FE37A85FAB70726
:1024F400C0A833848740229565B7B24022449244F1
:102504004101828097570000938707F39843B75798
:1025140002009387079F8326070913965600635882
:102524000600832607091396660063440600FD1718
:10253400FDF3828071C5AA870145E9C58D07C207ED
:10254400C183F19BC207C18313074003636FF70282
:1025540017570000130747F40843175700001307E1
:1025640027F314436398A60217570000130787CA7A
:10257400185B014541CB4111C20706C60545DD8DF7
:102584000297B240014541018280175700001307AA
:1025940067F0D9B70357650035E303574500636F08
:1025A400F704B306F7402146637CD60203280500EE
:1025B400938687001D8FAA9661171756000003564D
:1025C40046C02392E60023A006012393060014C10B
:1025D4002312F500130786FF975600002393E6BEE7
:1025E4002313B5009755000083D5A5BDB387F540E7
:1025F400175700002317F7BC2105828008419DB7B7
:102604000145828082800DC1975700009387C7E8F7
:1026140003A3070097570000938787E783A8070061
:1026240081469A8763E31701828003A80700636DDC
:10263400F50A636BA80A13878700E367E5FE03D6F0
:102644006700216705076317E60003C7C1EA0507AA
:102654002386E1EA97550000938545B603D64700E3
:1026640003D7650023930700329742074183175528
:1026740000002318E5B4638A6702175500001305A8
:1026840065E108416303F50203D5660019ED83D7BC
:10269400460023A0060121073E9621062392C60088
:1026A40097570000239FE7B0B6879843E30E17F7C8
:1026B40097560000938606DE9442E307D7F68356C6
:1026C4006700BDF283D64700035647001843A106AE
:1026D400B2962392D70098C383D76500A1071757F2
:1026E40000002310F7AE8280BE86C28725BF011189
:1026F40097570000938787DA22CC03A4C70B26CA16
:102704004AC84EC606CEAA8413092500854915C0B9
:1027140083C7140003473400858B6304F700405CCF
:10272400FDB71946930544004A85EFE01F89E31875
:1027340035FF2285F2406244D2444249B2490561E0
:102744008280411197570000938747D522C403A480
:10275400C70B26C24AC006C693042500054901E8F2
:102764002285B24022449244024941018280A685D6
:102774001305A40297F003E0E780C06DE30225FF90
:10278400405CF1BF411197570000938727D122C4C1
:1027940003A4C70B26C24AC006C6930425000549F4
:1027A40001E82285B24022449244024941018280D8
:1027B400A6851305A40197F003E0E780A069E3026E
:0827C40025FF405CF1BF00009D
:1027CC009711FF1F9381C1E01761FF1F13018182D5
:1027DC0017E5FFFF1305858297E5FE1F9385C581DD
:1027EC001706FF1F1306C6FD63FAC50083220500FA
:1027FC0023A0550011059105E3EAC5FE175503000A
:10280C00130585079705FF1F938585FB1386419953
:10281C0063FAC5008322050023A05500110591051C
:10282C00E3EAC5FE138501D29755FF1F938505D8A2
:10283C006377B500232005001105E36DB5FEFD425D
:10284C00739002BC8D427390428093028008739007
:10285C00023097D2FE1F9382227A93E23200739059
:10286C00523097D200009382E217739012347300A7
:10287C002030797106D622D40018232EA4FCB77709
:10288C00002003A7070EB77700209387070E83C796
:10289C0087003E8693053006130500080297AA8729
:1028AC002307F4FE8347E4FEC9C78327C4FD3747DB
:1028BC000400034F07109306071083CE16009306EF
:1028CC00071003CE26009306071003C336009306A9
:1028DC00071083C846009306071003C856009306DA
:1028EC00071003C566009306071083C57600930690
:1028FC00071003C686009306071083C696001307BD
:10290C0007100347A7002380E701A380D701238189
:10291C00C701A381670023821701A38207012383C8
:10292C00A700A383B7002384C700A384D700238503
:10293C00E700B777002003A7070EB777002093872F
:10294C00070E83C787003E8681451305E005029775
:10295C00B777002003A7070EB77700209387070EE1
:10296C0083C787003E8685451305B0020297B7776B
:10297C00002003A7070EB77700209387070E83C7A5
:10298C0087003E8685451305C0020297B777002065
:10299C0003A7070EB77700209387070E83C787001E
:1029AC003E8681451305D0020297B777002003A716
:1029BC00070EB77700209387070E83C787003E86E4
:1029CC0081451305E0020297B777002003A7070E95
:1029DC00B77700209387070E83C787003E8685450F
:1029EC001305F0020297B777002003A7070EB777FD
:1029FC0000209387070E83C787003E868545130505
:102A0C0000030297B777002003A7070EB7770020C3
:102A1C009387070E83C787003E869305F00F130537
:102A2C0010030297B777002003A7070EB777002093
:102A3C009387070E83C787003E86814513052003C5
:102A4C000297B777002003A7070EB777002093876C
:102A5C00070E83C787003E86814513053003029716
:102A6C00B777002003A7070EB77700209387070ED0
:102A7C0083C787003E868145130540030297B777CD
:102A8C00002003A7070EB77700209387070E83C794
:102A9C0087003E868145130550030297B7770020C7
:102AAC0003A7070EB77700209387070E83C787000D
:102ABC003E86BD45130560030297B777002003A738
:102ACC00070EB77700209387070E83C787003E86D3
:102ADC00BD45130570030297B777002003A7070EB7
:102AEC00B77700209387070E83C787003E86814502
:102AFC00130580030297B777002003A7070EB7775B
:102B0C0000209387070E83C787003E8681451305F7
:102B1C0090030297B777002003A7070EB777002022
:102B2C009387070E83C787003E8685451305A00350
:102B3C000297B777002003A7070EB777002093877B
:102B4C00070E83C787003E8685451305B0030297A1
:102B5C00B777002003A7070EB77700209387070EDF
:102B6C0083C787003E869305F00F1305C0030297B9
:102B7C00B777002003A7070EB77700209387070EBF
:102B8C0083C787003E869305F00F1305D003029789
:102B9C00B777002003A7070EB77700209387070E9F
:102BAC0083C787003E8681451305E0030297B777FC
:102BBC00002003A7070EB77700209387070E83C763
:102BCC0087003E8681451305F0030297B7770020F6
:102BDC0003A7070EB77700209387070E83C78700DC
:102BEC003E868145130500040297A30704FE31A01D
:102BFC008347F4FE8507A307F4FE0347F4FE8D47D5
:102C0C00E3F8E7FEA30704FE71A8B777002003A83A
:102C1C00070E0347F4FE93878198BA9783C7070082
:102C2C00860793F7F70F9387170413F7F70FB77708
:102C3C0000209387070F83D7870093F6F70FB7779A
:102C4C0000209387070E83C787003E86B6853A859A
:102C5C000298B777002003A8070E0347F4FE93876A
:102C6C008198BA9783C707009387170293F7F70FDA
:102C7C00860713F7F70FB77700209387070F83D7D3
:102C8C00A70093F6F70FB77700209387070E83C73B
:102C9C0087003E86B6853A8502988347F4FE850701
:102CAC00A307F4FE0347F4FE9947E3F0E7F6B77782
:102CBC00002003A7070EB77700209387070E83C762
:102CCC0087003E868945130590050297B77700204B
:102CDC0003A7070EB77700209387070E83C78700DB
:102CEC003E8685451305A0050297B777002003A7FC
:102CFC00070EB77700209387070E83C787003E86A1
:102D0C0081451305B0050297B777002003A7070E7E
:102D1C00B77700209387070E83C787003E86C1458F
:102D2C001305C0050297B777002003A7070EB777E6
:102D3C0000209387070E83C787003E8693054002C9
:102D4C001305D0050297B777002003A7070EB777B6
:102D5C0000209387070E83C787003E86AD45130579
:102D6C00B0070297B777002003A7070EB7770020AC
:102D7C009387070E83C787003E869305800C130547
:102D8C00D0070297B777002003A7070EB77700206C
:102D9C009387070E83C787003E869305200813058B
:102DAC00E0070297B777002003A7070EB77700203C
:102DBC009387070E83C787003E869305400B130548
:102DCC00F0070297B777002003A7070EB77700200C
:102DDC009387070E83C787003E869305C00B1305A8
:102DEC00E00502970100B25022544561828079714E
:102DFC0022D60018AA87232CB4FC3287231FF4FC9C
:102E0C00BA87A30EF4FC231604FEA30704FE89A0C4
:102E1C008357E4FD0347F4FE832684FD369703476E
:102E2C000700B3D7E74013F717008347F4FEB31737
:102E3C00F7001397070141878317C4FED98FC20788
:102E4C00C1872316F4FE8347F4FE8507A307F4FE1F
:102E5C000347F4FE8347D4FDE36CF7FA8357C4FEB3
:102E6C003E85325445618280797122D60018AA873A
:102E7C00231FF4FCBD47A307F4FE0357E4FD83476F
:102E8C00F4FEB357F740858B81C78347F4FE39A016
:102E9C008347F4FEFD17A307F4FEC5B73E853254F5
:102EAC0045618280797122D60018AA87231FF4FC11
:102EBC00A30704FE0DA00357E4FD8347F4FEB357AC
:102ECC00F740858B81C78347F4FE29A88347F4FE1E
:102EDC008507A307F4FE0347F4FEB947E3FDE7FCBF
:102EEC009307F00F3E85325445618280797122D66A
:102EFC000018AA872E87231FF4FCBA87231EF4FC24
:102F0C00BD47A307F4FE8347F4FE0547B317F7004C
:102F1C001397070141878317E4FDF98FC207C18717
:102F2C002316F4FE8347F4FE0547B317F7001397F7
:102F3C00070141878317C4FDF98FC207C187231589
:102F4C00F4FE0357C4FE8357A4FE631DF70083579A
:102F5C00C4FE99E78347F4FEFD17A307F4FE65B79B
:102F6C00814729A88357C4FE13F7F70F8357A4FE94
:102F7C0093F7F70FB307F74093F7F70F3E853254EB
:102F8C0045618280797122D60018AA872E87231F6B
:102F9C00F4FCBA87231EF4FCA30704FEADA88347F8
:102FAC00F4FE0547B317F700139707014187831702
:102FBC00E4FDF98FC207C1872316F4FE8347F4FEA4
:102FCC000547B317F7001397070141878317C4FD13
:102FDC00F98FC207C1872315F4FE0357C4FE83572C
:102FEC00A4FE631DF7008357C4FE99E78347F4FEE4
:102FFC008507A307F4FE05A0814725A08357C4FECF
:10300C0013F7F70F8357A4FE93F7F70FB307F740A7
:10301C0093F7F70F39A00347F4FEB947E3F1E7F84C
:10302C0081473E85325445618280011122CE0010C9
:10303C00A30704FE85A88347F4FE93861700034775
:10304C00F4FEB6878607B6978A07B7760020938674
:10305C000611BE96B777002013860711BA8786072C
:10306C00BA978A07B297D4C38346F4FE8347F4FE1B
:10307C0013871700B6878607B6978A07B77600209E
:10308C0093860611BE96B777002013860711BA8770
:10309C008607BA978A07B29794C78347F4FE8507C9
:1030AC00A307F4FE8347F4FED9D7B77700209387A4
:1030BC000711377700201307C71198C7B77700207F
:1030CC0093870711377700201307071198CBB77731
:1030DC000020377700201307071123A4E712010003
:1030EC00724405618280411122C6000801003244FD
:1030FC0041018280011106CE22CC00102326A4FEB1
:10310C002324B4FE2322C4FE4146832584FEB777D4
:10311C0000201385070EEF00C07E6946832544FE10
:10312C00B77700201385070FEF00A07DB77700203D
:10313C009387070F23980700B77700209387070F13
:10314C0023990700B77700209387070F239A07006E
:10315C00B77700209387070F239B0700B7770020D2
:10316C009387070F239C0700C9350325C4FEEFF096
:10317C004FF0953F0100F2406244056182800111DD
:10318C0022CE00102326A4FE8327C4FE377700200E
:10319C008346C7102380D7001307C71003471700B7
:1031AC00A380E7000100724405618280011122CEE8
:1031BC0000102326A4FE377700208327C4FE83C685
:1031CC0007002306D7101307C71083C71700A300E7
:1031DC00F7000100724405618280011122CE0010BB
:1031EC002326A4FEAE873287A305F4FEBA872314E8
:1031FC00F4FE8347B4FE8A070327C4FEBA979843AC
:10320C008347B4FE8A078326C4FEB697584398C3F7
:10321C008347B4FE8A070327C4FEBA979C4303571F
:10322C0084FE2390E7000100724405618280011145
:10323C0006CE22CC0010B77700209387070E03A888
:10324C004700B77700209387070E03C787009307C3
:10325C00E4FE89463A86BE85014502988357E4FE12
:10326C003E868145B777002013858712BD37010054
:10327C00F240624405618280797106D622D400182E
:10328C00AA87A30FF4FCB777002083A7871203D774
:10329C0007001D46938581983A85913EAA8723178E
:1032AC00F4FEB777002083A787129C4703D707004B
:1032BC001D46938581983A851D3EAA872316F4FEF8
:1032CC00B77700209387070EDC4783C707009D8BD9
:1032DC00A305F4FE8347F4FD858BFDC78357E4FEFD
:1032EC00F5C78357C4FEFDC30357E4FE8357C4FEE2
:1032FC0063F4E706B777002083A7C712858B99C7BD
:10330C00B7770020094723A6E712E1A0B777002082
:10331C0083A7C71213872700B777002023A6E712CD
:10332C00B777002003A7C712A1476314F70AB77732
:10333C00002023A60712B777002003D7C710136706
:10334C0027002396E710B777002003D7C710137711
:10335C00F7EF2396E710A5AB0357E4FE8357C4FEA3
:10336C006378F706B777002083A7C712858B99E798
:10337C00B7770020054723A6E712A1A8B77700204E
:10338C0083A7C71213872700B777002023A6E7125D
:10339C00B777002003A7C7129D47631BF702B777C7
:1033AC00002023A60712B777002003D7C710136796
:1033BC0017002396E710B777002003D7C7101377B1
:1033CC00F7F72396E71021A3010021A0010011A01B
:1033DC0001008347F4FD898B6388074EB777002083
:1033EC0003D7C7106D9B2396E710B777002003D740
:1033FC00C7105D9B2396E710B777002003D7C71043
:10340C003D9B2396E7108357E4FE858BB337F00082
:10341C0013F7F70F8357C4FE858BB337F00093F780
:10342C00F70FB98F93F7F70FC1C38357E4FE858B62
:10343C00ADE7B77700209387070F83D7270193E772
:10344C001700139707014183B77700209387070F65
:10345C002399E700B77700209387C71083C717001D
:10346C00898B93F7F70F95CBB777002003D7C7104D
:10347C001377F7DF2396E710B77700209387070EB3
:10348C00DC4703C70700B77700209387070EDC479C
:10349C00799B1377F70F2380E700B777002093878A
:1034AC00070F239A0700C5A8B77700209387070F4B
:1034BC0083D7470193960701C182416775176373E0
:1034CC00D700F557C207C1838507139707014183BE
:1034DC00B77700209387070F239AE7008357E4FE02
:1034EC00858BA1E3B77700209387070F03D747019C
:1034FC00B77700209387070F83D7C700636DF70852
:10350C00B77700209387070F83D72701F99B139771
:10351C0007014183B77700209387070F2399E700B2
:10352C009DA8B77700209387070F83D72701858B3A
:10353C00BDC3B77700209387070F83D72701F99B6B
:10354C00139707014183B77700209387070F2399BF
:10355C00E700B77700209387070EDC4703C7070007
:10356C00B77700209387070EDC4713671700137794
:10357C00F70F2380E700B777002003D7C710136736
:10358C0047002396E710B777002003D7C7101377AF
:10359C00F7DF2396E7108357E4FEA18BB337F000D7
:1035AC0013F7F70F8357C4FEA18BB337F00093F7D3
:1035BC00F70FB98F93F7F70FC1C38357E4FEA18BB5
:1035CC00ADE7B77700209387070F83D7270193E7E1
:1035DC002700139707014183B77700209387070FC4
:1035EC002399E700B77700209387C71083C717008C
:1035FC00918B93F7F70F95CBB777002003D7C710B4
:10360C001377F7BF2396E710B77700209387070E41
:10361C00DC4703C70700B77700209387070EDC470A
:10362C006D9B1377F70F2380E700B7770020938704
:10363C00070F239B0700C5A8B77700209387070FB8
:10364C0083D7670193960701C1824167751763732E
:10365C00D700F557C207C18385071397070141832C
:10366C00B77700209387070F239BE7008357E4FE6F
:10367C00A18BA1E3B77700209387070F03D76701CE
:10368C00B77700209387070F83D7C700636DF708C0
:10369C00B77700209387070F83D72701F59B1397E4
:1036AC0007014183B77700209387070F2399E70021
:1036BC009DA8B77700209387070F83D72701898BA5
:1036CC00BDC3B77700209387070F83D72701F59BDE
:1036DC00139707014183B77700209387070F23992E
:1036EC00E700B77700209387070EDC4703C7070076
:1036FC00B77700209387070EDC47136747001377D3
:10370C00F70F2380E700B777002003D7C7101367A4
:10371C0087002396E710B777002003D7C7101377DD
:10372C00F7BF2396E7108357E4FE93F70704B337EC
:10373C00F00013F7F70F8357C4FE93F70704B33762
:10374C00F00093F7F70FB98F93F7F70FD9C383579F
:10375C00E4FE93F70704BDE7B77700209387070FC4
:10376C0083D7270193E74700139707014183B77766
:10377C0000209387070F2399E700B77700209387E2
:10378C00C71083C71700A18B93F7F70F85CFB777B7
:10379C00002083D6C7107D771307F77F758F23968C
:1037AC00E710B77700209387070EDC4703C70700A5
:1037BC00B77700209387070EDC47759B1377F70FBD
:1037CC002380E700B77700209387070F239C07001F
:1037DC00FDA8B77700209387070F83D787019396AF
:1037EC000701C182416775176373D700F557C2078C
:1037FC00C1838507139707014183B777002093870F
:10380C00070F239CE7008357E4FE93F70704A1E31B
:10381C00B77700209387070F03D78701B77700206E
:10382C009387070F83D7C7006363F70AB777002026
:10383C009387070F83D72701ED9B139707014183CC
:10384C00B77700209387070F2399E70049A0B77734
:10385C0000209387070F83D72701918BA5CBB777D0
:10386C0000209387070F83D72701ED9B1397070140
:10387C004183B77700209387070F2399E700B77729
:10388C0000209387070EDC4703C70700B77700209B
:10389C009387070EDC47136727001377F70F2380F6
:1038AC00E700B777002003D7C710136707012396EB
:1038BC00E710B777002083D6C7107D771307F77F03
:1038CC00758F2396E71021A0010011A00100B77796
:1038DC0000209387070EDC4783C7070013F7770098
:1038EC008347B4FE630AF700B777002003D7C710ED
:1038FC00136707042396E7100100B2502254456168
:10390C0082802A8309CA83830500230073007D16F5
:10391C00050385056DFA828015C22A838546636787
:10392C00B500FD561307F6FF3A93BA95838305004D
:10393C00230073007D163693B6956DFA82802A8328
:10394C0011C62300B3007D16050365FE8280034675
:10395C00050083C60500050585056313D60065FAC9
:10396C003305D6408280B717004003C777051A0588
:10397C0092054D8D1377E70F13653500A38BE70484
:10398C001375F50FA38CA7048280B717004003C7EB
:10399C0077051377E70FA38BE704130700F8A38DC4
:1039AC00E7043D47238CE70413075003A38CE7047B
:1039BC008280B717004083C7E7040D8993F7C70FC0
:1039CC00C98F73270080218B938601D201CB73277B
:1039DC00008098C298425D9B731007800100010023
:1039EC0037170040130670052300C704130680FA2E
:1039FC002300C704010001002307F7042300070478
:103A0C00732700809C42A18BD98F7390078023A0D1
:103A1C0001D20100010082804111B7170040985F6C
:103A2C003AC6945F3247E39CE6FE32454101828000
:103A3C005971E2C486D6A2D4A6D2CAD0CECED2CCEC
:103A4C00D6CADAC8DEC6E6C2EAC06EDE2A8C02D658
:103A5C00EF007051F3270080A18B938D01D291CB95
:103A6C00F327008023A0FD0083A70D00DD9B73903E
:103A7C00078001000100B717004013077005238071
:103A8C00E704130780FA2380E7040100010003C751
:103A9C00F7021377770FA387E70203C7F7021367C1
:103AAC008700A387E702238007047327008083A77E
:103ABC000D00A18BD98F7390078023A001D2010038
:103ACC000100F3270080A18B91CBF327008023A06A
:103ADC00FD0083A70D00DD9B7390078001000100A2
:103AEC00B7170040130770052380E704130780FA0B
:103AFC002380E7040100010003C7E7021377C70F17
:103B0C002387E70203C7E702136717002387E7023F
:103B1C00238007047327008083A70D00A18BD98F06
:103B2C007390078023A001D201000100130780C10C
:103B3C003347E502116A93070AE8130B5002130688
:103B4C0060FB8544B39484018D848569938909FA5B
:103B5C00B3998901371D0040814A814B13097005C7
:103B6C00130480FA7D1AB347F502330B67033EC684
:103B7C00BD67938707A6334BFB023306C702B30618
:103B8C00604136CAB346F60237460F0013060624C8
:103B9C003345C5021306001036C8B384E40213077C
:103BAC00A0AAB389A902B384E402B3C9C902B3C4FD
:103BBC00F4029396390036CC93090D0473260080D9
:103BCC00218A11CA7326008023A0CD0003A60D0004
:103BDC005D9A731006800100010093077005238025
:103BEC00F900238089000100010003463D0513768E
:103BFC00860FA309CD0403463D0513661600A309E1
:103C0C00CD0423800900F325008003A60D00218A32
:103C1C004D8E7310068023A001D201000100916C1F
:103C2C0073260080218A11CA7326008023A0CD0040
:103C3C0003A60D005D9A7310068001000100930726
:103C4C0070052380F90023808900010001000346E0
:103C5C003D05E17713660602A309CD0403560D0555
:103C6C0033669601420641822318CD0403560D0596
:103C7C005D8E420641822318CD0423800900F32572
:103C8C00008003A60D00218A4D8E7310068023A0A0
:103C9C0001D20100010003463D0513760602630CB8
:103CAC00063603463D05218A6DDE6810EF00B02F05
:103CBC0073260080218A11CA7326008023A0CD00B0
:103CCC0003A60D005D9A731006800100010023808D
:103CDC002901238089000100010003463D05E1779D
:103CEC001376F60DA309CD0403463D0513660602B3
:103CFC00A309CD0403560D05336696014206418295
:103D0C002318CD0403560D055D8E420641822318FF
:103D1C00CD0423800900F325008003A60D00218A21
:103D2C004D8E7310068023A001D2010001000346C2
:103D3C003D0513760602630C063003463D05218AC9
:103D4C006DFED9392A8632CEC1397246E30DC5FED5
:103D5C0003560D05325533669601420641822318EF
:103D6C00CD04EF00102603463D05218A6DDE8355F8
:103D7C000D0503462D05B247B3F545013306460341
:103D8C00B2959D8D6355BB00D24763CEF52E094687
:103D9C00637D762F73260080218A11CA73260080DA
:103DAC0023A0CD0003A60D005D9A731006800100C0
:103DBC0001002380290123808900010001000346B2
:103DCC003D059375FC0F1376860FA309CD040346AE
:103DDC003D054D8EA309CD04238009007325008079
:103DEC0003A60D00218A498E7310068023A001D2F0
:103DFC000100010003463D051D8A631386317326BD
:103E0C000080218A11CA7326008023A0CD0003A64E
:103E1C000D005D9A731006800100010023802901BA
:103E2C00238089000100010003463D05916513764E
:103E3C00F60DA309CD0403463D0513660602A3093E
:103E4C00CD0403560D054D8E2318CD0403560D05D8
:103E5C00A1654D8E2318CD0423800900F325008025
:103E6C0003A60D00218A4D8E7310068023A001D26B
:103E7C000100010003463D0513760602630A062A7B
:103E8C0003463D05218A6DDE6810EF00D0117326C4
:103E9C000080218A11CA7326008023A0CD0003A6BE
:103EAC000D005D9A7310068001000100238029012A
:103EBC00238089000100010003463D0591651376BE
:103ECC00F60DA309CD0403463D0513660602A309AE
:103EDC00CD0403560D054D8E2318CD0403560D0548
:103EEC00A1654D8E2318CD0423800900F325008095
:103EFC0003A60D00218A4D8E7310068023A001D2DB
:103F0C000100010003463D0513760602630E0624EC
:103F1C0003463D05218A6DFE0136AA8CF53CE30F64
:103F2C0095FF03560D05916532554D8E2318CD0422
:103F3C00EF00300903463D05218A6DDE73260080B3
:103F4C00218A938501D201CA7326008090C19041C9
:103F5C005D9A7310068001000100238029012380E3
:103F6C0089000100010003463D051376F60DA309F7
:103F7C00CD0423800900732500809041218A498E4D
:103F8C007310068023A001D20100010003560D0519
:103F9C0003452D05E24733764601330545032A9642
:103FAC001D8E1305800C635DC01E3306A6023346BE
:103FBC009602050609453346A602635FC0240355E5
:103FCC00CD021308F00F15813295635DA8300946B8
:103FDC00637E561DF3270080A18B81CBF3270080D5
:103FEC009CC19C41DD9B7390078001000100B717B9
:103FFC000040130770052380E704130780FA238021
:10400C00E7040100010003D7C70289668116558FAA
:10401C004207418389AC73260080218A11CA73261A
:10402C00008023A0CD0003A60D005D9A73100680BE
:10403C000100010023802901238089000100010077
:10404C0003463D0513660602A309CD043DB1732654
:10405C000080218A11CA7326008023A0CD0003A6FC
:10406C000D005D9A73100680010001002380290168
:10407C00238089000100010003463D0513660602FA
:10408C00A309CD0479B1E3970BD0C247850B1396E6
:10409C0015003346F60293FBFB0F6351B006050681
:1040AC0089453346B602F3250080A18991C9F325D1
:1040BC00008023A0BD0083A50D00DD9973900580C1
:1040CC0001000100238029012380890001000100E7
:1040DC008355CD022E96420641822316CD022380B3
:1040EC000900F325008003A60D00218A4D8E731064
:1040FC00068023A001D2010001001DB67D164DB72C
:10410C0073260080218A11CA7326008023A0CD005B
:10411C0003A60D005D9A7310068001000100238038
:10412C002901238089000100010003463D0555B19A
:10413C0073260080218A11CA7326008023A0CD002B
:10414C0003A60D005D9A7310068001000100238008
:10415C002901238089000100010003463D051366F7
:10416C000602A309CD04CDB973260080218A11CA99
:10417C007326008023A0CD0003A60D005D9A73105A
:10418C0006800100010023802901238089000100A1
:10419C00010003463D0513660602A309CD04A9B32D
:1041AC003306A602334696027D1629B57326008087
:1041BC00218A01CA7326008090C190415D9A7310C8
:1041CC00068001000100371500401306700523001E
:1041DC00C504130680FA2300C50401000100035630
:1041EC00C502056801181376F60F33660601420600
:1041FC0041822316C50223000504732500809041DB
:10420C00218A498E7310068023A001D2010001007F
:10421C00850A93FAFA0F5DB271C60355CD023308C5
:10422C00C04015816350050D0946637C5607F32782
:10423C000080A18B81CBF32700809CC19C41DD9B2E
:10424C007390078001000100B71700401307700539
:10425C002380E704130780FA2380E70401000100A0
:10426C0003D7C7027D8B2396E702238007047327AD
:10427C0000809C41A18BD98F7390078023A001D221
:10428C0001000100B650265496540659F649664A68
:10429C00D64A464BB64B264C964C064DF25D6561A4
:1042AC00828073260080218A01CA7326008090C107
:1042BC0090415D9A73100680010001002380290152
:1042CC0023808900010001000356CD02056501150C
:1042DC001376F60F498E420641822316CD022380B7
:1042EC00090021BFF3270080A18B81CBF32700802D
:1042FC009CC19C41DD9B7390078001000100B717A6
:10430C000040130770052380E704130780FA23800D
:10431C00E7040100010003D7C70216063297CDB996
:10432C00914763EAB708970703009387A7DE8A05CE
:10433C00BE9598413E97B71700409387470B02876D
:10434C0094431345F5FF37170040E98E94C3930649
:10435C00070B9C42E98F9CC29307070A9843798DFF
:10436C0088C3828090439346F5FF37170040758EC3
:10437C0090C31306070B1C42C98F1CC29307070A74
:10438C009843F98E94C38280944337170040C98EAA
:10439C0094C39306070B9C421345F5FF65BF9443EA
:1043AC001347F5FF758F98C3B71700409387070A1B
:1043BC009843498F98C382809843498FEDB79147B2
:1043CC0063EAB70897070300938707D68A05BE955B
:1043DC0098413E97B71700409387470D0287944347
:1043EC001345F5FF37170040E98E94C39306070D6C
:1043FC009C42E98F9CC29307070C9843798D88C324
:10440C00828090439346F5FF37170040758E90C31A
:10441C001306070D1C42C98F1CC29307070C984347
:10442C00F98E94C38280944337170040C98E94C38D
:10443C009306070D9C421345F5FF65BF9443134744
:10444C00F5FF758F98C3B71700409387070C9843F7
:10445C00498F98C382809843498FEDB71317050194
:10446C0089474183638BF50463E2B7021346F7FF78
:10447C009DE9B717004083D64709F18E239AD708D8
:10448C009387C70A9443C98E94C321A08D47638C2C
:10449C00F502B7170040239EE70883D60709558F0E
:1044AC002398E7088280B717004083D64709F18E1E
:1044BC00239AD7089387870AF1B7B717004083D69A
:1044CC004709D98E65BFB717004083D64709D98EE7
:1044DC00C5B7375700408357078011C593E71700BE
:1044EC002310F7808280C207C183F99BC207C18366
:1044FC00C5BF375700408357078011C593E7071096
:10450C002310F7808280C207C18393F7F7EFC207AD
:10451C00C183FDB7375700408357078011C593E718
:10452C0007202310F7808280C207C18393F7F7DF3F
:10453C00C207C183FDB7375700408357078011C5A9
:10454C0093E707402310F7808280C207C18393F75B
:10455C00F7BFC207C183FDB7B75700402398A780A8
:10456C008280B757004003D507811375F50F828001
:10457C009377E50F99C193671500375700402318BF
:10458C00F7808280375700408357078011C5A1669A
:10459C00D58F2310F7808280C607C583DDBF01113C
:1045AC0026CAB754004052C43E8A83D704804EC6F4
:1045BC00BA892167D98F06CE22CC4AC856C25AC0B6
:1045CC002390F4802A8901452E84328BB68A5D3F74
:1045DC00592A37480F00130808243358050383D78A
:1045EC004480C207C18393F707FCC207C18323929F
:1045FC00F48083D74480B3E70701C207C1832392B9
:10460C00F48083D70480C207C183F99BC207C1839E
:10461C002390F480E1679387076A63E4870A0604B2
:10462C003354850285671387C7FF114642044180C6
:10463C00618F01C7FD173376F40005089307F0036B
:10464C0063F407011308F0034208B75700401358EE
:10465C00080123900783B7550040239EC58083D75C
:10466C000580F240624493E717002390F58083D7CE
:10467C000580D244024BC207C18393F757BFC207D0
:10468C00C1832390F58003D50580336555013365CF
:10469C002501420541812390A58083D785802394F1
:1046AC00058083D685804249924AB3E7460133E7B9
:1046BC003701420741832394E580B249224A0561C0
:1046CC008280631A0B028D45B305B402B355B50253
:1046DC00D205D1812E8691E1054642064182A16721
:1046EC005D8E9307C0123308F8029307803E33584F
:1046FC00F802050891BFE5473304F402916733567D
:10470C008502520651825D8ED9BFB757004003D740
:10471C00478183D78781C207D98FE98FA207A183ED
:10472C003385A740133515008280411102C4B75759
:10473C00004002C6938707803EC69357C5013EC40E
:10474C00224722059357850019CB324751073AC6A9
:10475C003247084341017D8D3335A00082803247BA
:10476C00C1836107EDB7B717004003D787009317D4
:10477C00070113770704C18309EBFD8B3755E8015B
:10478C00130505803345F502828013F7070C930659
:10479C0000046316D700FD8B37459C1CD5B72165EB
:1047AC00130505D0828037E700E01C435443A183F6
:1047BC00E206D58F1CC1FD572320F7182322F718CA
:1047CC00828013178500B7E700E023A0E710618112
:1047DC0023A2A7108280B7F700E08847CC478280DD
:1047EC0017E7FE1F1307C75EAA8708439736FF1FFC
:1047FC009386C6DBAA9763EAD7009736FF1F93868A
:10480C00665F63E4F6001CC382807D558280B72707
:10481C00004001E5A38007408280239CB740239E83
:10482C00C740154791E20547A380E74082800111FC
:10483C0006CE22CC83A701D391C3829703A441D97E
:10484C001315040183A7C1D2418181C72AC682975F
:10485C00324583D781806374F50403D7A1806373D9
:10486C00A70483A681D289C66244F2400561828680
:10487C001315040185074181998F198D65473305FF
:10488C00E502C207C18389831387F7FF3A95334545
:10489C00F5021375F50FF240624405618280130531
:1048AC004006D5BF0145C5BF2D452DEBDC4141115F
:1048BC0022C426C206C603C7070083C71700B684E6
:1048CC003284A207D98F0D67930697A16398D702FC
:1048DC00B93F9387618003C707006374E5002380A9
:1048EC00A70083C7070005472390E4002300F400CA
:1048FC000145B240224492444101828013078790C3
:10490C002945E398E7FECC4589472390F4000946F6
:10491C00228597C0FE1FE780C060D9BF8280DC4132
:10492C00411122C406C626C203C8070083C717005C
:10493C002944A207B3E707010D6813082890639672
:10494C0007038547B284EF2041652A8419ED03A73C
:10495C0041D301CF83C7140083C60400A207D58FAF
:10496C0093B71700138517000297B2402285224493
:10497C0092444101828083474500858BBDC3011160
:10498C0022CC2A84035525009385C1F206CEEF2054
:10499C00815B058939C103552400014781460546D1
:1049AC00ED45EF20A1142AC60DC997E7FE1F83D74A
:1049BC0087E42314F10085472315F10083C7618038
:1049CC002300F5000355240001462C00EF30813400
:1049DC0009C5ED452800EF202129F240624405610C
:1049EC0082808280416541119385C1F27D1506C696
:1049FC00EF408123B24097E6FE1F938666DC41466A
:104A0C00954517E5FE1F130565DC41016F40E11666
:104A1C0023AAA1D2828085476316F502834706003C
:104A2C002382F1D203C761806370F702411117052D
:104A3C000000130585F406C6EF60E15BB24001454A
:104A4C004101828009458280014582808947630348
:104A5C00F50263E9A70001ED83C761802380F500AF
:104A6C00014582808D47630EF5000945828083C71E
:104A7C0041D2EDB797E7FE1F83D7E7D52390F5001A
:104A8C00C5B797E7FE1F83D7E7342392F50097E766
:104A9C00FE1F9387A7D303D7A70283D7A70323901F
:104AAC00E5002391F50085472383F50055BF41119F
:104ABC0006C6B53B9387618003C70700637AE500A0
:104ACC002380A70017050000130525EBEF60A1520A
:104ADC00B240014541018280C167F917630CF502B0
:104AEC00411122C406C685472A84639AF5002285A3
:104AFC002244B2409385C1F241016F40E1128947D3
:104B0C006396F5008545EF60814975D1B24022442A
:104B1C004101828082803285D041411106C6834595
:104B2C001600034806000D66A205B3E505011398AF
:104B3C000501135808419308A6A263C8080313067D
:104B4C0026A26358060375761306C65DB295C20598
:104B5C00C18119466363B60217F802001308085E98
:104B6C008A05C295904142960286130606A5630DEE
:104B7C00C81023900600A94525A01D469D456361DC
:104B8C00E6022146198E63F3C7003E862390C600C9
:104B9C00938581D3BA9597C0FE1FE78080388145F5
:104BAC00B2402E85410182802D469D45E36AE6FE8A
:104BBC003146198E63F3C7003E862390C60097F5E5
:104BCC00020093856560F9B731469D45E36AE6FCC2
:104BDC003546198E63F3C7003E862390C60097F5C1
:104BEC0002009385655D7DB741469D45E36AE6FA13
:104BFC004546198E63F3C7003E862390C60097F591
:104C0C0002009385255A79B741469D45E36AE6F83B
:104C1C004546198E63F3C7003E862390C60097F570
:104C2C0002009385E556BDB741469D45E36AE6F61D
:104C3C004546198E63F3C7003E862390C60097F550
:104C4C0002009385A553B9B741469D45E36AE6F446
:104C5C004546198E63F3C7003E862390C60097F530
:104C6C000200938565503DB735469D45E36AE6F2F3
:104C7C003946198E63F3C7003E862390C60097F51C
:104C8C0002009385654D39B719469D45E36AE6F0F8
:104C9C003386E54063F3C7003E862390C6009385B8
:104CAC00C180CDBD97E6FE1F938646B74146CD45E4
:104CBC0017E5FE1F130545B76F30316C828082807B
:104CCC002A8783C781D403A5C1D483C6718399E392
:104CDC0001458280035605006316E6000346650015
:104CEC00E309D6FEFD1793F7F70F2105CDB7011198
:104CFC00930500030D4506CEEFE0306F93050005DC
:104D0C001145EFE0906E9305C0030545EFE0F06DA3
:104D1C0085471306F100854513055030A307F100B4
:104D2C00EF80D278F240056182808547631AF500E6
:104D3C001166130686A9894503C5C1D56FC0103C01
:104D4C0089476317F500894503C5C1D56FC0305C31
:104D5C00828085476390F50219EA138701DE238A66
:104D6C00B1D48347070093E727002300F70023887B
:104D7C00C1D4828009476391E50221E2238AF1D4F0
:104D8C00138701DE8347070003D521D593E727005E
:104D9C002300F7006F0050078D476390F502411117
:104DAC0017F502001305454306C6EF809049B24043
:104DBC001305007D41016F80B0628280011122CC0D
:104DCC0006CE83A741D42E8499C79C4789C76244D9
:104DDC00F240056182876C0013057040EF70024F42
:104DEC00324622858145EF70D210F2406244056153
:104DFC00828041119397050122C406C6C1872E8477
:104E0C0063DF070003C5C1D5EFC0005419C1EFC063
:104E1C00804C2165218DB24022444101828093F760
:104E2C00150085C317E6FE1F1306C6B397E5FE1FD4
:104E3C00938585B203C5C1D5EF80D23513451400D7
:104E4C00D9BF13F5250061D99D311166130686A9CA
:104E5C00894503C5C1D5EFC0702A1345240065BF31
:104E6C00797122D44AD052CC06D626D24ECE56CA0E
:104E7C0091472A842E89138A81D56314F50483D72C
:104E8C00A5001306E1008545130550302399F1D494
:104E9C0023070100238A01D4EF80526183A741D4F8
:104EAC0091C7DC4781C7CA852285829723208A0057
:104EBC00B250225492540259F249624AD24A456184
:104ECC00828003270A00E31BF7FC938421D503D5CA
:104EDC0004008545113103D504008545EF00407869
:104EEC0083DA0400C167F917639BFA0285449305C2
:104EFC00E10013055041238A01D4A38B918223072F
:104F0C000100EF70A23C8347E100A1E303C701D588
:104F1C009147E315F7F8E13B238801D441B783A906
:104F2C00C1D483C481D4F9D003D5290011C9930508
:104F3C00E100EF20A16609C54C455685EF30D14EF6
:104F4C00FD1493F4F40FA109F9BF83A701D483C70F
:104F5C004700898BC5DF9305000A0D45EFE0F0484B
:104F6C009305000A1145EFE0504881450545EFE0F7
:104F7C00D0471306E10085451305503023079100F7
:104F8C00EF80D25261B70111170500001305A5E699
:104F9C0006CE22CCEFC0705F1384C1D585471306B3
:104FAC00F10085452300A40013054041A307F1003F
:104FBC00EF70B21B7D55EF10A17B7D55EF30B143E7
:104FCC00D5310D34092D17050000130545D689344C
:104FDC00170500001305E5CE2D250345040062449A
:104FEC00F240854505616FC0207F23A2B1D423A078
:104FFC00A1D4828023A6B1D42384A1D482807971D8
:10500C0006D622D426D24AD04ECE52CC83A781D5F6
:10501C0011476398E70A83C741D599EB4144B250D5
:10502C002285225492540259F249624A4561828087
:10503C00B284368903A4C1D483C781D403C77183D6
:10504C0085C7834644006393A60283465400639F3E
:10505C00B60083466400639BE60003552400930569
:10506C006100EF20A15301E9554455BFFD1793F79B
:10507C00F70F2104F1B7938921D503D50900014716
:10508C0081462686ED45035A0400EF1031262AC6C8
:10509C004D4451D52686CA85231441012315910010
:1050AC0097C0FE1FE780E0E703D5090001462C00FE
:1050BC00EF2051462A8425D5ED452800EF10D13A32
:1050CC00B9BF0947E38CE7F42C00130550412304C6
:1050DC000100EF70A21F834781008DCB9305000266
:1050EC000D45EFE09030930500031145EFE0F02FF4
:1050FC0095450545EFE0702F854730008545130534
:10510C0050302304F100EF80723A09BFCD3639B725
:10511C0041114AC03689D44126C206C622C403C4F2
:10512C001600B28403C6060022040D68518C01CF10
:10513C001308B8A42D4563080407B24022449244D6
:10514C000249410182809306D8A46300D4029306DD
:10515C0028A2630CD400F5789388E85CA298C20866
:10516C0093D80801854663EC160303D5A500893E48
:10517C001DC183A741D42286224403A8070083457E
:10518C005500B24003454500A6874A879244024920
:10519C0085464101028823100900014579BF130699
:1051AC00B8A46319C40203D801841D45E37707F939
:1051BC003308E84063D307013E88CC451316080139
:1051CC00231009014182BA95268597C0FE1FE780FE
:1051DC0040D5E1B79307A8A46318F40091472310B6
:1051EC00F9001146CC45CDB7930788906317F400AE
:1051FC0089472310F9000946F5B79307E8A4631A09
:10520C00F400DC452310D90083C707002380F40089
:10521C0069B713087890E31204F9D9BF011106CECF
:10522C0022CC26CA4AC82317D10063130712DC41CB
:10523C002E89B28403C4170083C607008D6722042D
:10524C00558C9386D7A46306D400938627A3631C3E
:10525C00D4020355A900AD3401E90145F240624482
:10526C00D24442490561828083A741D403A8070038
:10527C008345550003454500A6871307E100814689
:10528C0022860298E1BF9386C7A46314D402035705
:10529C00E10085473545E313F7FC8347060013050A
:1052AC000008E36DF7FA03A741D458433E850297F3
:1052BC006DB7938627906313D4068356E100854718
:1052CC00EF10B14D41FD03C6140083C70400835693
:1052DC00A90022065D8E03A7C1D483C781D4B5DF94
:1052EC00835527006397D50283A741D403A80700F1
:1052FC00854703454700834557008D466313F600E9
:10530C0089460D66A6871307E100130626900298BE
:10531C00A9B7FD1793F7F70F2107D1B79387E7A428
:10532C00E31DF4F20357E10085473545E318F7F226
:10533C008347060013050008E362F7F2D8453335BE
:10534C00F00009052300F70003A741D4584385B7A3
:10535C002D4529B7411122C441641305F4FF9385EF
:10536C00C1F706C626C24AC0EF30110C1305F4FF74
:10537C009385C1F6EF30510B1305F4FF9385C1F5FE
:10538C00EF30910A1305F4FF9385C1F4EF30D10986
:10539C001305F4FF9385C1F3EF30110997D6FE1F67
:1053AC009386065D41469305600217D5FE1F1305D3
:1053BC00E55C97D4FE1F9384645CEF30017CCC4C8D
:1053CC002A890945EFF08FE81384C1F803D70183CC
:1053DC002316E40003D7A41083D741832312F400CF
:1053EC002314E40003D7A41183D7A40C2315E400E1
:1053FC0003D7C182231AE40003D7A4142310F400AA
:10540C0083D7A40D2318E40003D7A4152311F400AB
:10541C0085472319E40013878182834507000346DF
:10542C00170003D7A4182303F4002307F400231C4C
:10543C00E40003D7A419230BF400230FF400231D5D
:10544C00E4001387418283460700230EB400A30EA9
:10545C00C4002302D40203471700A306C40203D6D8
:10546C00A41FA302E402A30AE40203D7A42203D5D7
:10547C00A41C2314C4022318E40203D7C18103D64D
:10548C00A420231EE40203D7A4242310A402230681
:10549C00B4020D459385C1FC2303F4022315C40209
:1054AC00230AD402231CE402230FF4022311040266
:1054BC002307040223190402230B0402231D0402F4
:1054CC00EFF0CFD8A28525453536B2402244924420
:1054DC004A850249410182808D67138527A36300A9
:1054EC00A6049387D7A4631DF6008947639CF50037
:1054FC00854735456397F600834707002380F1D62F
:10550C00014582808D472945E39DF5FE854735454C
:10551C00E399F6FE83470700A38EF1D4D5B78547F0
:10552C003545E390F6FE83470700238FF1D4C9BFBE
:10553C008D67138527A36309A6029387D7A401451A
:10554C00631AF6008947639BF50083C701D62300D5
:10555C00F70005452390A600014582808D47E39B0B
:10556C00F5FE83C7D1D5E5B783C7E1D5CDB70145E6
:10557C00828039EFDC41AE8803C8070083C717006F
:10558C00A207B3E707010D68930EF8A4639AD7033B
:10559C0091473548639FF60203A5C8003283411139
:1055AC0011469A8506C697C0FE1FE7808097054571
:1055BC0083A701D78297B24001484285410182807E
:1055CC009308289029486396170185476F10F11CA2
:1055DC002D484285828041654111938541FD7D15A1
:1055EC0006C6EF306164B24097D6FE1F9386065F05
:1055FC004146994517D5FE1F1305055F41016F30D4
:10560C00C15723A8A1D682800111938541FD22CCDC
:10561C0006CE2A84EF10311305891DCD0147814632
:10562C000546ED452285EF10614C2AC615C597D766
:10563C00FE1F83D707612314F10085472315F10062
:10564C002300050001462C002285EF20A16C09C522
:10565C00ED452800EF104161F24062440561828003
:10566C00C167F917630CF502411122C406C68547C0
:10567C002A84639AF50022852244B240938541FD29
:10568C0041016F30615A89476396F5008545EF50AB
:10569C00111175D1B24022444101828082800145B2
:1056AC008280014582804111B286A6052A862D454D
:1056BC0006C697B0FE1FE7802050B240014541015D
:1056CC0082809307900363EDB702011122CCB2865E
:1056DC002A84A60532C62545014606CE2EC497B0AF
:1056EC00FE1FE780604DB246A2452286294597B041
:1056FC00FE1FE780604CF2406244014505618280E8
:10570C00014582808947630EF50063E7A700930784
:10571C00A00311ED014582808D476309F500114509
:10572C008280930700202390F500EDB785479CC13C
:10573C00D5B709E9411106C69D37B2401375F50F6F
:10574C00410182800545828009E9411106C6913FDD
:10575C00B2401375F50F4101828005458280AA87FE
:10576C002E85B28581E71396960035BF1145828050
:10577C00AA872E85B28581E71396960099B71145B5
:10578C008280AA872E85B28591E3ADBF11458280B8
:10579C0001458280034715008347050022075D8F72
:1057AC008347250003453500C207D98F62055D8DFF
:1057BC00828093D785002300B500A300F50093D712
:1057CC000501E1812301F500A301B50082802A9631
:1057DC000505A30FB5FEE31DC5FE82801C4DF91512
:1057EC00F91763FAF5008357A5005855B387B7022C
:1057FC003385E700828001458280AA879306B50035
:10580C00014503C60700135715001E05498F850770
:10581C0032971375F70FE396D7FE82801C41AA8648
:10582C0085C73E877D459305A00303060700050742
:10583C001378F60F63710503E319B6FE8385070031
:10584C00130600036384C5007D55828089077D554E
:10585C00E31DF7FE98C201458280411126C206C69F
:10586C0022C4AE8409E925458147B24022449CC03C
:10587C009244410182801C412A84F5D703C707005A
:10588C007DD38356450003D76700E39EE6FC03C532
:10589C0017004535058961F91C40C1BF83473500A8
:1058AC00A9CB011122CC06CE9305450310592A84AD
:1058BC000345150085462EC6653D854715E51058F0
:1058CC005C50584CA3010400B307F64063FDE7009D
:1058DC00834624008947B2456397F60003451400BC
:1058EC0085463A9671358147F24062443E850561A2
:1058FC00828081473E85828081473387F5008346CD
:10590C0007003307F50085072300D700E317F6FEE1
:10591C00828093170601C183A183A38DF500238D8B
:10592C00C500034705008D476318F7004182238AA1
:10593C00C5002182A38AC50082801C59638AB702E4
:10594C00411122C426C206C62A84AE84813F01EDD1
:10595C00034514008546268693054403093519C171
:10596C000545FD5404D8B240224492444101828042
:10597C0001458280411122C406C6FD57A3010500D2
:10598C001CD92A845D3F7DE90347342383472423B4
:10599C009306B00E22075D8F834744036388D700BC
:1059AC00E10793F7F70F854663E3F60CAD67938732
:1059BC0057A56302F702834704048346F403A20746
:1059CC00D58F9386F7FFFD8E89E6930600206383BF
:1059DC00D7060D45A1A8930664089305E40817F6AD
:1059EC0002001306268C83C70600034806008506B2
:1059FC000506B3870741638AD502F5D783470404AC
:105A0C008346F403A207D58F9386F7FFFD8E81EEB4
:105A1C00930600206399D7008346140489C69387A4
:105A2C00F6FFF58F99CF094511A0E9FBB24022444E
:105A3C004101828083461404C9DE9387F6FFF58FFB
:105A4C00C9FB834744048546FD1793F7F70F63E0C2
:105A5C00F6028347640483465404A207D58F81CB96
:105A6C008347B4048346A404A207D58FE1F3AD6742
:105A7C00938757A50D45E308F7FA4DBF11457DB740
:105A8C00854663F4B612184D011122CC4AC806CED5
:105A9C0026CA4EC652C456C22A892E84894763F937
:105AAC00E50803470500B2846305F70A8D476306D2
:105ABC00F70C8947631ED7065C5193D91500AE9934
:105ACC0093D59900BE95953DAA873DE1130A4903EC
:105ADC00938A1900058893F9F91FD29993F7F40F5B
:105AEC0001CC83C70900856613974400C116BD8B92
:105AFC00758FD98F93F7F70F2380F9008547A30192
:105B0C00F9008327490293D59A004A85BE9535350D
:105B1C00AA8719ED93FAFA1F569A0DC493D744002D
:105B2C0093F7F70F2300FA008547A301F90081478B
:105B3C00F2406244D2444249B249224A924A3E85DA
:105B4C000561828083470A00A180BD88C19BC58FF7
:105B5C00D1BF5C51A181BE95CD33AA8771F90604E2
:105B6C00930749031374E41FA29723809700C20480
:105B7C00C180A180A380970045BF5C519D81BE95DB
:105B8C006D3BAA8755F50A04930749031374C41F88
:105B9C003E9422850131B70700F09204B375F500ED
:105BAC009180C58D2285313141B789473E858280F0
:105BBC00797126D206D622D44AD04ECEAA842EC6CD
:105BCC00F13921E9B2452A842685093993894403A0
:105BDC002A8988D81306002081454E85CD3E83D76F
:105BEC00A400636EF40003D5A400018D3335A0002E
:105BFC00B250225492540259F2494561828003C535
:105C0C001400854633068900CE859D3669FD050452
:105C1C00F9B70545F1BF411122C406C626C22A8434
:105C2C00B53959E9034704008D476310F70803475A
:105C3C0044008547631BF7069304440313060020B6
:105C4C00814526856936930750052309F42293076D
:105C5C00A0FA4C48A309F42293072005130710045B
:105C6C0093062007230AF402A30AF40293071006F2
:105C7C00230BF402A30BE402230CD420A30CD4209A
:105C8C00230DE420A30DF4201305C4211D360C486C
:105C9C0013050422393E10500345140085460506B1
:105CAC0010D8A685F13423020400034514000146E4
:105CBC008145C13C3335A000B2402244924441019D
:105CCC00828079714AD04ECE06D622D426D252CCBE
:105CDC0056CA23A00500AE8932898936634F052A3E
:105CEC0013172500938781D7BA978043AA8431452F
:105CFC0005C423A08900834704001379E90F85CBE1
:105D0C0003451400EFF0FFA2937715008DE36304B5
:105D1C000900118919E90145B250225492540259D3
:105D2C00F249624AD24A456182802945F5B713F59A
:105D3C00F40F23000400A300A400EFF0FFA01377DE
:105D4C001500AA870D4569FB63040900918BF1FFCF
:105D5C0081452285053189476313F5048A8413092B
:105D6C00A41F130AA423A6894A85EFF0BFA223A07F
:105D7C00A90041099109E31949FF138904018549D7
:105D8C008C400D4589C52285F53663F2A902910434
:105D9C00E31899FE9147631AF5000545B5BF914785
:105DAC00E30DF5FE854763F4A7003545B5B783478A
:105DBC0004040347F403032A0403A207D98F13072F
:105DCC000020E394E7FE8349B4048347A404A209AA
:105DDC00B3E9F9006397090013058405EFF09F9B65
:105DEC00AA8983444404232E340105479387F4FF86
:105DFC002301940093F7F70FE369F7FA834A14042D
:105E0C0023155401E3830AFA9387FAFFB3F757017A
:105E1C00C9FF034964048347540422093369F90018
:105E2C00231424019377F900C9F3834784040347AF
:105E3C007404A20733E5E70009E513054405EFF008
:105E4C007F958347340403472404A207D98FB1DF1D
:105E5C0033863403135749003E97B306C700E366F5
:105E6C00D5F43307D540B3555703E36057F53707DF
:105E7C0000105517E36BB7F23307DA00C166D5167D
:105E8C0093842500D29763ECB6028566D51604CCB4
:105E9C00232044035CD058D463EDB600E30709F02B
:105EAC000D47B29705493387E40285880583BA9478
:105EBC002DA8E30C09EEB297860409493DA05CD0ED
:105ECC008347F40558D40347E405A20704CCD98FC3
:105EDC00232044033369F900E31909EC1305040684
:105EEC00EFF05F8BAA878A040D499384F41F1CD4AE
:105EFC00A580E3EC99EAFD575CC81CC8930700F831
:105F0C002302F4008D47631CF906834754060347AC
:105F1C004406A207D98F05476393E70693051A0039
:105F2C002285EFF09FA121ED8347342303472423DF
:105F3C0023020400A207D98F2D67130757A563907E
:105F4C00E70413054403EFF0FF84B75761419387CF
:105F5C0027256316F50213058421EFF0BF83B7776D
:105F6C00416193872727631CF5001305C421EFF0CB
:105F7C007F8248C813050422EFF0DF8108C813871D
:105F8C0041D783570700230024018507C207C1832B
:105F9C002310F7002313F400BDBB2D45B5BB83C7FD
:105FAC00B50183C6A5012A87A20733E5D7008D4723
:105FBC00631AF70083C7550103C74501A207D98FA0
:105FCC00C2075D8D8280854763FAB70C184D0111AD
:105FDC0022CC26CA06CE4AC84EC6AA842E8463F7A3
:105FEC00E5020347050089466308D7068D4663061C
:105FFC00D708631DF70013D915005C512E999355E2
:10600C009900BE95EFF07F9311C9FD57F2406244A1
:10601C00D2444249B2493E8505618280DC509309E5
:10602C00190093D599001379F91F2699BE952685E9
:10603C0003494903EFF07F9069F993F9F91FA69989
:10604C0083C749030588A207B3E7270119C09183C9
:10605C0075BFD207D1835DBF5C51A181BE95EFF0B6
:10606C00DF8D45F506041374E41F2694834754030F
:10607C0003474403A207D98F51BF5C519D81BE9544
:10608C00EFF0BF8B59F10A04138544031374C41F3A
:10609C002295EFF02FF09317450055BF85473E85AD
:1060AC008280797122D426D206D64AD04ECE52CCDA
:1060BC00854704412E8463FBB7069C4C63F8F506B8
:1060CC002A89B28509EE85497D5A03250900A285E6
:1060DC0022C6D53DB2452A8405E1014531A07D5645
:1060EC002685EFF0FF9965D1B25022549254025993
:1060FC00F249624A45618280630A3503630A4503AB
:10610C0001462685EFF0DF9765F1984CDC48930645
:10611C00E7FF63FAD7008507DCC883C7440093E721
:10612C0017002382F400E362E4FA45BF09456DBF12
:10613C0005455DBF011126CA4EC652C406CE22CCFF
:10614C004AC856C25AC004412A8AAE89B1ED03A985
:10615C000401DC4863020902984C637FE90099EF63
:10616C000144F24022856244D2444249B249224A57
:10617C00924A024B056182800549FDD34A84854AC7
:10618C007D5B9C4C05046365F400E30B59FD0944ED
:10619C0003250A00A285053D35C1630D5501630D2C
:1061AC006509E31024FF6DBF2685313D85472A84A0
:1061BC0063E4A700054475B7FD57630FF5069C4CC7
:1061CC00E361F5FAD84849DF138419006363F400DE
:1061DC00094403250A00A285FD338547E30CF5FC31
:1061EC007D57630BE50411C903A9040163F527016D
:1061FC009C4CE365F9F84E8951B775DC7D56A28548
:10620C002685EFF0FF8715E5639F0900984CDC4865
:10621C0080C879176374F70283C7440093E71700AB
:10622C002382F4003DBF2286CE852685EFF05F8564
:10623C0071DD8547E310F5F87D5425B7FD17DCC8F3
:10624C00E1BF79714AD00329050122D426D252CC60
:10625C0006D64ECE56CA13090902B70720000441D0
:10626C002A842E8A6364F900232C05001C4C8DC3F0
:10627C009379F91F639709084C4885071CCC9DE15D
:10628C0003D784009357590063EDE706232C0400D1
:10629C001145B250225492540259F249624AD24AE0
:1062AC004561828083D7A40013579900FD17F98F9D
:1062BC00A9EB2685093B854AAA8563E4AA00094512
:1062CC00C9BFFD576314F5000545E1B79C4C6365E8
:1062DC00F502E30D0AFA4C482285A93DAA851D4515
:1062EC00CDD9E38E55FDFD57E380F5FE26852EC6F0
:1062FC00EFF01F8CB24569F94CC82685EFF00FCE34
:10630C0008CC93844403CE942328240144CC014527
:10631C0049B7797126D206D622D44AD04ECE52CC69
:10632C0056CA5AC8B7072000044163EEF5008949E4
:10633C00B250225492540259624AD24A424B4E8570
:10634C00F2494561828093F9F5012E84E39109FEAF
:10635C000CC90C452A89A9E103C70400894763F4D9
:10636C00E7009C549DEB03D7840093575400E3F053
:10637C00E7FC8854232CA900232AB9004DD9935744
:10638C009400938444031374F41FAA97A294232CAF
:10639C00F900232E990069BFAE8703DAA400BE85ED
:1063AC00FD5A260A054B6378440126852EC6EFF06C
:1063BC00EFC2B245C1B7032509003131AA85630A82
:1063CC005501E376ABF69C4CE373F5F6330444418C
:1063DC00D9BF8549B1BF5D718145A2C452DC6AD079
:1063EC00032A050086C6A6C2CAC04EDE56DA5AD8A3
:1063FC005ED662D466D26ECE2A8D213F2A84631774
:10640C000518FD572326FD029309F00F9304F00F96
:10641C00930B500EFD5A3D4B294C83258D01528513
:10642C00EFF0AFD12A8463130516832DCD0183C7FA
:10643C000D00638D071603C7BD009376F703230386
:10644C00DD0063867701218B11C7638766012326E4
:10645C005D03E5A8639166110347BD02137707043A
:10646C0061EF13F7070465C303270D0183C9DD0032
:10647C0093F7F70B2326ED0203C7DD009304F00F0F
:10648C00631C370B03C7BD0183C6AD012207558FB3
:10649C004DEF83C40D003547832CCA0093F4F403ED
:1064AC00FD14B384E4024166854617E80200130824
:1064BC00A8E77D169308F00FB54533070401034791
:1064CC0007006E970349170003450700220933693B
:1064DC00A900BDCE3EC663EA98064A85EF10F002CD
:1064EC00138314008604E6942AC403D504001AC24C
:1064FC00EF10B0012247631AA7041243B247416759
:10650C00CA869A849308F00F17E802001308C8E1B2
:10651C001306F7FFB5450504E311B4FA03C70D00E4
:10652C001377070419C791C68604A69C03D70C00E1
:10653C0009EFFD1793F4F70F81456A8519332A8407
:10654C00E30D05ECA1A0E389F4F29304F00FEDB791
:10655C00E303C9FCDDBF91E46E85EFF00FAA63077E
:10656C0035038347BD02858BE39307EE3387FD002C
:10657C00B306FD000347070083C60602158F63852B
:10658C008701850765D7E1B5E31307ECB640228593
:10659C00264496440649F259625AD25A425BB25B7F
:1065AC00225C925C025DF24D616182801144F9BF04
:1065BC005D71A2C486C6A6C2CAC04EDE52DC56DAD3
:1065CC005AD85ED662D466D28347B502194493F783
:1065DC00070AF5E703290500AA84014A0327C90025
:1065EC0093171A00BA9783D70700E5EB9389040237
:1065FC003146CE854808EFF02FB0034CF10193776C
:10660C001C006385071293070004456BA385F402F5
:10661C00854AC16B130B1B022D464C084E85032477
:10662C00C900EFF06FAD954763ED570DD68770003D
:10663C009D46130890033D4513F7F7009305070398
:10664C006374B80093057703A303B6001387F6FFB2
:10665C0093D547007D166368F50A93070702130666
:10666C00E0078A972386C7FE93050002814713052E
:10667C00D0071386E6FFB386F90063F6E70083C6FE
:10668C0006006395B6089D461306000263E8E60013
:10669C00130607020A960346C6FE05078507B3854F
:1066AC00F400A38FC500E3F1F6FE26852D332A8472
:1066BC002DE9850A93074006E390FAF61D44B6408F
:1066CC002285264496440649F259625AD25A425BB4
:1066DC00B25B225C925C61618280050A11B709048D
:1066EC00C146137617008607B29733F677010583F8
:1066FC0019C2B3C76701FD16EDF60357040065F325
:10670C003DB7D687DDBFBA86AE873DB79386F60711
:10671C0093F6F60F6365D500E307F6F68507850754
:10672C0099BF9147E31DF5F8A3858403137C2C00D6
:10673C00854A63080C00310AB547335AFA02930AAA
:10674C001A008145268503AB0400E1362A84930B9D
:10675C00500E11C59147E303F4F695B752848C4C57
:10676C005A85EFF08F9D2A8A631B0512DC4C83C778
:10677C0007006383770189E7130A140063894A03CE
:10678C0085452685EFF0FFAB2A8469D9E1B71388DC
:10679C0017008607AE9783D6070093D78600A30011
:1067AC00F6002300D600C287C1E6E68651A0228CF3
:1067BC005DC89C4893155C002685B385B740913E17
:1067CC002A84E31E05EE4E85EFF02F83C16C2A8AD6
:1067DC003D4B97EB0200938B2BB5FD1CFD5A8C4C5B
:1067EC004A85EFF08F952A84E31B05ECD84C937700
:1067FC00FC0FB546FD178325C900B387D702137567
:10680C00FC0FA3064701A305670123060700230D10
:10681C000700A30D07008146B548330674010346F3
:10682C0006003A96E39596F723005601A30056010D
:10683C000504E31414FF638796018607BE9583D77E
:10684C00050099E3136505042300A7008547A30100
:10685C00F90081452685EFF0DF9E2A84E31105E6D9
:10686C007D1CE31E0CF68C4C4A85EFF00F8D2A84B0
:10687C00E31705E4C84C130600028145EFE03FF531
:10688C00C84C2D46CE85EFF02F8783C7B402D84C69
:10689C00E18B2306F7008547A301F9000DB52A8487
:1068AC0055BD5D7156DA832A0500A6C286C6A2C400
:1068BC00CAC04EDE52DC5AD85ED662D466D26AD0DA
:1068CC006ECEAA849306F0021307C00583870500D9
:1068DC006386D7046384E70423A4040003C705007C
:1068EC00FD4763FFE702130BF002930BC005130C7B
:1068FC00F0079C4001499309000883ACC7001304BE
:10690C00F00F130DF003930DE00703C50500138A78
:10691C00150063EDA9022DE51144CDA085057DB7C9
:10692C00930700F8A385F4022644B6400649F259B1
:10693C00625AD25A425BB25B225C925C025DF24DAF
:10694C0026859644814561616FF0BF9C630D85047B
:10695C0003C7150083861500138A25002207498F6B
:10696C00131587002183598D420513F7F60F4181CA
:10697C006374ED0463F6ED0063D00604630E8702C6
:10698C009305803AEF10E03205C9FD47E3F6A7F80E
:10699C00630F6505630D75056360AC0417E70200B2
:1069AC001307079129A01305F00FD9BF050783061C
:1069BC0007009DC2E31CD5FE1945B64026449644FB
:1069CC000649F259625AD25A425BB25B225C925C23
:1069DC00025DF24D61618280E30089FE131719009C
:1069EC0066972310A7000509D28505B7050A03078A
:1069FC000A00E30D67FFE30B77FF01441306000267
:106A0C009305E00213171900631B090866972310FE
:106A1C000700E30309FA0147130600029316170057
:106A2C00E69683D60600BA8D0507E389C6FE639603
:106A3C000D001307E0026396E60013643400137430
:106A4C00F40F9306E0021317190066970357E7FF3C
:106A5C006305D7007D19E31809FE2D469305000246
:106A6C0013850402EFE0BFD62147014D814913087D
:106A7C0000029308E00293861D00860DE69D03D567
:106A8C000D00630605166306050163141503638682
:106A9C002603136434001374F40FB68DE9BFB38668
:106AAC00EC0083D6E6FF6384C600E391B6F67D194D
:106ABC0091BF6378ED006395260BAD46631BD70839
:106ACC0021A02D46631FC70603C704029307500E6F
:106ADC006315F70095472380F40213643400137494
:106AEC00F40F93F7C90031476387E70093F7390038
:106AFC000D476396E700136424001374F40F937727
:106B0C00240085E393F7190089C7136404011374F7
:106B1C00F40F93F94900638609001364840013741D
:106B2C00F40FA38584022685EFF0FF8A83C7B40295
:106B3C0079CD1147E313E5E8918BE39007E8154510
:106B4C00ADBD63882601136434001374F40F6360C5
:106B5C00D90A8A0993F9F90FCA862D47214D35BFF9
:106B6C00A28D6371AC063AC636C4EF10001A9305B9
:106B7C00803AEF10400D936D24001306F00FA246DF
:106B8C00324793FDFD0F130800029308E002637A6D
:106B9C00A6021306F7FF6368CD0013643400137468
:106BAC00F40F3A8DDDBD3386A40193558500230087
:106BBC00B602050D3386A4012300A602050D6E84D2
:106BCC00E9BD11C917D602001306466F83050600EE
:106BDC00BDC16319B50093ED3D0093FDFD0F130589
:106BEC00F005C9BF0506DDB793E92900E1B783C6F7
:106BFC0004029307500E6395F60095472380F40228
:106C0C00A147E310F7EE8A0993F9F90FD9BD918BDF
:106C1C00E39507DA83C76400C18B95D39C4803C501
:106C2C000A0093854A0393F7F71FBE95EFF02FB731
:106C3C0088C4D2857DB91306F5FB42064182E54531
:106C4C00E3F4C5FA1306F5F942064182E3E4C5F60E
:106C5C000115420593E919004181A9BF79712AC632
:106C6C00680822D406D62EC432842ECEEFE01FBB89
:106C7C00634C0502938781D70A053387A700184315
:106C8C0019C323000700324719C323000700AA9732
:106C9C0098C3014511C401466C002800EFF06F82C7
:106CAC00B2502254456182802D45DDBF130101D8BD
:106CBC0023263127232E1126232C8126232A9126A5
:106CCC0023282127232441272322512723206127EE
:106CDC00232E71252EC6A5491DC9137AF6032A84C5
:106CEC0032896C0852866800EFE0BFFDAA8909ED75
:106CFC00F244B2459C08DCC4081026D05D3615CD94
:106D0C001379C9016311090623200400AA89832081
:106D1C00C127032481278324412703290127032A20
:106D2C008126832A4126032B0126832BC1254E85E0
:106D3C008329C1261301012882808307B10463CF04
:106D4C0007181377C901834761026312071413F7FD
:106D5C0007016317071813792900630D0908858B40
:106D6C00D1CB1D4555B79147E310F5FA0810EFF05C
:106D7C003F84136A8A0049F993778A007259BDCB14
:106D8C00EFE01FA1AA852AC41305E900EFE07FA25A
:106D9C00A24513056901EFE0DFA103C50400CA8514
:106DAC00EFF0EF9F93070002A305F900AA8A0146B2
:106DBC00CA852685EFE0FFB58547230E0900A30E93
:106DCC000900230F0900A30F0900A381F4006383BA
:106DDC000A020146D685081003A90403EFF06FAC34
:106DEC0005F5CA852685FD1AEFE03FB523A85401A9
:106DFC00E31C05F093778A0099C3136A0A049C5824
:106E0C007259930A84021CD02322240303C5040064
:106E1C00CA85EFF0CF9808C41305C901EFE09F971E
:106E2C0083D7640048C42308440104C02312F4002F
:106E3C00A3080400232E0400232A040013060020B8
:106E4C0081455685137A0A02EFE07F98E3010AEC3C
:106E5C000329C400E30D09EA03DAA400232A240160
:106E6C000C44260A637E2A03054BFD5B084033095C
:106E7C004941EFF04F95AA85637EAB04630E75050F
:106E8C00E3662AFF01450CCCE31005E819A8C58B75
:106E9C00E39907EC13794900E30009EE2145ADB500
:106EAC000CCC9377F91FE38407E62685EFE01F935C
:106EBC00AA870945E38A07E4135699003E9650CCFD
:106ECC0003C514008546D685EFE07F89E30105E410
:106EDC0005451DBD094545BF054575B719452DB57A
:106EEC0011451DB51D71A2CCA6CACAC8D2C4D6C242
:106EFC0086CECEC6DAC05EDE62DC66DA6AD86ED6C4
:106F0C002E8A23A006006C082A843289B68AEFE008
:106F1C00DF94AA8429ED83441401B1E8834704016A
:106F2C009D44858BA9C744445C489D8C6373990030
:106F3C00CA84930B8402130CF01F854C7D5D85C8AD
:106F4C0058489377F71F639A0710724B9356970024
:106F5C00835DAB00FD1DB3FDDD0063970D0405EBF8
:106F6C00084463EBAC028947A308F4008944F6405B
:106F7C0066444649B649264A964A064BF25B625C21
:106F8C00D25C425DB25D2685D644256182800C4C74
:106F9C000840EFF04F83F1B76317A5018547A308AD
:106FAC00F4008544E9B708CC0C4C5A85EFE01F83FC
:106FBC005DD9B389AD0063729C060357AB0013D93E
:106FCC009400B3862D016374D7003309B741034590
:106FDC001B00CA864E86D285EFE06FF861F18307FD
:106FEC00040163DF0700484C33053541637A250102
:106FFC00260513060020930584025295EFE0DF8FDF
:10700C00260983A70A00B38424414A9ACA9723A06D
:10701C00FA005C48CA975CC81DB7504C630D360328
:10702C000307040103451B0093058402635E0700FC
:10703C0085462EC6EFE0CFF335F103470401B24588
:10704C001377F7072308E40003451B0085464E869B
:10705C00EFE0EFF021F5232E34014C48930700208C
:10706C0093F5F51F3389B74063F3240126894A86CB
:10707C00DE955285EFE05F8869B71D71A2CCCAC856
:10708C00CEC6D6C2DAC086CEA6CAD2C45EDE62DC5A
:10709C0066DA6AD86ED6AE8A23A006006C082A84FB
:1070AC003289368BEFE06FFBAA8935ED83491401E9
:1070BC00639B090683470401898B638D07185C4821
:1070CC00338727016374F70013C9F7FF130C84028D
:1070DC00930CF01F054DFD5D630109045C4813F72B
:1070EC00F71F63130714F24413D7970003DAA400B5
:1070FC007D1A337AEA0063130A0699EB084481453A
:10710C0009C96312A5058947A308F400894921A878
:10711C000C4C2285EFF00F826DF58347040193E749
:10712C0007042308F400F6406644D6444649264A30
:10713C00964A064BF25B625CD25C425DB25D4E8558
:10714C00B649256182806317B5018547A308F40011
:10715C008549D1BF1C4408CC91E308C483070401C2
:10716C0063D10702504C03C5140085469305840275
:10717C00EFE00FE079F98347040193F7F707230851
:10718C00F4000C4C2685EFE06FE535DD3306AA00E4
:10719C0063FA2C0783D7A400935B990033077A0119
:1071AC0063F4E700B38B474103C51400DE86D68534
:1071BC0032C6EFE0EFDB51F94C4C3246918D63F067
:1071CC007503A60513060020D69513058402EFE07F
:1071DC00AFF28347040193F7F7072308F400939465
:1071EC009B0083270B0033099940A69AA69723206E
:1071FC00FB005C48BE945C4444C863F39700A687CC
:10720C005CC4D9BD584C5C48630FC700584463FC40
:10721C00E70003C5140085469305840232C6EFE0EF
:10722C000FD432461DF150CC4848930700201375FB
:10723C00F51FB384A74063739900CA842686D6854C
:10724C006295EFE06FEB8347040193E707F823089F
:10725C00F40041BF9D49C1BD79716C0022D406D6A2
:10726C0026D24AD04ECE2A84EFE02FDF51E9834755
:10727C00040113F7070449C7E207E187324963D3D6
:10728C000702504C03451900854693058402EFE034
:10729C002FCEAA870545ADE78347040193F7F7077F
:1072AC002308F400EFE0CFCE0C50AA894A85EFE01A
:1072BC00CFE839E5445083C7B400A68593E70702AD
:1072CC00A385F40010440840EFE0AFE44C44138570
:1072DC00C401EFE00FCECE8513856401EFE06FCDD6
:1072EC00854723890400A3890400A301F9004A857A
:1072FC00EFE07F928347040193F7F7FB2308F40038
:10730C00B250225492540259F249456182800111C3
:10731C0022CC06CE2A84893701E96C002285EFE065
:10732C00CFD319E123200400F2406244056182802E
:10733C005D71A6C2AE846C08A2C4CAC086C64EDEFD
:10734C0052DC56DA5AD85ED62A84EFE00FD12A895D
:10735C00631B050E034914016317090E54445C4862
:10736C0063FF960203470401098B0DCB232A04000B
:10737C00724A8359AA00A609D1C7FD171387F4FFD7
:10738C0033573703B3D63703636ED7063307304111
:10739C000C4CF98F5CC89D8C91C585A8B684232AAA
:1073AC000400F9F481445C4858446379F7000347BE
:1073BC0004015CC4136707042308E40093F7F71F68
:1073CC00D9C3504C63019608F24983070401930515
:1073DC00840203C5190063DE070085462EC6EFE064
:1073EC002FB949E183470401B24593F7F707230806
:1073FC00F40003C5190085462686EFE04FB63DE143
:10740C0044CC91A00C4485C50CCCFD5A054B5C4872
:10741C0063E299065C48A6975CC893F7F41FD9D32E
:10742C005285EFE0AFBB01CDA580AA94ADBF8145DD
:10743C002285EFE03FD08547AA856312F502894784
:10744C00A308F4000949B64026449644F259625AFE
:10745C00D25A425BB25B4A85064961618280FD5714
:10746C006317F5008547A308F4000549E9BF08C474
:10747C0008CC1DB7CE975CC883470401B38B34414D
:10748C00898B81CB2285EFE0FFCAAA8419E581455F
:10749C0051B70840EFE03FB3AA84E38554FDE37095
:1074AC009BFA83278A01E3FCF4F804CCA685DE84DE
:1074BC00B9BF19712ACE6808A2DCA6DAD6D286DE4C
:1074CC00CAD8CED6D2D4DAD0DECEE2CCE6CAEAC85E
:1074DC00EEC62E84B284B68AEFE04FB4634E0574C8
:1074EC0093162500138781D73697184319C32300A9
:1074FC0007009377F50F3EC609E417D40200130476
:10750C00A4E13245EFE04FA4937615002A870D4590
:10751C006393061E118B2945631F071C58403AD6EE
:10752C0009EB324570108D45EFE0AFA519C1054749
:10753C003AD6325721669306F7FF63F4C600758F6F
:10754C0019C305473AD6034B140085461307FBFFB6
:10755C001377F70F63F3E600054B032D84002167C7
:10756C009306FDFF63F1E60E1377FD0069EF032927
:10757C00C40037070001636B270D1307F9FF33773E
:10758C00270169E71307F01F454563765717638496
:10759C0004163245101885450344040002D8EFE068
:1075AC004F9E2A8C63100534937784003ECA814B1E
:1075BC0099EB42579306F00363F7E600130717FCA9
:1075CC003AD8930BF00342561307F007394563740E
:1075DC00C712C1669386F61F930C000863E426015C
:1075EC00935C990013782400058863030806B2564F
:1075FC0093155D00A5819388F6FFB306D040630B0D
:10760C000410668563900C02935EC60017D30200CB
:10761C00130383CE0545035E030063050E000903C7
:10762C0063F1CE133354A60205635513637D8310A7
:10763C000904060409491304F41F668325802EC827
:10764C00AA8C854DB9A0130D002015B701491DBF9B
:10765C004D4555C0B25693155D00A5819388F6FF34
:10766C00B306D04079BF93DC1C0066833355960378
:10767C00417E290EB70EFF0F13142500130474203E
:10768C002A9E258039456378DE0702C8930D0002D7
:10769C000D49330E6403C247B3897D018D4E4E9E56
:1076AC003E9E33051E01758D3305C5416315D90BFF
:1076BC00AA9DAA9913954C00330575412A9E39450C
:1076CC00636BC60333056403C247330AF640330ABF
:1076DC00BA41330AAA400D45335A9A036318A908D4
:1076EC00416555156362450F394563160300054521
:1076FC00E36B95F73945F6506654D6544659B6594E
:10770C00265A965A065BF64B664CD64C464DB64DF1
:10771C00096182806683E39B0CF4135E160117D516
:10772C000200130565BE854C035305006305030079
:10773C00090563746E00014315BF860CF5B7AA8C5E
:10774C00C9B50605C9BD0D433304640205490504DA
:10775C0005800D04CDB5B37E650363850E007D15E4
:10776C00850D8509335565032A94A9B70945631717
:10777C00A9044165551563764503631003021395FF
:10778C001C0013070004E37CA7FAE31808F81303A2
:10779C000008AA8CE378A3E8B1BFE30D08F49A8C37
:1077AC00F1B505655515636145033945E31503F4DA
:1077BC00860C13050008E37695E52DBF8566D51676
:1077CC003945E3EA46F30549130600208145268531
:1077DC00EFD0FFFF2D4697D502009385A5AE2685E9
:1077EC00EFE08F912387B401C20D93DD0D01894623
:1077FC0093DD8D002386D400A3850400A386940119
:10780C00A387B401238864018D466303D9006A8C75
:10781C00A3888401420C135C0C01C255135C8C00D0
:10782C0023898401C16663F1D50CA389B400C20518
:10783C00C181A181238AB400E156A38AD4009306A6
:10784C00F003238CD400FD56238DD400A38C0400AC
:10785C00A38D0400DE851385C401EFD09FF58D4602
:10786C006319D908EFD0DFF2AA8513853404EFD061
:10787C005FF4A28513854402EFD0BFF389462386BB
:10788C00D40285462388D40299462389D4029306D0
:10789C0000F82380D40493069002A3860402238765
:1078AC000402A3870402A3880402A389040223818F
:1078BC00D4044D4697D50200938585A11385740495
:1078CC00EFE08F833245930D5005130DA0FA238FF3
:1078DC00B41FA38FA41F85465E86A685EFD05FE9F3
:1078EC002A8C39C5054501BD13850402EFD07FEC08
:1078FC00A1B7EFD0FFE9AA8513857402EFD07FEB17
:10790C0093160401C182A182A38BD400930600F8C4
:10791C002382D40293069002238B84002383D40207
:10792C004D4697D502009385E59B1385B40249BF5C
:10793C0093F70AE03ECC8D463E86631AD908324551
:10794C00854613866B00A685EFD09FE213060020B8
:10795C0081452685EFD0BFE793062005130610045A
:10796C00930520072380D400A380D400930610062F
:10797C002381D400A381C4002382B41EA382B41E2D
:10798C002383C41EA383D41E9305FAFF1385841E80
:10799C00EFD03FE2324589462386D41E13867B0006
:1079AC008546A685A386041E2387041EA387041E72
:1079BC00238FB41FA38FA41FEFD09FDB32451386F8
:1079CC001B008546A685EFD0BFDA13F60AE0814589
:1079DC002685EFD0DFDF854693DA9A00615A63156E
:1079EC00D900370A0001611A8D4B631C7911E156DD
:1079FC002380D400FD56A380D4002381D400A3811E
:107A0C00D4002382D400A382D4002383D400A38384
:107A1C00D4002384D400A384D4002385D400BD4691
:107A2C00A385D400228DEA8D63F3AA01D68D32454D
:107A3C00EE864E86A685EFD0BFD3E31505EA130676
:107A4C00002081452685330DBD41EFD05FD8EE99DE
:107A5C00E31B0DFCB33680018506054CE3E766F9A4
:107A6C008D466303D900C24C668463F39A01568435
:107A7C003245A2864E86A685EFD09FCFE31405E64D
:107A8C00B38C8C40A299E3910CFE0D47314B630CE7
:107A9C00E900C2564167194B63F7E6000947054BED
:107AAC006313E900114BD2476395071442573245D3
:107ABC00501885453ADC02DEEFD0BFCCE31405E26A
:107ACC00525937E707001307771F6379270F416770
:107ADC009546A14A1307E7C3860AFD1693FAFA0FD7
:107AEC00638E061433565903E368C7FE1306002051
:107AFC0081452685639C0A00EFD07FCD930AF00F59
:107B0C0001A8D2852685EFD0DFCA29BFEFD03FCCA4
:107B1C00130C8103138A641C138D641F9309F003E7
:107B2C00930C4006930BF00303240C0063FB8C0CAA
:107B3C0033073401B3368700636FE90CE9EECE8569
:107B4C005285EFD01FC7A28513054A00EFD07FC620
:107B5C0033D77903230E6AFF335657033377570312
:107B6C009356260093F606FCA30DCAFEA30CEAFE60
:107B7C0033F77903A2990507558F230DEAFE138776
:107B8C00F9FFB356770333D65603B3F65603A30F58
:107B9C00CAFE33777703A30EDAFE9356260093F6CC
:107BAC0006FC0507558F230FEAFE63044D03638221
:107BBC000902110C410AE3E929F721A81306002058
:107BCC0081452685EFD0BFC01307F003A14AE361BE
:107BDC0027F5130750053245238FE41E1307A0FA2F
:107BEC00A38FE41E85460146A685EFD07FB8E31B24
:107BFC0005CE324501468145EFD0BFB83335A000E4
:107C0C00DDBC631D940133073901B336270163646E
:107C1C00E9004A848DD63304394115B7335799039B
:107C2C003304E40233073401B3368700E365E9FE1D
:107C3C00FDF2E31604F071BF2D4575BC1306002050
:107C4C008145268555BD1307F007AA876365A700F4
:107C5C004205418182804167014563FBE7041307BC
:107C6C00803A6397E504C207C1837D55814541463F
:107C7C0097D80200938888993307B54005832E97CF
:107C8C00931627003388160103580800630BF8007D
:107C9C006377F800BA857D1665F2014582803A85D6
:107CAC00DDBF97D7020093878796BE9603D5060053
:107CBC0082809307F00763FFA7029307803A639AC9
:107CCC00F502FD550146C14697D8020093880894E9
:107CDC00B387C5408583B2971397270033081701E4
:107CEC0003580800630BA8006377A8003E86FD16B6
:107CFC00E5F201458280BE85DDBF97D702009387F0
:107D0C0007913E97035507008280C1676372F506A1
:107D1C00931705018566C18317C702001307C76F48
:107D2C006366D50017C70200130747638356070025
:107D3C009DCE63EED702035627001107935586009C
:107D4C001376F60F3308D600635F05052146636092
:107D5C00B60217C802001308285E8A05C295904126
:107D6C0042960286158D06052A97835707003E8595
:107D7C008280B386D740858A958FC207C183C5BFE1
:107D8C00C117E5BF8117D5BF938707FDFDB79917BD
:107D9C00EDB7A107DDB7938707FBC5B77977130755
:107DAC00073ABA97D9BFD9F10606329741B74111B4
:107DBC0022C426C24AC006C6AA842E8903A481D82E
:107DCC0019E4B240224492440249410182801C4889
:107DDC0081C7CA85268582970040DDB7011106CE82
:107DEC00834725002304F1008347550003474500D2
:107DFC00A207D98F93F7F77F2315F100834735003E
:107E0C0017D50200130585808D8BA304F100EFA01C
:107E1C00D2318356A100034691008345810017C5DA
:107E2C0002001305A57FEFA0523017D502001305F1
:107E3C002581EFA0922F2800EF10A015F2401335EA
:107E4C00150005618280938741999847D047AE868B
:107E5C00BA95158E8CC7D0C709C6130500086F10CC
:107E6C00A01E03C7470111C72384019A014681450F
:107E7C00EDB703D7670011CB8387070063D70700E3
:107E8C000146814501456F10202F8280411117C595
:107E9C0002001305A57706C6EFA0322993854199F8
:107EAC0083D7650003D7450083D6250003C615008C
:107EBC0083C5050017C5020013050579EFA0F2264E
:107ECC00B24017C502001305A57741016FA0F2253A
:107EDC00397122DC06DE26DA4AD84ED652D456D276
:107EEC005AD05ECE62CC13844199034704009306AA
:107EFC000002937707066385D73E930600046380E0
:107F0C00D746639F071C0D8B854683471400630679
:107F1C00D71E09466305C7306319071825478354D4
:107F2C0024006364F71897D602009386269413975F
:107F3C002700369718433697028705476397E40066
:107F4C00F51793B717002380F1E023A2019A85A3BC
:107F5C0013F5F40FEF104002CDBF93D584008D477D
:107F6C0093F4F40F6392F5049307E00E639CF4060C
:107F7C0017C5020013058569EFA0321B17C5020057
:107F8C0013058572EFA0722F17C502001305456B00
:107F9C00EFA0B21983A741D863890710984318C47E
:107FAC0083C747001CC821A33D47639BE50217C547
:107FBC0002001305A565EFA0521717C502001305A3
:107FCC00E570EFA0922B17C5020013056567EFA0B3
:107FDC00D21583A7C1D7F1CB9843DC4318C4D9B7CA
:107FEC0063E5B70C1C4C93F6F50F014703C607006D
:107FFC001DE617C502001305E5722EC6EFA0F2129E
:10800C00B245268617D5020013058583EFA0F21121
:10801C0017C502001305C562EFA0321179A003C584
:10802C0017006315D5006386E4460507B2977DBF3C
:10803C00938711AB1CC48547B5B70329840193F40E
:10804C00F40F01459309F00F130AF00F914A154BE9
:10805C00894B8347090089EF39C5854781451D4503
:10806C00230EF410A30E94109933EF60704EF1BDF3
:10807C0083471900638F5701638067036397770108
:10808C0083495900639334010545834709003E99A0
:10809C00C9B7034A3900D5BFE39934FFE3170AFE89
:1080AC004A852D3BDDB723A2019A0347140099475B
:1080BC006313F7209307006017C502001305456A88
:1080CC002311F400EFA0720617C502001305456AD0
:1080DC00EFA0B21A17C5020013058556EFA0F204E3
:1080EC000145F2506254D2544259B259225A925A12
:1080FC00025BF24B624C216182808346D411835423
:10810C00240003594400D5D2A9461379F90F638989
:10811C00D70863E8F604BDCB1947E398E7F8A180CC
:10812C0093072002E393F4F817C502001305054EDC
:10813C00EFA0A27F17C502001305055BEFA0F21399
:10814C0017C502001305C54FEFA0227E83A781D867
:10815C00A9DF03C7C70163132705D84B9C4F18C46D
:10816C0091B52D47E393E7F4004C93F4F40F130A05
:10817C00F00F9309F00F814A914B154C8347040083
:10818C008DE7D6852145EFF09FC2C1B31C442380F7
:10819C0007001C44A3800700894729B59C434DBFA9
:1081AC001C442380070018C819A683471400638851
:1081BC00770163808703834704003E94C1B7034A69
:1081CC00240083493400E31849FFE39634FFA28A64
:1081DC00DDB7E31249FF638034050346340017C54D
:1081EC0002001305A542034B24000D8A32C6EFA0F2
:1081FC00C2733246DA8517C502001305A550EFA0ED
:10820C00C27217C502001305A543EFA002725A856E
:10821C00EF0030614DB72285EFF05FBC69BF0346BC
:10822C00D41183544400E30206E893F4F40F638EF4
:10823C00D7008D466386D704E39907E61C44238058
:10824C0007001C44A3800700B9BF83572400E39C9C
:10825C0007E417C502001305E54CEFA0026DA685D7
:10826C0017C502001305054DEFA0226C17C50200BF
:10827C001305053DEFA0626B2685EF00707D05AC04
:10828C0083572400E39107E217C5020013058549C3
:10829C00EFA0A269A68517C502001305254BEFA018
:1082AC00C26817C502001305A539EFA00268268520
:1082BC00EF00307659B917C502001305A546EFA09B
:1082CC00C26617C502001305254DEFA0027B17C52A
:1082DC0002001305E536EFA04265EFF03FBB09B590
:1082EC000D8B85476314F7048346440083A781D81C
:1082FC0081EF17C502001305E542EFA0026317C515
:10830C0002001305E54AD1B7D84319CF03C6C701FC
:10831C00631CD6001386419A9385C19913854199A4
:10832C00029763560518F1B79C43D9B78947E312F6
:10833C00F7FC0357440083A781D82183DDDB9447E6
:10834C0089CE03C6C701631AE6001386419A93854A
:10835C00C199138541998296E9B79C43C5B793841B
:10836C0041D89C40C5CF0347140083C75700631EF8
:10837C00F70E8357440011476382E7041547638760
:10838C00E70617C502001305E539EFA0025A17C519
:10839C00020013052546EFA0426E17C50200130517
:1083AC00252AEFA0825817C502001305A537EFA0A8
:1083BC00C25717C502001305254701BF17C5020098
:1083CC001305C524EFA0625617C502001305C53F5F
:1083DC00EFA0A26A17C5020013058526EFA0E25490
:1083EC009C40984783D7C70018C46DBE17C50200C0
:1083FC001305C521EFA0625317C502001305C53D37
:10840C00EFA0A26717C5020013058523EFA0E25168
:10841C009C40984B83D7470118C469B6938401D804
:10842C009C40A1C70347140083C76700631FF70272
:10843C00035744009D47E316F7F417C502001305D4
:10844C00E51CEFA0824E17C502001305253CEFA0DA
:10845C00C26217C502001305A51EEFA0024D9C4079
:10846C00984383D7470018C435BE03A481D893849E
:10847C00419A1389C19993894199E30604F25C44AA
:10848C0099E30040DDBF2686CA854E85829775F933
:10849C0039A809476398E50003C6370003C72700CE
:1084AC002206598E0844BE8510C8EFB08FC505450D
:1084BC000DB9A1C5938741992E87D0478C47198E4A
:1084CC00BA958CC7D0C71DE6411106C61387019B10
:1084DC0098C7EFF0FF9F19E5B24013050008410162
:1084EC006F003053B240014681451305000841012D
:1084FC006F00903501456F003048828001110145B5
:10850C0006CEEF007027239801AAB7074000938787
:10851C00070828003EC4EF00D027280023040100E0
:10852C00EF00302781450545EFF07F88F24005616B
:10853C008280411122C413844199AA852146228547
:10854C0006C6EFB00FBC035664009307001063F926
:10855C00C7088307040063CB070217C50200130585
:10856C00651CEFA0823C17C502001305A532EFA0D5
:10857C00C25017C502001305A50CEFA0023B224404
:10858C00B2401305000841016F00B0489387019B6E
:10859C001CC450C410C82384019AEFF07F9365D19A
:1085AC001C480356640063F3C7003E8650C493070F
:1085BC00001063F9C70417C502001305A516EFA038
:1085CC00C23617C502001305E52CEFA0024B22445E
:1085DC00B24017C502001305A50641016FA0E23495
:1085EC009385019B0CC450C410C82384019A55D6A2
:1085FC0083070400E3C307FA2244B240014541015A
:10860C006F0090370C4413050008EF00F0231C4852
:10861C000357640063F8E70093F7F70381E7854796
:10862C00230AF400B24022444101828031479377FF
:10863C00F507B387E70213870102BA979C4791C3EA
:10864C008287828031479377F507B387E7021387D8
:10865C0041FEBA979C4791C3828782809387419948
:10866C00130700F888CFA38F07109387010223808C
:10867C00E70017F7FFFF1307477D98C7938741FE65
:10868C0017070000130727E32380070098C7828091
:10869C009386419983C7F611138781D8230EF50071
:1086AC003A86184375FF08C2232005008507A38F5F
:1086BC00F61082808347050050411397870161872C
:1086CC00635E0700314793F6F707B386E60213871C
:1086DC00010236972300F70010C78280B146B3869B
:1086EC00D702138741FEF5B703C501AB82806F003B
:1086FC00503A938741AB1357050121812389E70237
:10870C00A389A702238A07028280411122C4138401
:10871C0041AB5C5C26C28354040406C6B384F402E9
:10872C009307002063F4970093040020085C2686CE
:10873C009385C1AFEF60807301CD3715040013052D
:10874C000510453F0145B2402244924441018280CC
:10875C0026869385C1AF03C54106EF00F00E035783
:10876C0004041C5C33D7E402BA971CDC5C5C998F64
:10877C0058545CDC058F58D499C30545E9B78D472F
:10878C001CC0E5BF37574253938741AB130757358E
:10879C00D8D32388A70211473546938581AD03C5ED
:1087AC00410698C36F00500A834715001307E00F6A
:1087BC00638CE7001307F00F6390E70223AA01AA6A
:1087CC00A38201AE014582809C4103C791AE2380F8
:1087DC00E70085471CC2FDB7411122C42A8417C586
:1087EC0002001305E5F706C6EFA02214834514001A
:1087FC0017C502001305C50BEFA0221317C5020005
:10880C00130505E4EFA06212B24022447D554101EC
:10881C008280138741AB1C438D466388D7029146F7
:10882C006387D70289466390D704834737011307C0
:10883C00800293F7F7076398E702411106C6F135FA
:10884C0005E1B2400545410135BF0145F5BF23AAFD
:10885C0001AA7D46938581AB03C5C1056F00D0117C
:10886C00B24041018280828085476306F5009D47B6
:10887C006308F500828023AA01AAA38201AE82803C
:10888C007D46938581AB03C5C1056F00F00E5D710C
:10889C00A2C4138441AB1C40A6C286C6CAC0AE8417
:1088AC0091CB05476388E74CB6402644964406496D
:1088BC0061618280FD476387F50217C502001305CD
:1088CC0065E6EFA0820617C502001305E500EFA0D0
:1088DC00C21A17C502001305A5D6EFA0020537254D
:1088EC0005005DAA1C444444034714011CD444D421
:1088FC008547E3E6E7FE5840B75742439387573521
:10890C00E31FF7FC834724013D47FD1793F7F70F4F
:10891C00E367F7FC834734011307F002636FF70436
:10892C006547636DF7020D476387E7084947638A1C
:10893C00E70C638E071C37250500EFF09FDB17C58E
:10894C0002001305E5E1EF90527E8345340117C513
:10895C000200130525FEEF90527DEDAC991793F7AD
:10896C00F70F5547E369F7FC17C702001307070019
:10897C008A07BA979C43BA9782871307800A638247
:10898C00E72E1307A00A6383E73A1307A005E394C5
:10899C00E7FAB1D48347B4016D4713F9F70F63734A
:1089AC00F7006D496D4697B502009385A56E680872
:1089BC00EFA03FF535A885D483477401494713F9D7
:1089CC00F70F6373F7004949494697B50200938541
:1089DC00E5686808EFA0FFF283472403230FF1003A
:1089EC00834734032304F10283474403A304F102B5
:1089FC004A866C081385C1AFEFA0BFF0631F090452
:108A0C0009AAB70700023EC6E1772318F100B78721
:108A1C0000083ECAB727202093870702130640029E
:108A2C0097B502009385C56468083ECCEFA07FED36
:108A3C00B7373031938707E33EDEE38204EA83479E
:108A4C004401858BD5CB834754018DEBB247194933
:108A5C003CC4835701012316F40463739900CA8440
:108A6C008D4726869385C1AF03C541061CC0E92BF3
:108A7C005C54858F5CD4238201AE3DB5130700088E
:108A8C006398E700D2473CC4E2477CC42149F1B764
:108A9C003725050013050540EFF0BFC517C50200CB
:108AAC00130545C8EF9072688345340117C5020061
:108ABC00130505EA9384C105EF90326717C50200D0
:108ACC00130505B8EF9072668347040199E75C447F
:108ADC0089C703C50400EF00C07303C58400EF0011
:108AEC00407303C504007D46938581AB2644B64094
:108AFC0096440649616149A58347740113074002F6
:108B0C0013F9F70FE376F7EE13094002D5B5E398A6
:108B1C0004DC01452644B6409644064961616FF079
:108B2C007FC6E38E04DA83477401114713F9F70FFC
:108B3C006373F70011498D473ECE83471403E389D5
:108B4C0007EA930700F8230FF1005DB5E38904D819
:108B5C008357440403570404314913968700A183B7
:108B6C005D8E7C40931687002183558FB7060008D5
:108B7C0034C493D68701C183A306F4048947230622
:108B8C00D4042317C4042318F4042319E404F1B502
:108B9C00E38704D4035704047C4093168700FD1725
:108BAC002183558F93D687012304D40493D60701D0
:108BBC00A304D40493D68700A305F4042305D4049A
:108BCC00239001B02317E404D1B583070401E3D843
:108BDC0007D0E38604D083475401034764018356CE
:108BEC00A401E2074207D98F03478401D98F0347B9
:108BFC0074012207D98F13978600A182558F4207E3
:108C0C001CDC4183744058DCBA9763F3F6023725B9
:108C1C00050013050510EFF0DFAD17C502001305B5
:108C2C0065B0EF90925017C50200130565CC0DA0EE
:108C3C0083570404B387E7026389F40617C502005F
:108C4C00130545AEEF90724E17C50200130585CB88
:108C5C00EF90B26217C502001305859EEF90F24C9F
:108C6C0035BD83070401E3DC07C6E38A04C68347EA
:108C7C005401034764018346A401E2074207D98FDC
:108C8C0003478401C206D98F034774012207D98F89
:108C9C00034794011CDC6207558F8346C401558F32
:108CAC008346B401A206558FB1BF89471CC0EFF0B3
:108CBC00DFA5E30505DE1C40E38D07E4F5B683076D
:108CCC000401E3CE07C0E38C04C08347540103477F
:108CDC0064018356A401E2074207D98F034784013C
:108CEC00D98F034774012207D98F13978600A1826D
:108CFC00558F42071CDC41838356040458DCBA9719
:108D0C00B386E6027840E36AF7F0E399D4D8854756
:108D1C001CC093070020268663F4970013060020DE
:108D2C009385C1AF03C5C105812971B783070401C0
:108D3C00E3C707BAE38504BA8347540103476401C8
:108D4C008346A401E2074207D98F03478401C20678
:108D5C00D98F034774012207D98F034794011CDC78
:108D6C006207558F8346C401558F8346B401A20612
:108D7C00558F59B7834734011307A00293F7F707B0
:108D8C00E394E7B2085C2E869385C1AFEF60600F69
:108D9C0009C93705040013050530EFF09F9505450B
:108DAC0095BB83570404185CB3D6F402369718DCD1
:108DBC00585C158F545458DC858E54D4E30B07D46F
:108DCC003386E7029307002063F4C70013060020E4
:108DDC009385C1AF03C5C10511BB411106C622C4A1
:108DEC0026C2970700009387679C5CC19707000019
:108DFC009387C7A723240500232605001CC92A84B2
:108E0C00970700009387E7A81385C1055CC19707F6
:108E1C000000938747A05CC52300B5002304C50060
:108E2C00EFF05F8913854106EFF0DF88938441AB47
:108E3C001306802481452685EFA07FB0138641AFB1
:108E4C00938581AF0145EF60600103D7040493075C
:108E5C00002063F5E70217C502001305A58CEF90FF
:108E6C00D22C17C502001305E5B5EF90124117B5CA
:108E7C0002001305E57CEF90522B0144B240228591
:108E8C0022449244410182801707000013074702D5
:108E9C0058C12324050023260500232805004CC9AE
:108EAC0010CD82800145828001458280411122C40F
:108EBC0006C626C24AC02A848347140029470345A4
:108ECC004500FD1793F7F70F6362F70817C7020009
:108EDC00130787B38A07BA979C43B284BA978287E1
:108EEC000347060094410346340083452400EF50A9
:108EFC00107388C00145B24022449244024941019A
:108F0C00828003A9050083452400693F2300A90042
:108F1C0085479CC0C5B78041413F2300A400CDBF0D
:108F2C000347060094410346340083452400EF5068
:108F3C007066C9B70346340083452400EF50506572
:108F4C0055BF83452400EF50D0646DB717C50200A0
:108F5C0013050581EF90721D8345140017C502009F
:108F6C00130505A8EF90721C17B502001305456D8B
:108F7C00EF90B21B7D5541B709E937870040834715
:108F8C00370093F70708A301F7002386A1060145D4
:108F9C008280411122C406C68347050091462A846B
:108FAC0013F7F70763FBE60217B502001305857785
:108FBC00EF90B2178345040017C50200130585A76F
:108FCC00EF90B21617B5020013058567EF90F215F6
:108FDC007D55B24022444101828093968701E186FF
:108FEC0083452500034615009387C10663DF060001
:108FFC00E1463307D702BA9705472386E700238259
:10900C00B700A382C7000145E9B7E1463307D70291
:10901C00BA9705472382E708238EB706A38EC706A7
:10902C00DDB71377F507E1463307D702620593875F
:10903C00C1066185BA976356050023860700014572
:10904C00828023820708E5BF011106CE22CC26CAF6
:10905C004AC84EC6B2861377F507C1E17D553DE689
:10906C00E146B306D7029387C1067955B69783C6F6
:10907C00C700A9CE23A8070023AA070023AC07002A
:10908C009547B357F70293060003B387D70293169D
:10909C002700B697B78600401386060293862602F1
:1090AC003E96B697E146B306D7021387C106230056
:1090BC00060036978346570005476381E60A03C7C7
:1090CC0007001377C70F2380E7000145F240624485
:1090DC00D2444249B24905618280E147B307F702A5
:1090EC009389C1067955CE9703C6C70065D28CCB40
:1090FC00D4CB23AC0700C9D61544335487021306CE
:10910C00000303C94700B78400409384240233044E
:10911C00C402131627003294A29463F326013689F5
:10912C00E1473307F7024A861379F90FBA9903A579
:10913C008900EFA00FFDB7870040938707023E948C
:10914C002300240103C7590085476300F70283C736
:10915C00040093F7C70F2380F40085BF03C70700F3
:10916C001377C70F13671700B9BF83C7040093F7B2
:10917C00C70F93E71700C5B71377F50791ED7D552A
:10918C0041EAE146B306D7029387C1067955B697F3
:10919C0083C7470885E38280E146B306D7029387ED
:1091AC00C1067955B69783C74708BDC393F73500F9
:1091BC007555B9EFE147B307F7029386C106BE9622
:1091CC009547B357F70223A6C608130600030A07F0
:1091DC0023A4B60823A8060883C6D607B387C702FC
:1091EC00BA973787004013072702BA970547638A57
:1091FC00E60003C707001377370F2380E70001450C
:10920C00828003C707001377370F13674700F5B742
:10921C0082801377F5079547B357F702930600033F
:10922C000A0762056185B387D702BA973787004072
:10923C0013072702BA9703C7070063480500136793
:10924C00C7002380E7000145828013673700D5BF34
:10925C001377F5079547B357F702930600030A07F0
:10926C0062056185B387D702BA9737870040130729
:10927C002702BA9703C7070063480500137737071F
:10928C002380E700014582801377C70B1367270003
:10929C00C5BF411106C69386C1061386812A90D29A
:1092AC001386812290DE1387812E1386811A1388F0
:1092BC00813698C6B0CA23A406079387C10E1385BE
:1092CC0081269385811E138681169386813298C3DD
:1092DC0088CF8CDBB0C7B4D3B7870040238007009E
:1092EC009306C0FC2386D7004207A386D700418390
:1092FC0042052398E7004181C205239AA700C1814A
:10930C004206239CB7004182239EC700A9462381B5
:10931C00D70269472383E7022385E7022387E70205
:10932C002389D702A3810700130790022380E7004B
:10933C00B716004003D7A6011367070C239DE60060
:10934C007D572383E700130710F8A380E7001D4720
:10935C002381E700EF507057B240014541018280F4
:10936C00B71700401387813A2394E7061387213BF4
:10937C002396E706130710FCA380E70682804111B1
:10938C008545416506C622C426C2EFB04F838D4584
:10939C0037050200EFB0AF82371400401307C40C3E
:1093AC001C43B70402008145C58F1CC31305001074
:1093BC00EFA01FF789450145EFA0EFDAB147230C69
:1093CC00F4048547230DF404A30104061304840C50
:1093DC001C40C58F1CC069372244B240924403C55F
:1093EC00E1861306000AC14541016F802051938725
:1093FC00813A83D6270003D70700369783D64700D8
:10940C00BA9603D7670083D787003697BA97154764
:10941C00B3D7E702938601D998421386870C63670A
:10942C00E600138741D910431CC390C282804111BE
:10943C00856722C406C603A741D9938677D4014415
:10944C0063FCE6009386F7E1054463F7E600938737
:10945C0087EF33B4E7000904B717004003A7470CA4
:10946C0041669386C1D8718F83C7060029C789CFFF
:10947C003D45238601D8EF40606E1305040122445C
:10948C00B24041016F40806D056783A601D9130678
:10949C0077D4637CD6001306F7E185476377D60053
:1094AC00130787EFB337D7008907E318F4FCB240F2
:1094BC00224441018280E5FF85472380F60039452F
:1094CC007DBF82803D898D476306F5029147631EFF
:1094DC00F50403C7250095476319F70483D7A50046
:1094EC000D66130606202392F184914503C5E18590
:1094FC006F80C04003C72500011106CE9947631940
:10950C00F700138701DE83470700F59B2300F70064
:10951C0085471306F100854513055030A307F1006C
:10952C00EF40C278F24005618280828001119397EE
:10953C00050122CC06CE26CA4AC8C1872E8463DB1D
:10954C00070C1389E18503450900EF70F05FAA84CD
:10955C0005C5834705001307200A6385E708636583
:10956C00F7021307000A6383E7041307100A638FDB
:10957C00E7042685EF7030562165218DF240624458
:10958C00D2444249056182801307300A6388E7069A
:10959C001307000CE39FE7FC03A681D9814503D593
:1095AC004184EF300215A380A400E1B7C16703D753
:1095BC004184F917E30FF7FA834715009305000868
:1095CC00CDDB03450900EF80202165B7C16703D7C8
:1095DC004184F917E30FF7F883471500930500044E
:1095EC00C9DBC5B7C16703D74184F917E303F7F8A3
:1095FC008347150093050010ADDFE1B7C16703D7B2
:10960C004184F917E307F7F683471500BDD393059B
:10961C00002045BF93F7150013C51500A5F393F76C
:10962C00450099CF83C7E1851307401F9546214616
:10963C00A14503D54184EF40422F134544003DBF63
:10964C0093F7850013C5850095FB93F7050499CB1B
:10965C0083A68187114685450545EFB05F9A134572
:10966C00040429BF93F7050899CB83A6C18721462B
:10967C0085451145EFB0BF981345040801B793F722
:10968C000510B1CF2316010083A541878147814680
:10969C00138501981D46054803C705003357F7404D
:1096AC00058B09E76384C7028507FDB73387A700DD
:1096BC0083480700138706010A97230E17FF638759
:1096CC00C7008507638406018546F9B7740009460F
:1096DC0085450945EFB0BF921345041045B593F786
:1096EC00052099CB83A60187094685450D45EFB02A
:1096FC001F911345042059B513F50501E30005E846
:10970C0017B5020013058534EF40A0338547238E2F
:10971C00F1D8134504019DB536882A8EBA86AE88D9
:10972C0032833E87631308068D679387D7A483C65D
:10973C0006006313F60489476390F5040546B547A4
:10974C00639BC604138641DE03480700834706006B
:10975C00137818000608F59BB3E707012300F60001
:10976C0003460700938781DE098A01CE03C60700F2
:10977C00136626002380C7001A86C68572856FB0D3
:10978C00BFD503C60700759AF5B7854881476314A2
:10979C0018016FB0FFD93E85828001111306E100DC
:1097AC008545014506CEEF00A0738357E1008D4639
:1097BC00054763E5F600850713F7F70FF240A38E14
:1097CC00E1840561828001112317A1001306E100D9
:1097DC008545014506CE312DF2400561828001118F
:1097EC00170500001305C5D406CE22CC26CAEF807F
:1097FC00C0599384E18505442380A40070008545FD
:10980C001305503023068100EF40424A1386018530
:10981C009D4513056030EF4062491796FE1F1306F5
:10982C00A643DD4513057030EF40424817B60200E1
:10983C0013068622D5450145EFC070658D47700033
:10984C009145130570402305F10023048100A30505
:10985C00810002C6A3040100EF30221130008545BF
:10986C0013050040EF306210130691008545130577
:10987C001040EF30820F1306A100854513052040E0
:10988C00EF30A20E1306B100854513055040EF30A2
:10989C00C20DA9477000854505452306F100EFB0C0
:1098AC008F97EFB03FAB9795FE1F9385E5391385E6
:1098BC008184EFB08FF3624403C50400F240D244BC
:1098CC00854505616F705071011106CE22CC26CAF8
:1098DC004AC8631E050C6800EFA0FFEC9387018C4F
:1098EC00984337140040B704020023ACE18A176791
:1098FC0000001307E78B98C3138741DB83470700EE
:10990C001389C1DB93E717002300F700EF50905B3E
:10991C00130680079305E00A0145EF00702FEF1046
:10992C00C00E1306400B9D451305D005EF00502EBD
:10993C001307C40C1C438D45C58F1CC3032509009C
:10994C00EFA0FFA71307840C832609001C43654571
:10995C00138981DBD58F1CC39770FE1FE780E0DC79
:10996C00032509008945EFA0BF9B032509008D4500
:10997C0093170501C183231EF408EFA03FAEB7E790
:10998C0000E023A097103245EFA0BFE385479386F4
:10999C00C1861397270083C71600F2406244ED9BE3
:1099AC00D98FA380F600D244424905618280994741
:1099BC006382F50683A7818B23A0F18C138741DB8F
:1099CC008347070093E717002300F700EF1080147C
:1099DC00130680079305F00A0145EF007023130668
:1099EC00400B930540021305D005EF007022B7170A
:1099FC0000409387C70C984383A6C1DB558F98C34F
:109A0C00B7E700E03707020023A0E71801000100C8
:109A1C008147B5BF9770FE1FE780A0BDD5B7B7B71C
:109A2C005555378700209387A7AA232EF7FE177367
:109A3C00FE1F670003BC1773FE1F670083BB411139
:109A4C0006C622C41384E1860345040029468545D5
:109A5C00EF70D06A03450400130600029145EF70C5
:109A6C00F069034504001306000393050008EF702A
:109A7C00F06803450400130600048945EF70106874
:109A8C00034504001306000593050002EF701067F0
:109A9C00034504001306000693050004EF701066DE
:109AAC00034504002244B240130600039305004012
:109ABC0041016F70B06499C16FF01FE182809D47C6
:109ACC0063ECA704411106C68D47AA8563EAA7007B
:109ADC00854763EEA7026302F502B2404101828022
:109AEC009147E31CF5FE91450145EFF0FFDDB240D7
:109AFC0041011763FE1F6700035D85450145EFF0CB
:109B0C00BFDCB24041011763FE1F67000358B2402F
:109B1C00014541016FF03FFA8280130101BB0546FC
:109B2C0097B502009385C5F4680423261144EFD041
:109B3C00EF92B547631CF502930600207000814537
:109B4C0017B502001305C5F2EFD0BF96054697B5C1
:109B5C0002009385E5F10145EFD04F90054697B58E
:109B6C0002009385E5F06804EFD04F8F138701DE78
:109B7C0083471700133515000546F99BC98F97B518
:109B8C0002009385E5EE0145A300F700EFD00F8DA1
:109B9C008320C144130101458280A5462A8785474D
:109BAC0063F2A60293063006894763FDA60093066E
:109BBC00703E8D4763F8A60089679387F770B3B73B
:109BCC00A70091070545B386F500631FA60213068F
:109BDC000002138517002380C600A38006001375AE
:109BEC00F50F29462548B376C702FD1793F7F70FF3
:109BFC00B388F500938606032380D800BA863357C2
:109C0C00C702E362D8FE828009456314A600294688
:109C1C00C9B7238006003E85E9B72A8781472946C4
:109C2C0029482380F5008306070093F8F6FD63842A
:109C3C0008006398C6003305A74005051375F50F9A
:109C4C008280B3870703050793F7F70F2380F5008E
:109C5C008346F7FF938707FDB69793F7F70FD1B7B6
:109C6C002A878147294629482390F5008306070057
:109C7C0093F8F6FD638408006398C6003305A7408B
:109C8C0005051375F50F8280B38707030507C20717
:109C9C00C1832390F5008306F7FF938707FDB697E2
:109CAC00C207C183D1B7130101B9232481461384A0
:109CBC0001DE8347140023261146858BD1C305464C
:109CCC0097B502009385C5DA6814EFC03FF92DE90A
:109CDC00294697B502009385E5D94800EFC01FFDD2
:109CEC0021E98A861306201A97B50200938545DC74
:109CFC004800EFD08FB88A861306201A97B5020059
:109D0C00938525F54800EFD04FB78A861306301A95
:109D1C0097B502009385050E4800EFD00FB64800AA
:109D2C00EFD0EFDE8347140093E71700A300F40095
:109D3C00054697B502009385A5D30145EFC01FF2E8
:109D4C008320C1460324814613010147828083C7C7
:109D5C0011DE858BD1CF1301019923248166232039
:109D6C0021672A842E89054697B50200938545D034
:109D7C001305C1422326116623229166EFC01FEE04
:109D8C001DE1294697B502009385C5CF4804EFC065
:109D9C00FFF1814439C1054697B50200938545CD45
:109DAC000145EFC0BFEB8320C16603248166832489
:109DBC00416603290166130101678280035509007E
:109DCC005C00B38597000946EFF03FDDAA947D1443
:109DDC0093F4F40F09091374F40F6DF08A86268638
:109DEC004C004804EFD06FA94804EFD04FD265B7B0
:109DFC00828083C711DE858B6383070E1301019765
:109E0C002322916823202169232E31672A89AE846D
:109E1C00B28997B502009385A5C505461305C143C4
:109E2C002326116823248168EFC05FE331ED0D46D2
:109E3C0097B50200938505C5480CEFC03FE70DEDC3
:109E4C001408130600204C08480CEFD0AF890144CD
:109E5C00631909042289A5E4A285480CEFD04FCDE3
:109E6C005C08140833068940B3858700480CEFD092
:109E7C00CFA0480CEFD0AFC9054697B5020093852B
:109E8C0025BF0145EFC09FDD8320C1680324816895
:109E9C0083244168032901688329C167130101697F
:109EAC0082805C08338587009305E100EFF05FDB6F
:109EBC002A947D191374F40F1379F90F51BF03D53C
:109ECC0009005C08B38527010946EFF01FCD2A99DC
:109EDC00FD141379F90F890993F4F40FADBF828047
:109EEC0083C711DE858BE9C313010198232A916680
:109EFC0023282167232631672A89AE84B28997B536
:109F0C0002009385E5B605461305C142232E116662
:109F1C00232C8166EFC09FD421E1054697B5020042
:109F2C00938545B64804EFC07FD819ED8A86130691
:109F3C0000204C004804EFC0FFFA0144631B0902E7
:109F4C00B1E44804EFD0AFBC054697B50200938549
:109F5C0025B20145EFC09FD08320C16703248167E0
:109F6C0083244167032901678329C16613010168B2
:109F7C0082805C0033858700CE85EFF07FCE2A94FB
:109F8C007D191374F40F1379F90F4DBF5C00CE8556
:109F9C0033858700EFF0DFCC2A94FD141374F40F93
:109FAC00890993F4F40F69BF828083C711DE858B16
:109FBC00F1CB13010198232A91660546AA8497B523
:109FCC0002009385E5AA1305C142232E1166232CAA
:109FDC0081662328216723263167232441672322A6
:109FEC005167EFC0BFC735ED294697B50200938581
:109FFC00A5AA4804EFC09FCB29ED814901441D4A15
:10A00C00930A8003014921A8B387240103C50700E3
:10A01C0005460509EFF07FB82A941374F40F5C0021
:10A02C00B3858700E31249FF03C574000946A109F3
:10A03C00EFF0BFB62A941374F40FA104E39459FD06
:10A04C008A8622864C004804EFD02F834804EFD038
:10A05C000FAC054697B50200938585A10145EFC06D
:10A06C00FFBF8320C16703248167832441670329D1
:10A07C0001678329C166032A8166832A416613011D
:10A08C0001688280828083C711DE858BF9C713013A
:10A09C000198232631670546AA8997B50200938556
:10A0AC00259D1305C142232E1166232C8166232A7C
:10A0BC00916623282167232441672322516723209B
:10A0CC006167EFC0BFB90DED054697B502009385EA
:10A0DC00A59C4804EFC09FBD01ED8A8613060020A5
:10A0EC004C004804EFC01FE03DC14804EFD02FA244
:10A0FC00054697B502009385A5970145EFC01FB69D
:10A10C008320C16703248167832441670329016786
:10A11C008329C166032A8166832A4166032B016663
:10A12C001301016882805C00B3052A013385870026
:10A13C00EFF0BFAE2A9405091374F40FE31559FF21
:10A14C00A104E38464FB0149338A9900E9BF81448B
:10A15C000144A14A130B8003FDB7828083C711DE33
:10A16C00858BE1CB13010198232C8166232A916600
:10A17C002A84AE84054697B502009385658F130536
:10A18C00C142232E116623282167232631672324FD
:10A19C00416723225167EFC07FAC3DE92946A28578
:10A1AC004804EFC0BFB029ED81490144354A930AF8
:10A1BC004005014921A8B387240103C507000546C2
:10A1CC000509EFF09F9D2A941374F40F5C00B3857E
:10A1DC008700E31249FF03C5D4000946B909EFF023
:10A1EC00DF9B2A941374F40FB904E39459FD8A8607
:10A1FC0022864C004804EFC05FE84804EFD02F9152
:10A20C00054697B502009385A5860145EFC01FA5AD
:10A21C008320C16703248167832441670329016775
:10A22C008329C166032A8166832A4166130101686A
:10A23C008280828083C711DE858BE9C71301019868
:10A24C00232C8166232631672A84AE89054697B56F
:10A25C0002009385E5811305C142232E1166232A42
:10A26C0091662328216723244167232251672320E9
:10A27C006167EFC0BF9E15E90546A2854804EFC093
:10A28C00FFA201ED8A86130600204C004804EFC0A3
:10A29C007FC53DC14804EFD08F87054697A50200C6
:10A2AC009385057D0145EFC07F9B8320C167032407
:10A2BC00816783244167032901678329C166032AC7
:10A2CC008166832A4166032B016613010168828033
:10A2DC005C00B3052A0133858700EFF01F942A94A4
:10A2EC0005091374F40FE31559FFB904E38464FBF7
:10A2FC000149338A9900E9BF81440144B94A130BDF
:10A30C004005FDB78280411185450D6506C6EFA05D
:10A31C000F8BB7250600014593072005116793069F
:10A32C0000400146938505A8EFA06FA7B2400545F4
:10A33C0041016FA00F9AB757004083D6078003D610
:10A34C00478003D8078203D5C78183D5878003D77D
:10A35C000780A1684208336717012390E78003D771
:10A36C000780135808014205460745832390E78070
:10A37C0003D707804181C20542074183799B42077D
:10A38C0041832390E78023900783239EA780420676
:10A39C00C1812394B780C20641822392C780C182B7
:10A3AC002390D78003D70780136717002390E7808B
:10A3BC008280011122CC26CA06CE36C6AA842E84EF
:10A3CC0019CE2285829419CDB24789CFB247FD1799
:10A3DC003EC6C5BFB24799C7B247FD173EC62285D8
:10A3EC0082946DD997A7FFFF93876734639AF40023
:10A3FC00B70702006316F400B24799E3EFF0BFF31E
:10A40C003245F2406244D244133515000561828016
:10A41C00011126CA4AC84EC62E89AA89B28493064F
:10A42C0000020546B705020017A5FFFF13052530EE
:10A43C0006CE22CCEFF0FFF72A840545EFA06F8BF8
:10A44C00B7050300930600020146850517A5FFFF1B
:10A45C001305E52BEFF0FFF52A9481452685EFA037
:10A46C002F91B70407009385240893060002014638
:10A47C0017A5FFFF1305A529EFF0BFF31374F40F15
:10A48C002A944E85EFA04F8D938504089306000205
:10A49C00014617A5FFFF13058527EFF09FF11374F5
:10A4AC00F40F2A944A85EFA02F8B9385040893060A
:10A4BC000002014617A5FFFF13056525EFF07FEF9E
:10A4CC001374F40F2A940545EFA0CF841374F40F82
:10A4DC00F24022856244D2444249B24905618280ED
:10A4EC00011126CA4AC84EC6328952C405462A8A68
:10A4FC00B684AE8993060002B705020017A5FFFFCC
:10A50C001305E52206CE22CCEFF0BFEA2A840545DE
:10A51C00EF903FFEB7050300930600020146850548
:10A52C0017A5FFFF1305A51EEFF0BFE82A94814580
:10A53C004A85EFA0EF833709070093052908930696
:10A54C000002014617A5FFFF1305651CEFF07FE61F
:10A55C001374F40F2A945285EFA00F809305090809
:10A56C0093060002014617A5FFFF1305451AEFF0ED
:10A57C005FE41374F40F2A942685EF90FFFD930586
:10A58C00090893060002014617A5FFFF13052518BD
:10A59C001374F40FEFF0FFE12A941374F40F130902
:10A5AC00090817AAFFFF130A8A1689EC0545EF90D4
:10A5BC007FF6F24022856244D2444249B249224A93
:10A5CC000561828003C50900FD1493F4F40FEF902C
:10A5DC00BFF8930600020146CA855285EFF07FDD75
:10A5EC002A941374F40F8509C9B7011126CA4AC8F5
:10A5FC0052C4B2842A8A2E89930600020546B705F6
:10A60C00020017A5FFFF1305851206CE22CC4EC6FD
:10A61C0056C2EFF01FDA2A840545EF909FEDB7097B
:10A62C0003009306000201469385190017A5FFFF4E
:10A63C001305E50DEFF0FFD72A9481452685EF90A1
:10A64C003FF3B70A070093852A08930600020146D8
:10A65C0017A5FFFF1305A50BEFF0BFD51374F40F6F
:10A66C002A945285EF905FEF93850A0893060002B7
:10A67C00014617A5FFFF13058509EFF09FD313744F
:10A68C00F40F2A940545EF90DFE69306000201468D
:10A69C009385190017A5FFFF13056507EFF07FD110
:10A6AC001374F40F2A9485452685EF907FEC9385DF
:10A6BC00290093060002014617A5FFFF1305250587
:10A6CC00EFF03FCF1374F40F2A940145EF909FE401
:10A6DC000145EF905FE6B7050010930600060146B2
:10A6EC009385050417A5FFFF13056504EFF07FCCD8
:10A6FC001374F40F2A94EF90DFE62300A9000545AC
:10A70C00EF905FE10545EF901FE31374F40FF240F7
:10A71C0022856244D2444249B249224A924A056196
:10A72C008280011126CA4AC84EC656C2B289AA8A6C
:10A73C0005463689AE8493060002B705020017A5BC
:10A74C00FFFF1305C5FE06CE22CC52C45AC0EFF053
:10A75C005FC62A840545EF90DFD9370A03009306BC
:10A76C000002014693051A0017A5FFFF130525FAF1
:10A77C00EFF03FC42A9481454E85EF907FDF370B75
:10A78C00070093060002014693052B0817A5FFFF4F
:10A79C001305E5F7EFF0FFC11374F40F2A945685F7
:10A7AC00EF909FDB93060002014693050B0817A55B
:10A7BC00FFFF1305C5F5EFF0DFBF1374F40F2A94F8
:10A7CC000545EF901FD393060002014693051A002E
:10A7DC0017A5FFFF1305A5F3EFF0BFBD1374F40F1E
:10A7EC002A9485454E85EF90BFD893052A00930691
:10A7FC000002014617A5FFFF130565F1EFF07FBBC3
:10A80C001374F40F2A947D190145B70900101374C1
:10A81C00F40FEF903FD01379F90F130AF00F9389CF
:10A82C00090497AAFFFF938A8AF06313490305452D
:10A83C00EF905FCE0545EF901FD0F2402285624429
:10A84C00D2444249B249224A924A024B0561828063
:10A85C000145630309000545EF90FFCD9306000603
:10A86C000146CE855685EFF0DFB42A948504EF902F
:10A87C005FCF7D191374F40FA38FA4FE1379F90F16
:10A88C006DB7011126CA4AC84EC63689B2899306DD
:10A89C00000205465AC0AE842A8BB705020017A5E4
:10A8AC00FFFF1305C5E806CE22CC52C456C2EFF00A
:10A8BC005FB02A840545EF90DFC3370A0300930687
:10A8CC000002014693051A0017A5FFFF130525E4A6
:10A8DC00EFF03FAE2A9481454E85EF907FC9B70AC1
:10A8EC00070093852A0893060002014617A5FFFF6F
:10A8FC001305E5E1EFF0FFAB1374F40F2A945A85BE
:10A90C00EF909FC593850A0893060002014617A590
:10A91C00FFFF1305C5DFEFF0DFA91374F40F2A94C2
:10A92C004A85EF907FC393850A089306000201467F
:10A93C0017A5FFFF1305A5DDEFF0BFA71374F40FE8
:10A94C002A940545EF901FBD0545EF909FBA9306DD
:10A95C000002014693051A0017A5FFFF130525DB1E
:10A96C00EFF03FA51374F40F2A9485454E85EF90B4
:10A97C003FC093052A0093060002014617A5FFFF6E
:10A98C001305E5D8EFF0FFA21374F40F2A947D1988
:10A99C000145B70900101374F40FEF90BFB713798A
:10A9AC00F90F130AF00F9389090497AAFFFF938AF2
:10A9BC000AD8631349030545EF90DFB50545EF90C1
:10A9CC009FB7F24022856244D2444249B249224A9E
:10A9DC00924A024B056182800145630309000545DB
:10A9EC00EF907FB5930600060146CE855685EFF0B5
:10A9FC005F9C2A948504EF90DFB67D191374F40FD5
:10AA0C00A38FA4FE1379F90F6DB7411193060002C1
:10AA1C000546B705020017A5FFFF130545D106C66D
:10AA2C0022C426C2EFF0FF982A840545EF907FAC34
:10AA3C00B7050300930600020146850517A5FFFF25
:10AA4C001305E5CCEFF0FF962A9481451305B0026F
:10AA5C00EF901FB2B70407009385240893060002F9
:10AA6C00014617A5FFFF130585CAEFF09F941374D9
:10AA7C00F40F2A9413052002EF901FAE938504085F
:10AA8C0093060002014617A5FFFF130545C8EFF01A
:10AA9C005F921374F40F2A940145EF90FFAB9385EA
:10AAAC00040893060002014617A5FFFF130525C6EF
:10AABC00EFF03F901374F40F2A940545EF90DFA943
:10AACC009385040893060002014617A5FFFF1305A2
:10AADC0005C4EFF01F8E1374F40F2A942145EF90E8
:10AAEC00BFA79385040893060002014617A5FFFF34
:10AAFC001305E5C1EFF0FF8B1374F40F2A94054591
:10AB0C00EF905FA11374F40FB2402285224492445B
:10AB1C00410182804111930600020546B7050200EF
:10AB2C0017A5FFFF1305A5C006C622C426C2EFF069
:10AB3C005F882A840545EF90DF9BB70503009306D9
:10AB4C0000020146850517A5FFFF130545BCEFF074
:10AB5C005F862A9481451305B002EF907FA1B7045C
:10AB6C0007009385240893060002014617A5FFFFF2
:10AB7C001305E5B9EFF0FF831374F40F2A94130552
:10AB8C002002EF907F9D93850408930600020146F6
:10AB9C0017A5FFFF1305A5B7EFF0BF811374F40FD2
:10ABAC002A940145EF905F9B93850408930600025D
:10ABBC00014617A5FFFF130585B5EFF08FFF137442
:10ABCC00F40F2A940145EF903F999385040893065E
:10ABDC000002014617A5FFFF130565B3EFF06FFDEB
:10ABEC001374F40F2A942145EF901F979385040852
:10ABFC0093060002014617A5FFFF130545B1EFF0C0
:10AC0C004FFB1374F40F2A940545EF90BF90137407
:10AC1C00F40FB240228522449244410182804111BA
:10AC2C00930600020546B705020017A5FFFF1305A2
:10AC3C0005B006C622C426C2EFF0AFF72A8405453C
:10AC4C00EF903F8BB7050300930600020146850584
:10AC5C0017A5FFFF1305A5ABEFF0AFF52A948145BF
:10AC6C001305B002B7040700EF909F90938524085A
:10AC7C0093060002014617A5FFFF130545A9EFF047
:10AC8C004FF31374F40F2A9413055002EF90DF8CDA
:10AC9C009385040893060002014617A5FFFF1305D0
:10ACAC0005A7EFF00FF11374F40F2A940145EF9000
:10ACBC00BF8A9385040893060002014617A5FFFF7F
:10ACCC001305E5A4EFF0EFEE1374F40F2A94194575
:10ACDC00EF909F889385040893060002014617A500
:10ACEC00FFFF1305C5A2EFF0CFEC1374F40F2A94F9
:10ACFC000145EF907F869385040893060002014678
:10AD0C0017A5FFFF1305A5A0EFF0AFEA1374F40F1E
:10AD1C002A9413059002EF903F84938504089306C0
:10AD2C000002014617A5FFFF1305659EEFF06FE8C3
:10AD3C001374F40F2A9413057007EF90FF81938519
:10AD4C00040893060002014617A5FFFF1305259C76
:10AD5C00EFF02FE61374F40F2A9413057007EF909D
:10AD6C00AFFF9385040893060002014617A5FFFF69
:10AD7C001305E599EFF0EFE31374F40F2A94130520
:10AD8C007007EF906FFD938504089306000201464F
:10AD9C0017A5FFFF1305A597EFF0AFE11374F40FA0
:10ADAC002A940545EF900FF71374F40FB2402285E7
:10ADBC002244924441018280411122C485452A8457
:10ADCC00216506C6EF90AFDFEFF07FE519C922854C
:10ADDC002244B24097A502009385051C41016F7077
:10ADEC00D25AB2402244410182807971C1679D07D9
:10ADFC0068003EC406D622D426D24AD04ECE52CCBF
:10AE0C00EF907F9A930600020546B705020017A53E
:10AE1C00FFFF1305C591EFF0CFD92A840545EF90BC
:10AE2C004FEDB7040300930600020146938514000E
:10AE3C0017A5FFFF1305A58DEFF0AFD785452A8A1F
:10AE4C001305B002EF90CFF2938524009306000215
:10AE5C00014617A5FFFF1305858BEFF08FD5AA8947
:10AE6C000145EF902FEB0545EF90EFECB705001087
:10AE7C009306000601469385050417A5FFFF1305ED
:10AE8C00058BEFF00FD3AA84EF90AFED83478100D1
:10AE9C0005496318F50052944E94330594001379C8
:10AEAC00F50FB705001093060006014693850504BF
:10AEBC0017A5FFFF1305A587EFF0AFCF2A84EF90FE
:10AECC004FEA8347910085446315F50022999374EA
:10AEDC00F90FB7050010930600060146938505048B
:10AEEC0017A5FFFF1305A584EFF0AFCC2A89EF90CF
:10AEFC004FE78347A10005446315F500CA9413F48A
:10AF0C00F40FB70400109385040493060006014661
:10AF1C0017A5FFFF1305A581EFF0AFC92A94EF9099
:10AF2C004FE493850404A305A10093060006014693
:10AF3C00138981871795FFFF1305657FEFF06FC7A6
:10AF4C00832909001374F40F2A94EF908FE19385F1
:10AF5C000404A380A9009306000601461795FFFF81
:10AF6C001305E57CEFF0EFC4032909001374F40F0B
:10AF7C002A94EF900FDF9385040493060006014694
:10AF8C002301A9001795FFFF1305657AEFF06FC237
:10AF9C001374F40F2A940145EF90EFD9EF906FDC06
:10AFAC00A305A1000545EF90EFD60545EF90AFD86E
:10AFBC0032451374F40FEF90DF80B2502285225487
:10AFCC0092540259F249624A45618280411193853B
:10AFDC00014A17A502001305E5FC06C6EFF08FA584
:10AFEC00B2409385C14417A502001305E5FC41014D
:10AFFC006FF04FA441119385014A17A50200130568
:10B00C0065FA06C6EFF08F95B2409385C14417A53B
:10B01C000200130565FA41016FF04F943971130664
:10B02C00E002979502009385A5080A8506DE22DCCE
:10B03C00EF803F8D1306400597A502009385C5212F
:10B04C001385014AEF80FF8B1306400597A502007C
:10B05C009385451B1385C144EF80BF8A1384013C43
:10B06C001306800397A50200938545162285EF8071
:10B07C005F89EFF03FF82285EFE03FF38A855D456D
:10B08C00EFE0FFCCEFE03FC2F250625421618280CE
:10B09C009387014A9386C14403C737056319B700E8
:10B0AC00A389A704FD17E399D7FE6FF0BFF4E31B48
:10B0BC00A7FEA389B704FDB7011122CC138441DB91
:10B0CC000346040006CE26CA4AC89377460063801E
:10B0DC00074483A7C18703C73700054515E72396A7
:10B0EC00A1DA03C727009386B1DA83C706000DEFF8
:10B0FC0095C389456399B71A83C7A1DA91466393BF
:10B10C00D704A384E1DA0145F2406244D2444249B7
:10B11C00056182801387A1DA834707002380A6008C
:10B12C00C19B2300F700C5B78945E387B7FC1945D8
:10B13C006310A7021387A1DA834707002380B600A8
:10B14C00B18BC5B7A146E390D7FC2384E1DA65BF88
:10B15C00C945631DB7009305000A638BB7129307AB
:10B16C0000FA2380F600238501DA71BFD5456319F7
:10B17C00B7009305100B6382B714930710FBD5B778
:10B18C00F5456319B7009305A0056388B7122380B2
:10B19C00B600D1BF930590026319B7009305200B3D
:10B1AC006387B712930720FB6DBF95456319B700F2
:10B1BC009305000B6383B714930700FB5DB79305EE
:10B1CC00D0026315B7029305100C6382B710930776
:10B1DC0010FC03A741872380F6008347070093E701
:10B1EC0007012300F700EF108038B5BF9305E0028C
:10B1FC006311B7029305000C6381B710930700FC31
:10B20C0003A741872380F6008347070093E7870055
:10B21C00C9BF9305C0046318B7009305E00F638A98
:10B22C00B710F9573DBFDD456319B7009305000D05
:10B23C006388B70E930700FD2DB7F1456319B7006E
:10B24C009305100D6385B70C930710FD19BF93057B
:10B25C0030046319B700930500086386B70E930793
:10B26C0000F801B7930540046319B7009305100863
:10B27C006389B710930710F8EDB593055004631963
:10B28C00B700930520086388B710930720F8D1BD49
:10B29C00930520046319B70093053008638FB70A30
:10B2AC00930730F87DBDE1456319B700930540085D
:10B2BC006387B710930740F86DB5A9456319B700BC
:10B2CC0093055008638CB710930750F859BD93053C
:10B2DC00B0046319B70093050009638FB70E930789
:10B2EC0000F941B59305E0046319B7009305100903
:10B2FC006384B70E930710F9ADB59305700263180C
:10B30C00B7001307F00E6381E720BD5799BDF945CF
:10B31C006318B7001307100E6388E71E855791B5A5
:10B32C00FD456318B7001307200E638FE71C895780
:10B33C000DBD930500026318B7001307300E63852B
:10B34C00E71C8D5739BD930510026318B70013071E
:10B35C00400E638BE71A915729B59305A003631828
:10B36C00B7001307000F6381E71AC157DDBB9305C4
:10B37C00B0036318B7001307100F6387E718C5579E
:10B38C00CDB39305C0036318B7001307200F638D6B
:10B39C00E716C957F9B39305D0036318B700130721
:10B3AC00300F6383E716CD576DBB9305E00363182D
:10B3BC00B7001307400F6389E714D1575DB39305AA
:10B3CC00F0036318B7001307500F638FE712D557BC
:10B3DC0049BB8546E389D7D26388071263160712E7
:10B3EC0003C5B1DA9307200B630AF52063E0A70AC3
:10B3FC009307100963E1A70693178501E18763CED4
:10B40C00070289476308F5169307A005630FF51A21
:10B41C0085476304F510239601DAF5B17D05937722
:10B42C00F50F7947E369F7FE17A70200130787C6E4
:10B43C008A07BA979C43BA97828713450508C54774
:10B44C00E3EBA7FC17A70200130787CC0A053A9574
:10B45C001C41BA9782879307000B630FF51A930769
:10B46C00100B6308F5189307000AE316F5FAA38589
:10B47C0001DA098A6303061495450945EF20205823
:10B48C0083470400F59B2300F40071B79307000E6B
:10B49C00E3E6A7F89307000D6305F52063E6A70222
:10B4AC009307000C630FF5169307100CE315F5F6D4
:10B4BC00A38501DA03A7418783470700BD9B2300BF
:10B4CC00F700EF10C00A81BF9307100DE315F5F4D8
:10B4DC009386C186A38501DA83C7060097A502006F
:10B4EC009385C5B213C7F7FF1377070493F7F7FBE0
:10B4FC00D98F2380F60093F7070489E797A50200FC
:10B50C00938505B14145C9AAA38501DAA9B983D7A9
:10B51C00C1DA0545E38A07BEE1B59387A1DA83C595
:10B52C000700C10593F5F50F2380B70093070005BD
:10B53C006392F502238501DAA38501DAEFF01FAEE1
:10B54C0017A502001305C5A8EF20A04F056513052C
:10B55C0085BB31A89307F002E3FFB7EA918117A5E9
:10B56C0002001305A5A7EF20C04D1305C05DEF2009
:10B57C00206755B51387A1DA83470700B1469107B9
:10B58C0093F7F70F6385D7002300F70069B517A56C
:10B59C000200130565A5238501DAA38501DAEF20E6
:10B5AC00404A0565130585BBEF20806383C591DA9E
:10B5BC0003C581DAEFF0DFADB9BD0145EF203006F0
:10B5CC008347040093E727007DBD1387B1DDA38576
:10B5DC0001DA8347070017A502001305A5A193B64E
:10B5EC0017002300D700ADD317A50200130545A102
:10B5FC00A1BFA38501DAEFE00FC431BDA38501DA49
:10B60C0083C7C186918BE38807E09305000803C5C7
:10B61C0081DFEF60601C01B5A38501DAEFE02FC07C
:10B62C00DDBBA38501DA03A7418783470700DD9BB8
:10B63C0079B5A38501DA9384C186838704001389C5
:10B64C00018C63CA07028347040093E717002300A9
:10B65C00F40097470000938707BD2320F900EF40C3
:10B66C00604D0545EF20006C83C7040093E707F895
:10B67C002380F4004DB30145EF20C06A97470000CA
:10B68C00938707B32320F90083C704002146914513
:10B69C0093F7F7072380F40003C5E186EF600026DB
:10B6AC009DBB9386C186A38501DA83C7060097A547
:10B6BC0002009385A59513C7F7FF1377070293F73D
:10B6CC00F7FDD98F2380F60093F7070289E797A53A
:10B6DC0002009385E5933D45EF20C03E1305007DA8
:10B6EC0079B5A38501DA83C7C186858B81CB17A574
:10B6FC00020013056592EF20C034CDB7231601006C
:10B70C00700085450945EFE0CFEEF5B5A38501DA6C
:10B71C0083C7C186898B17A502001305A590E1FF8D
:10B72C0085472316F100E9BFA38501DA83C7C186DB
:10B73C00918B17A502001305A58FD5FF8947D5B7A7
:10B74C00A38501DA83C7C186A18B17A50200130557
:10B75C00A58ED5F38D47F1B7A38501DA854713067E
:10B76C00A10085450945231501002316F100EFE0E2
:10B77C004FE8700085450D4579B71387C1DDA3856A
:10B78C0001DA8347070093B617002300D700ADC337
:10B79C0017A502001305058BEF20A02A1305007DC9
:10B7AC001384E186EF20C0430345040029468545F8
:10B7BC00EF60C01403450400130600039305000852
:10B7CC00EF60C01303450400130600048945EF60C5
:10B7DC00E012034504001306000693050004EF6015
:10B7EC00E0110345040013060003930500407DB5EA
:10B7FC0017A502001305C585EF20001329B9A385F1
:10B80C0001DA83C7C186A18BE38707C0138701DEEA
:10B81C008347070093E707F885BBA38501DA83C745
:10B82C00C186A18BE38907BE138701DE834707001E
:10B83C0093F7F70791BBA38501DA2164FD579305B4
:10B84C0004C093060040014625453EC6130404C0BF
:10B85C009750FE1FE7804036A164A2859146700088
:10B86C00294511049750FE1FE7800035E31794FE1D
:10B87C0083C7C186898B179502001305257EE38C3F
:10B88C0007E6EF20600A130520039750FE1FE780A0
:10B89C00C0E995B31375F50FA38501DAEFD0BFF2AC
:10B8AC0099BBA38501DA8347040097950200938521
:10B8BC002576454593E717002300F400EF20802000
:10B8CC001305007DEF20C031974700009387A795A3
:10B8DC0023A0F18C0145EF50C04A35BEA38501DA97
:10B8EC00834704009795020093850578454593E7B7
:10B8FC0017002300F400EF20E01C1305007DEF205F
:10B90C00202E974700009387479223A0F18C054582
:10B91C00D9B7A38501DA8347040097950200938574
:10B92C002575454593E717002300F400EF20801997
:10B93C001305007DEF20C02A974700009387A79737
:10B94C0023A0F18C094541BFA38501DA834704008C
:10B95C009795020093858572454593E71700230060
:10B96C00F400EF2020161305007DEF206027974789
:10B97C0000009387E78723A0F18C0D45A9BFA38511
:10B98C0001DA83470400979502009385A56F45451E
:10B99C0093E717002300F400EF20C0121305007D7D
:10B9AC00EF200024974700009387879C23A0F18CFD
:10B9BC00114515B7A38501DA83470400979502005A
:10B9CC009385C56C454593E717002300F400EF20E1
:10B9DC00600F1305007DEF20A020973700009387A0
:10B9EC00077F23A0F18C1545FDB5238501DAA385CE
:10B9FC0001DA15B4411106C622C4EFF02FDD138510
:10BA0C00013CEFE04FE8FD572386F14E1387C1DB75
:10BA1C001C43371400409306C40C93E7F7061CC371
:10BA2C0090428D451304840CD18F9CC20843EF8047
:10BA3C001F991C40938681DB17A702001307078709
:10BA4C0093E707041CC09C4217A6020013068689C4
:10BA5C000C431107CD8FE31DC7FE371700409CC266
:10BA6C001307C70A10438945D18F1CC38842EF8046
:10BA7C003F8B138701DB83470700B2402244E19BD5
:10BA8C002300F700410182809307050293F7F70F1B
:10BA9C009D4603A7C18763EFF60083460700130595
:10BAAC0005F28547B397A70093C7F7FFF58F2300DF
:10BABC00F700828093072700210783C6070089C6F9
:10BACC006314D500238007008507E398E7FE828086
:10BADC00397106DE22DC26DA4AD84ED652D456D23A
:10BAEC005AD05ECE62CC83C7C1DDD5E36800EF705F
:10BAFC000FE98347C100138471DA13F7170039C7B4
:10BB0C008357C1006800F99B2316F100EF700FEA10
:10BB1C0091472300F40021469385813E03A5C187FC
:10BB2C00EF703FDE138701DE8347170093E7270092
:10BB3C00A300F700F2506254D2544259B259225A1F
:10BB4C00925A025BF24B624C21618280898B85C3D5
:10BB5C008357C1006800F59B2316F100EF700FE5C9
:10BB6C0091472300F40021469385013F45BF83474D
:10BB7C00040091CFFD1793F7F70F2300F400DDFBC2
:10BB8C002146814503A5C187EF707FDB61BF938A96
:10BB9C0061DA83C70A0081C7FD172380FA0013847A
:10BBAC0001DB8347040013F7170005CB03C70A001A
:10BBBC000DE7F99B03A7C1872300F40093069003BC
:10BBCC0093072700210703C607006314D6002380C0
:10BBDC0007008507E319F7FEB1B7179B0200130B9B
:10BBEC00EB6C8144138A51DA138901DE938B018645
:10BBFC00938941DB034C0A0039479387813F330714
:10BC0C00EC02B71600409386460A03260B009442BA
:10BC1C00F18EBA97A69783C50700639D051EE9C2EE
:10BC2C0083C6090093F68603C5EE85462380D700AC
:10BC3C0083A6018C973700009387875B639CF60281
:10BC4C009797020093874753BA97A69783C7070025
:10BC5C001307F00F6380E7020D473387E7029387E2
:10BC6C00816983C6C18BBA972381D700A380D70083
:10BC7C002380D7008347190093E72700A300F9001E
:10BC8C008347040013F727001DC3B946B306DC0233
:10BC9C001387014A369726978346070013079003AC
:10BCAC006387E600E99B93E747002300F40003C792
:10BCBC0081DD83A70B0019C39387C144B946B30632
:10BCCC00DC02B697A69783C7070099CB1307F00F32
:10BCDC00639EE70083C7090093E747002380F900C0
:10BCEC008504B947110BE397F4F011AC1307A00FBF
:10BCFC006396E7049387818798439386C18617954B
:10BD0C00020013056545A30107009C43238107002E
:10BD1C0083C7160013C7F7FF218BDD9BD98FA38038
:10BD2C00F600A18B89E71795020013056543EF1008
:10BD3C0050511305C05DEF10B06A5DB71307200FAB
:10BD4C00637AF70203C70900B90793F57700939755
:10BD5C003500137777FCD98F2380F9009387F5FF93
:10BD6C008E079385013C2146BE9503A5C187EF70D4
:10BD7C005FB9BDB71307F00D637FF700938607F229
:10BD8C0003A7C1878547B397D70083460700D58F94
:10BD9C002300F700B1B71387F7021377F70F0946A3
:10BDAC006365E6029386F7F203A781878547B3970D
:10BDBC00D70083460700D58F2300F700834719006F
:10BDCC0093E74700A300F90021BF1387014A369778
:10BDDC0026978346070013079003639DE60093871D
:10BDEC00C14423A0FB008347040093E727002300F2
:10BDFC00F400FDB583A5C18709472146B386E5004C
:10BE0C0003C5060001E52380F600D9BD0507E3173D
:10BE1C00C7FEF9B5E39606EC2380070083471900AB
:10BE2C0093E72700A300F90083C781DD8DC39387B7
:10BE3C00C144BA97A69783C707001307F00F639BFB
:10BE4C00E700138741DB83470700ED9B91B783A77E
:10BE5C000B00C5B71307200F6371F702138741DB83
:10BE6C00834707002146814593F777FC03A5C187DB
:10BE7C002300F700EF70BFACA5B51387F70213775B
:10BE8C00F70F894663E1E6021387F7F283A68187F1
:10BE9C008547B397E70003C7060093C7F7FFF98FF1
:10BEAC002380F60021BFB947330CFC021387014AEB
:10BEBC00B3078701A69703C5070093079003631583
:10BECC00F50C23A0E18683470400F59B2300F400C6
:10BEDC0013F7470049C3F99B138741DB2300F40098
:10BEEC008347070093F68703BDC293F777FC21467F
:10BEFC00814503A5C1872300F700EF705FA483473A
:10BF0C000A0037160040179702001307A73D9386C7
:10BF1C00170093F6F60F8A072300DA001306C60CF7
:10BF2C00BA970C429C43CD8F1CC2954763F4D70043
:10BF3C00A38201DA03460A00B71700409387870CE7
:10BF4C000A06329794431843558F98C3E5B6834736
:10BF5C000400ED9B69BD03A6C1878947A146330741
:10BF6C00F6008345070089ED930790032300F70043
:10BF7C008D472380FA008347040093E7170085BDA3
:10BF8C008507E39ED7FCEDB7EFF01FB09387C14454
:10BF9C00E297A69703C50700EFF01FAF91B3797135
:10BFAC0026D24ECE52CCAA89AE84328A9795020004
:10BFBC009385C51B2946480022D44AD006D636891B
:10BFCC00EF703F9483A7C18783C727001307A00294
:10BFDC002944639CE704938641DA83C706001387E0
:10BFEC00413B99CFFD1793F7F70F2380F600BA97D3
:10BFFC00938601DA238007009C42B3D787029CC248
:10C00C0083070700A68599C39385413B17950200CA
:10C01C0013058515EF1050110545B250225492545A
:10C02C000259F249624A4561828013078002639B80
:10C03C00E70283C741DA63842701E31F09FCD28539
:10C04C001795020013054512EF10100E83A701DAA5
:10C05C0023A0F900238A013A238201DA23A001DA12
:10C06C00014565BF138727FE1377F70FA54663E2DB
:10C07C00E604C1078A9783C667FD938701DA984364
:10C08C00138641DA9385413B3304E40203470600EF
:10C09C00369480C39307170093F7F70F2E97938668
:10C0AC0006032300F6002300D700AE972380070079
:10C0BC00B1BF13079002E391E7F6A685179502002E
:10C0CC001305850A238A013A238201DA23A001DAB7
:10C0DC00EF1090051305F00F89B703A701DD83A7B7
:10C0EC00C1DC6363F7024111014506C6EF20002B4A
:10C0FC001305F00FEF10403C0145EF40704CB2407F
:10C10C0023A801DC4101828023A801DC828001117B
:10C11C00680006CEEF802FE91145EF707F91324514
:10C12C00EF802FEAF2400561828041119396250041
:10C13C00AA852D4506C69750FE1FE780E0A7B240A2
:10C14C00014541018280011122CC26CA939625001B
:10C15C002A84B284AA850146254506CE36C6975058
:10C16C00FE1FE78060A5B2462686A285294597501A
:10C17C00FE1FE78060A4F2406244D2440145056191
:10C18C008280011122CC06CE3714004026CA4AC840
:10C19C004EC652C483447405034AB40583498405CE
:10C1AC0003499405EF706FFE8347A40593F4F40FD5
:10C1BC00137AFA0F93E71700230DF40493F9F90F90
:10C1CC001379F90FB717004003C7A705058B6DFF4F
:10C1DC0003D5C705A38D4705238C3705A38C2705ED
:10C1EC00A38B9704F2406244D2444249B249224A9A
:10C1FC00056182809307F00F6301F504011122CCD5
:10C20C002A84214526CA4AC84EC606CEAE89328932
:10C21C00B684EF50000FAA8509C923003501A3008D
:10C22C00250144C12285EF504019F2406244D244AA
:10C23C004249B24901450561828005458280411120
:10C24C0026C206C622C44AC09384C186EFF05F881A
:10C25C0083C70400918B89CB814605469305A00AC0
:10C26C0003C581DFEFF01FF9138401DE834714004F
:10C27C00898BD5C383570400054993F7F7DF231047
:10C28C00F400EFF09FE583C7C1D9639E270399465D
:10C29C001796020013068606978502009385057B88
:10C2AC00138581D9EFF0BFCF3DE50565130585BB3F
:10C2BC00EF1010138146238E01D805469305000C10
:10C2CC0003C5E18555A083C741DB898BB9CBEFE072
:10C2DC00BFDE31C183C74188639F270383A7C18712
:10C2EC0083C7270011470D456386E7001D47639AF6
:10C2FC00E70011452244B2409244024941016F10BB
:10C30C00103269470545E387E7FE59470945E38342
:10C31C00E7FE0145E5F3B240224492440249410153
:10C32C008280EF40101AEFE03FD975D58347140097
:10C33C00918BD9C3835704000D46814593F7F7BF02
:10C34C002310F40003A5818705059750FE1FE78095
:10C35C00C0C083C7040013F7170011CF81460546F0
:10C36C009305100A03C5418B2244B2409244024902
:10C37C0041016FF03FE813F7270011CB034704008E
:10C38C00098B11C7814605469305100A15BF13F793
:10C39C00470001CF03470400118B01CB81460546B2
:10C3AC009305100A03C581DFC1B7A18BADD78347B5
:10C3BC000400A18BC5F7F9B783C7040013F7170066
:10C3CC0011C7814605469305000A69BF13F727007C
:10C3DC0011CB03470400098B11C781460546930511
:10C3EC00000AF9BD13F7470011CB03470400118B6A
:10C3FC0011C7814605469305000A6DB7A18B81DFF5
:10C40C0083470400A18BD5FFC9BFB717004083A792
:10C41C00470C2167F98F63920714411122C41384CE
:10C42C00C1868347040006C693F70702638E071084
:10C43C00EFF0BFCAEFE07F9B69E1834714001387DD
:10C44C00818793F7070299CF144383C71600B3076C
:10C45C00F040A380F600144383C72600B307F040D6
:10C46C002381F60083471400A18B99CB144383C717
:10C47C002600B307F040A381F6001C43238107007C
:10C48C001043838781860345160093158501E1854A
:10C49C00B3C6F50293F6F60F99E611C59306F00FA5
:10C4AC0063C305008546A300D60018430346270046
:10C4BC0093168601E186B3C7F60293F7F70F99E757
:10C4CC0011C69307F00F63C3060085472301F700DD
:10C4DC008347040013F717000DC7814605469305E3
:10C4EC00100A03C5418BEFF0FFD083471400898BF2
:10C4FC0089C783C791DD238CF1DCB2402244410112
:10C50C00828013F7270001CF03C701DE098B01CB13
:10C51C00814605469305100A03C5E185E9B713F773
:10C52C00470001CF03C701DE118B01CB81460546C5
:10C53C009305100A03C581DF7DB7A18BDDD783C7B7
:10C54C0001DEA18BD9FBE9B7138781DD8347070097
:10C55C00CDD7FD172300F7004DB7138781DD834737
:10C56C00070089C7FD172300F700828082804111E4
:10C57C0006C6EFF09FB683C7C18613F7170019CB19
:10C58C00814605469305200A03C5418BB240410103
:10C59C006FF05FC613F7270001CF03C701DE098BCD
:10C5AC0001CB814605469305200A03C5E185F9BFF9
:10C5BC0013F7470001CF03C701DE118B01CB814676
:10C5CC0005469305200A03C581DFC9B7A18B91C726
:10C5DC0083C701DEA18BCDF7E9B7B2404101828060
:10C5EC00411122C406C6138401DEEFF06FCE8347DF
:10C5FC001400898B9DCBEFF05FAE8357040093F74B
:10C60C00F7DF2310F400EFE03FAB05C183A7C18730
:10C61C0083C7270059476387E7046365F70211470F
:10C62C00638DE7049D466386D706138741DD1C4363
:10C63C0093060005850763E8F606B24022441CC346
:10C64C00410182806947E392E7FE97B7FE1F93870B
:10C65C0027A783C607000947E389E6FC0547238023
:10C66C00E700E1B797B7FE1F938787A583C607003E
:10C67C000547E38CE6FA0947DDB717B7FE1F13072A
:10C68C0027A483460700E382F6FA8D472300F700C0
:10C69C0069BF97B7FE1F9387A7A203C607008D46F5
:10C6AC00E31FD6FA59B72244B24023AA01DC410158
:10C6BC006F30804E411183C7C18606C622C413F762
:10C6CC00170051C703C701DE058B51C3938581DE6B
:10C6DC00944103A741DE9377170013F616009D8251
:10C6EC001D83858A058B6308D60283C605001E064A
:10C6FC0093F6F607D18E2380D50009446390E702A8
:10C70C00838781DE63DE0710179502001305C52DA4
:10C71C00EF102050EDA80144630BF70E938641DE19
:10C72C0003C706009E07136414001377F707D98F0D
:10C73C002380F600E207E18717950200130585298F
:10C74C0063DD070CEF10E04C098871C055BF13F77F
:10C75C00270005CF03C701DE098B05CB938581DE4E
:10C76C00904103A741DE9357170093561600858A14
:10C77C001D821D83058A858B058B638AC60203C6C1
:10C78C0005009E061376F607B5B713F7470005C7E5
:10C79C0003C701DE118B05C3938581DE904103A78E
:10C7AC0041DE9357270093562600858AD1B76380C4
:10C7BC00E7060144A5B7A18BBDCB138681DE1842D9
:10C7CC0003C401DE83A741DE9355770093D677002F
:10C7DC0021888589858A0DC0058B858B6307B702F7
:10C7EC00834506001E07094493F5F5074D8F23007A
:10C7FC00E600E395F6F229B705838583058B858BD7
:10C80C00E310B7FEE39CF6F019A0E394F6FA224489
:10C81C00B240254541016F106034EF1020422DB716
:10C82C00179502001305451CEF104041CDB7B240DF
:10C83C00224441018280411183C7C18606C622C4AD
:10C84C0013F7170025C3138401DE184093564700D5
:10C85C00858A058B6388E604EFF03F881840835780
:10C86C000400058B1207BD9BD98F2310F400858B18
:10C87C008DC3979502009385E5101795020013055B
:10C88C00250FEF10A0422244B240254541016F1004
:10C89C00E02C979502009385A50D179502001305C2
:10C8AC00650EC5B713F7270059CB138401DE18406A
:10C8BC00935657000583858A058B6382E608EFF053
:10C8CC00DF81184083570400179502001305450AB1
:10C8DC0012071377070293F7F7FDD98F2310F40093
:10C8EC00898B1387818581CF8347570051479907DF
:10C8FC00B387E70293850705AA953E9559B78347F9
:10C90C0057005147A907B387E702938507FBAA9500
:10C91C003E95EF10A03903C7C1D98547E315F7F64B
:10C92C00179502001305059E238E01D823AC01D860
:10C93C00EF1020111305007DEF10802AA9B713F713
:10C94C00470021CF138401DE1840935667000983FA
:10C95C00858A058B6383E604EFF02FF81840835724
:10C96C00040012071377070493F7F7FBD98F2310F2
:10C97C00F400918B91CB9795020093852503179525
:10C98C00020013056501F5BD979502009385C5005E
:10C99C001795020013058501EDB5A18BB1CB13845E
:10C9AC0001DE1C4013D777008D83058B858B6301CB
:10C9BC00F704EFF08FF21840835704001183218B9A
:10C9CC00DD9BD98F2310F400A18B91CB979502009E
:10C9DC009385451417950200130505155DB59795BC
:10C9EC00020093856514179502001305A51251BD1D
:10C9FC00B240224441018280411122C437140040CC
:10CA0C001307C40C1C4326C2B704020006C6C58F0C
:10CA1C001CC3EFC0DF9D83A541D9179502001305F8
:10CA2C00E58EEF20906E1304840CEFC05FA01C40C9
:10CA3C00B240C58F1CC02244924441016FC05F922A
:10CA4C006F2050480111680006CEEF604FF383470A
:10CA5C00C10093F707049DC78357C100680093F783
:10CA6C00F7FB2316F100EF606FF483C7C18613F751
:10CA7C00170001CF814605469305100A03C5418B6B
:10CA8C00EFF04FF7F2400561828013F7270001CFDA
:10CA9C0003C701DE098B01CB814605469305100ABD
:10CAAC0003C5E185F1BF13F7470001CB814605466D
:10CABC009305100A03C581DFE1B7A18BE1D783C7CA
:10CACC0001DEA18BC5FBC9BF41119397050122C49F
:10CADC0006C626C2C1872E8463DE0700EF40D0064F
:10CAEC0019C1EF40407F2165218DB2402244924410
:10CAFC004101828093F745008DCB8387C18663C348
:10CB0C000702EFF0CFF303C7C1DD854703C5E1860C
:10CB1C0005466303F70021469145EF40305E13450F
:10CB2C004400E1B7EFF0DFABF9BF93F70508BDC7E1
:10CB3C00138711DC83470700850793F7F70F230052
:10CB4C00F70005476378F704A38001DC83C741DB5A
:10CB5C00898B95E31387C1868347070093F70704F6
:10CB6C0089CB834717000D45858B91E30545EF6015
:10CB7C00AFF0EF00607EEFF0FFEC83C7C1DD81EB1F
:10CB8C0041469305000803C5E186EF403057134535
:10CB9C000408A1BFC5DFEF608FE9F1BF93F7250053
:10CBAC0085C3EFF09F8683C7C1DD81EB130680023E
:10CBBC00894503C5E186EF4070541345240035B711
:10CBCC0093F705049DCBEF10C07F83C7C1DD9DE3B8
:10CBDC001307803E83C75188B347F702130610270B
:10CBEC009305000403C5E186B387E70233C6C70289
:10CBFC00EF40D05013450404CDBD93F71500638A64
:10CC0C00070A138741DC1C4385071CC3138701DD0E
:10CC1C001C4385071CC303C7D186118B0DCF03C7DB
:10CC2C00A1DD8547631CF700054583A54186238D4F
:10CC3C0001DCEFC05FE80145EF40801883C7C1DD20
:10CC4C0081EB13060005854503C5E186EF40104BCB
:10CC5C001345140059BD03A7C1DC6390E7020545D9
:10CC6C00EF10C0737D45EF0030050545EF404015D2
:10CC7C00EFF07FBCEFF01FA4D1B703A781DCE3E991
:10CC8C00E7FE0145EF1080719546130600048945B7
:10CC9C000145EF00902A1305F00FEF00F001094554
:10CCAC0023A801DCEF40C01103A54186EFC03FE192
:10CCBC00C1B793F7050291CFEFF09FD81306000888
:10CCCC009305000203C5E186EF405043134504026F
:10CCDC0029BD93F7050191CFEFF01FD2056613061E
:10CCEC00062CC14503C5E186EF40504113450401B4
:10CCFC00EDBB8564B3F795009DC3EFA04171EFF0D8
:10CD0C000FC137F60200130606E0856503C5E18600
:10CD1C00EF40D03E3345940042054181F9B393F77F
:10CD2C00052089CFB71700409387C70C9843B706E7
:10CD3C00080013C50520558F98C345BB13F5054056
:10CD4C00E30505DA83C741DB898B9DE3938401DC22
:10CD5C0003C70400914763F6E700EF30D0522380FD
:10CD6C0001DCEF40C00983C7040085072380F40071
:10CD7C0083C7C1DD81EB41469305004003C5E186C5
:10CD8C00EF40D037134504408DB31D71494697854C
:10CD9C0002009385A55817A502001305E55986CE08
:10CDAC00A2CC9740FE1FE780C02011E101A037F70D
:10CDBC0000E0795610CBFD5654CBB7E700E0056484
:10CDCC0023A087109306F00214C323A08718010038
:10CDDC0001001306C003814548089740FE1FE780F9
:10CDEC00C0179797FE1F938767EC3ECAED47231237
:10CDFC00F1029547A301F102854713040440230374
:10CE0C00F102B5472304F102231C810083C7D185AD
:10CE1C000D476381E70A11476382E70A0947638379
:10CE2C00E70AA167938707C03ECE97F7FFFF93876A
:10CE3C000730BEC497F7FFFF93872731BEC68567BF
:10CE4C00938717D02315F1029787FFFF9387E798F5
:10CE5C003EDA97F7FFFF938707333EDE97F7FFFF26
:10CE6C009387272BBEC003A741868947631BF70016
:10CE7C009307D002A304F10297270000938747C5BC
:10CE8C003EDCB7F5070081467000E1051945974077
:10CE9C00FE1FE78060D21946938581851305E10258
:10CEAC00EF603FA6D24791C7035781018567637F27
:10CEBC00F70001A0A167938707E0BDB7A16793872F
:10CECC0007F09DB7A167938707D0B9BF4808EF401B
:10CEDC00906F11C101A0F64066442561828001115A
:10CEEC0006CE22CCEFC07FC321640A86930504B022
:10CEFC00C1462D459740FE1FE78000CC2146978503
:10CF0C0002009385E5420A85EF50427F39C59306AE
:10CF1C0000200146930504B025459740FE1FE7808D
:10CF2C00A0C9C1460A86930504B829459740FE1F3F
:10CF3C00E78080C8B7375F31938767273EC0B73724
:10CF4C0036009387F715A1460A86930504B0294548
:10CF5C003EC29740FE1FE78020C6A165C1460A86E7
:10CF6C00938505B82D459740FE1FE780E0C44146E8
:10CF7C008A851385414FEF5092439387414F83C667
:10CF8C00070013076007638BE6003777707413078D
:10CF9C0057D498C3130790072392E70085450A8658
:10CFAC000945A3810150EFC0BFF3EFC00FFF03573A
:10CFBC00010089451384C186938701DE6307B7148A
:10CFCC008D466307D7160546938641866315C718A9
:10CFDC0003570400178502001305C50413672700C7
:10CFEC002310E40003D70700136707022390E70020
:10CFFC008CC2EF0010251305007DEF00703E0A86F1
:10D00C0085454145EFC0DFED835701006387071667
:10D01C005147B387E7020A868545454523A6F1DCCF
:10D02C00EFC01FEC83570100638D07145147B38782
:10D03C00E7020A8685454D4523A4F1DCEFC05FEA83
:10D04C0003570100835704000A863337E0001207A8
:10D05C00BD9BD98F2310F40085455145EFC05FE887
:10D06C0003570100835704006311071293F7F7DF8E
:10D07C002310F4000A8685455545EFC07FE603571B
:10D08C00010083570400FD76FD163337E0003207AC
:10D09C00F58FD98F2310F400EF20A056EF10B00EAF
:10D0AC00EF10D0120A8685453545EFC07FE38357D4
:10D0BC0001000A8685453145238EF18AEFC05FE277
:10D0CC0003570100BA8711E385472384F186835700
:10D0DC00040009670A86D98F2310F4008545594549
:10D0EC00EFC01FE0835701000547636CF70003573F
:10D0FC000400F976858BFD16B607758FD98F231032
:10D10C00F400F24062440561828083560400178566
:10D11C0002001305E5F193E646002310D40083D6F4
:10D12C00070093E646002390D70023A2E186D1B5F1
:10D13C000357040017850200130505F013678700D9
:10D14C002310E40003D70700136707082390E700B8
:10D15C0023A2018679BD035704001785020013052D
:10D16C00A5EB136717002310E40003D70700136720
:10D17C0007012390E70090C2ADBDC9679387079460
:10D18C0059BDDD67938707706DB593E707202310B2
:10D19C00F400A38CE1DCF9BD757195671306C0072B
:10D1AC009387F7B48145480006C73EC022C5EF609F
:10D1BC000FF951459730FE1FE780205717050000E7
:10D1CC001305C590EF40703C1384E1862300A40046
:10D1DC00EF10F00BEF10F018EF20604CEFD0AF9287
:10D1EC00EFC0EF99EFE01F81B71700409387C70C92
:10D1FC009843B70608008D45558F98C3370508002E
:10D20C00EF70EF9B0A85EF30B0060A85EFD0DFBADE
:10D21C000A85F52875230345040037F6020013062A
:10D22C0006E08565EF40806D83C711DE858B81EB51
:10D23C0097850200938545100A85EF501215EF0073
:10D24C005036978502009385E50F0A85EF602FF025
:10D25C0009CD8A8517850200130505F1EF00607E64
:10D26C000565130585BBEF00B017EFC04FFDBA4045
:10D27C002A4449618280411122C42A862A84A1450C
:10D28C00114506C6EFC0DFC503570400930780079E
:10D29C006307F7022310F40089472312F4002315C7
:10D2AC00F400D1470D47A1462316F400F94723118A
:10D2BC00E4002313D4002314E4002317F400B24039
:10D2CC0022444101828001111306E10085453D4550
:10D2DC0006CEEFC0FFC09386C1860357E10083C71B
:10D2EC001600F240058BF99BD98FA380F6000561DF
:10D2FC008280B71700409387870C9843B7060400C9
:10D30C008545558F98C3370504006F704F8B397165
:10D31C0022DC2A84480806DEEFF0FFF5EFF0BFFAB6
:10D32C00EFF03FFD97D7FFFF9387C70E3EC297D70D
:10D33C00FFFF9387473F3EC4930740FB2306F10052
:10D34C00500883A781874C0022853EC8EF509FDA96
:10D35C00F2506254216182800111680006CEEF50B8
:10D36C001FE28347C100054793F61708639CE60448
:10D37C008357C100680093E707082316F100EF50AC
:10D38C00FFE217850200130525FC652D83C7C186B6
:10D39C00C18B91CBB71700409387870C9843B70686
:10D3AC000800558F98C31306000A9305002003C587
:10D3BC00E186EF40A0541305007DEF007002F240AF
:10D3CC000561828013F727001DC30347D100058B2D
:10D3DC0019EF8357C100680093E707102316F1007B
:10D3EC00EF50DFDC17850200130585F679BF13F7C4
:10D3FC0047001DC30347D100098B19EF8357C100A8
:10D40C00680093E707202316F100EF503FDA1785E9
:10D41C000200130565F495BF13F787001DC303477E
:10D42C00D100118B19EF8357C100680093E70740B7
:10D43C002316F100EF509FD717850200130545F214
:10D44C00A9B7C18BADDF8347D100A18BADFB83574F
:10D45C00C100056713070780D98F68002316F100F8
:10D46C00EF50DFD417850200130505F039BF4111C9
:10D47C0013050502938505FB22C41306800713745C
:10D48C00F50F93F5F50F014506C6EFC07FF89355E0
:10D49C0044001306800793E505010145EFC05FF7D3
:10D4AC009375E4002244B2401306800793E51500FF
:10D4BC00014541016FC0DFF5411122C413068007FD
:10D4CC002A8493051008014506C6EFC07FF4A28597
:10D4DC002244B24013068007014541016FC05FF33F
:10D4EC00411122C44AC006C626C21304000B1309FC
:10D4FC00800B13068007A2850145EFC07FF1130650
:10D50C00800781450145EFC0BFF013068007C14578
:10D51C000145EFC0FFEF93040008FD1413068007CC
:10D52C0081451305000493F4F40FEFC07FEEF5F47E
:10D53C0005041374F40FE31E24FBB24022449244FE
:10D54C0002494101828001119317850122CC06CE3C
:10D55C00130406FE26CA4AC84EC6E1871374F40F9C
:10D56C0063D60700850593F5F50F0145EFF03FF005
:10D57C0099473304F4028144978902009389896A9C
:10D58C001949B3878400CE9783C50700130680071B
:10D59C00130500048504EFC0BFE7E39424FFF240B9
:10D5AC006244D2444249B24905618280011122CCC5
:10D5BC0026CA4AC84EC652C406CE2A84AE84B28944
:10D5CC000149130AA007B387290103C6070009EA1A
:10D5DC00F2406244D2444249B249224A05618280F7
:10D5EC0022851904A6851374F40FEFF0DFF563762A
:10D5FC008A00850493F4F40F014405091379F90F9B
:10D60C00D9B7797122D426D24ECE52CC56CA5AC82A
:10D61C005EC606D64AD062C42A84AE84B289814BD7
:10D62C00194A978A0200938AEA5F130BA007B38703
:10D63C00790183C7070089EFB250225492540259E2
:10D64C00F249624AD24A424BB24B224C456182802B
:10D65C00138907FE93178401E1871379F90F63D6B9
:10D66C000700850493F4F40F014433094903A6859C
:10D67C002285EFF0DFDF014CB3072C01D69783C571
:10D68C000700130680071305000493C5F5FF93F5F7
:10D69C00F50F050CEFC0DFD7E3104CFF1904137422
:10D6AC00F40F63768B00850493F4F40F0144850B1F
:10D6BC0093FBFB0FADBF79715EC6B30BA64022D4B2
:10D6CC0026D24AD052CC56CA5AC806D64ECE62C4BE
:10D6DC00AA842E843289368A3A8B814A93FBFB0FBB
:10D6EC00636E4401B250225492540259F249624A78
:10D6FC00D24A424BB24B224C45618280A285268590
:10D70C00EFF0FFD6330C5B01A68963EB290181474F
:10D71C0063639900DE870504BE9A1374F40FC9B7CE
:10D72C0083450C0013068007130500048509EFC020
:10D73C003FCE93F9F90F050CC9BF011122CC4AC891
:10D74C004EC652C406CE26CA2A892E84328AB6897F
:10D75C00636A3401F2406244D2444249B249224ADB
:10D76C0005618280A2854A85EFF07FD0CA8463E68A
:10D77C00440105041374F40FE1BF130680078145BF
:10D78C00130500048504EFC0BFC893F4F40FC5B7AC
:10D79C0099473305F5020D8E6348A600098E058660
:10D7AC00B29513F5F50F8280014582801306800730
:10D7BC009305E00201C59305F00201456FC05FC5FA
:10D7CC004111130680079305E00A014506C6EFC018
:10D7DC003FC41306800781450145EFC07FC3130684
:10D7EC008007C9450145EFC0BFC2130680079305EA
:10D7FC0000040145EFC0DFC1130680079305000B41
:10D80C000145EFC0FFC013068007930510080145C2
:10D81C00EFC01FC0130680079305F00F0145EFC042
:10D82C003FBF130680079305100A0145EFC05FBE8A
:10D83C00130680079305600A0145EFC07FBD1306F0
:10D84C0080079305800A0145EFC09FBC1306800733
:10D85C009305F0020145EFC0BFBB1306800793058B
:10D86C00800C0145EFC0DFBA130680079305300D1D
:10D87C000145EFC0FFB91306800781450145EFC094
:10D88C003FB9130680079305500D0145EFC05FB8F3
:10D89C0013068007930500080145EFC07FB71306F8
:10D8AC0080079305900D0145EFC09FB613068007C6
:10D8BC00930510020145EFC0BFB513068007930511
:10D8CC00A00D0145EFC0DFB413068007C945014523
:10D8DC00EFC01FB4130680079305B00D0145EFC0D0
:10D8EC003FB313068007930500040145EFC05FB2F8
:10D8FC00130680079305D0080145EFC07FB11306CE
:10D90C008007D1450145EFC0BFB0EFF07FBD930557
:10D91C00F00A130680070145EFC09FAFB240814566
:10D92C00014541016FF0BFB45D712EDA32DCAA857E
:10D93C005018680006D622D426D236DEBAC0BEC233
:10D94C00C2C4C6C632C402C602C802CA02CC230E66
:10D95C000100EF500232AA848D450145EFF03FB132
:10D96C00130400047D14130680078145130500047D
:10D97C001374F40FEFC0DFA975F46800EF500222A6
:10D98C001306000481451375F50FEFF07FE070006E
:10D99C008D45EFF0BFC1B25022542685925461617F
:10D9AC008280011122CC06CE138441598347140A7C
:10D9BC002EC611476363F704B6858346040AB697EF
:10D9CC0093F7F70F6375F700ED1793F7F70FB24660
:10D9DC0096073307F400B10708C33305F40054C3AA
:10D9EC0010C7EF50821A8347140A01458507A3001C
:10D9FC00F40AF2406244056182800545DDBF9386DE
:10DA0C00415903C7160A1146636BE60283C7060A1F
:10DA1C00BA9793F7F70F6375F600ED1793F7F70FB7
:10DA2C009607B6970D4605072382A70090C3A382DD
:10DA3C00B70023930700A380E60A014582800545C1
:10DA4C0082805D7122D426D206D62EDA32DC36DE06
:10DA5C00BAC0BEC2C2C4C6C6138441598347140A95
:10DA6C0002C602C802CA02CC230E0100914463E92B
:10DA7C00F4045018AA85680032C4EF50821F034585
:10DA8C00040A8347140A3E951375F50F63F5A40039
:10DA9C006D151375F50F1605B307A4003105154761
:10DAAC006C00229598C3EF50420E8347140A01452F
:10DABC008507A300F40AB25022549254616182800B
:10DACC000545D5BF5D7122D44AD006D626D232DCAC
:10DADC0036DEBAC0BEC2C2C4C6C61384415983471F
:10DAEC00140A02C602C802CA02CC230E0100114954
:10DAFC006364F9063018AA84680032C4EF506217C8
:10DB0C008347040A0347140ABA9793F7F70F637510
:10DB1C00F900ED1793F7F70F96073307F4009946C2
:10DB2C0014C3D146B384D402B107978602009386FE
:10DB3C0026E43305F4006C00B69404C7EF50E204FD
:10DB4C008347140A01458507A300F40AB2502254F6
:10DB5C0092540259616182800545CDBF41118146C5
:10DB6C000146814541016FF0DFE3797122D41384C2
:10DB7C00C1541C404AD02EC606D626D24ECE2A8878
:10DB8C00B6853A8981CF1C500545854489CBB25066
:10DB9C00225492540259F24945618280814483C9CE
:10DBAC0051883359390393975400B2461385C700F3
:10DBBC00C1043307F40022958A042320070154C3BF
:10DBCC0010C72694EF40727C014523202401C1B775
:10DBDC0041112E8781460146814541016FF0FFF8C6
:10DBEC0083C751881387C154B356F5021C4385C3B0
:10DBFC001C53054581EF854713965700C1078A07CB
:10DC0C003A969D453E970CC214C3014582808147CC
:10DC1C00E5B72A8715C19386815383C70601114640
:10DC2C000545638CC700139627003696850718C2E6
:10DC3C002388F600014582800545828035C5411157
:10DC4C0022C41387815306C626C283460701814727
:10DC5C003A846394D700054581A01043110793853E
:10DC6C0017006310C5049384F6FF014663F5D700D3
:10DC7C003386F4400A0693F5F50F139527008A05B1
:10DC8C00A2952295EF505FC993972400A29723A0E9
:10DC9C000700230894000145B240224492444101FC
:10DCAC00828093F7F50F75B70545828085C9854746
:10DCBC001DC5411106C622C426C2AE84EFF01FF862
:10DCCC002A842685EFF0FFF4B307A400B240224467
:10DCDC0093F7F70F92443E854101828085473E853C
:10DCEC008280411122C426C24AC006C69384815345
:10DCFC001304000461499840228659141374F40FDC
:10DD0C0089468145228501EFEFF03FA39104E3148E
:10DD1C0024FFB24022449244024941018280EFF038
:10DD2C009F99EDB72DC9411113060004814521457A
:10DD3C0006C6EFF0FFA5178602001306661289458A
:10DD4C00EFF0DF861306000481451D45EFF05FA45C
:10DD5C00177602001306C65D8D45EFF03F8513065E
:10DD6C00000481452945EFF0BFA217860200130677
:10DD7C00E60F9145EFF09F8313060004814529457A
:10DD8C00EFF01FA1B240178602001306E60E954570
:10DD9C0041016FF0BF81A1461306F00389456FF076
:10DDAC00DF9917870200130767DC89465D468145BA
:10DDBC0001456FF05F908147138841523307F5009E
:10DDCC00034707000DEF138801513385E500034528
:10DDDC00050015ED9385C1DE2393E50019472391CA
:10DDEC00F500B387E702A380C500A382D500238585
:10DDFC00F1DE6363D6001D45A384A1DE8280B308E7
:10DE0C00F80085072380E80093F7F70F45BFB308A8
:10DE1C00E80005072380A8001377F70F7DB791471B
:10DE2C0063E3A72E17870200130747060A053A95E6
:10DE3C001C41797122D4BA9706D626D24AD04ECE3E
:10DE4C0052CC138401888287EFF04FF6ADA80547BA
:10DE5C006390E40A83C62701D0479385415068003C
:10DE6C00EFE0EF9325ED1C407000854503C51701CD
:10DE7C00EFB03FF81C40DC431CC001491C408443FC
:10DE8C00F9F495461306000489450145EFF0FF8A25
:10DE9C00C549138A41DF0D49B3873403104033075A
:10DEAC00F6000347C70105C3F1073E9683470A00F6
:10DEBC0013F7F40F9305270093F5F50F0145E39540
:10DECC00E7F8EFF00FF48504E39824FDB2502254E8
:10DEDC0092540259F249624A456182809307F00FCD
:10DEEC00E316F5FE1C40DC431CC01309F00F79B798
:10DEFC008D46639FD4009C478C4317850200130505
:10DF0C00A5F8EFF07FA2D1453545EFF07FCC7DBF72
:10DF1C009146639AD4008C47177502001305C524EB
:10DF2C00EFF09FA065B789466393D40203C58700C1
:10DF3C0083C7970002C61306400B6C006396E7007C
:10DF4C00EFC02FFEB24555BFEFC02FEAE5BF154716
:10DF5C00E39EE4F61307F00FE30FE9FACA85178581
:10DF6C000200130525F26DBF08401C41A5F313896F
:10DF7C0041DF8344090091E85C49A9DB1CC083C7DD
:10DF8C00F704FD172300F900CDBD23820188C54796
:10DF9C00B387F402938614001386240093F6F60FCD
:10DFAC001376F60FFD149385B700F107AA953E95ED
:10DFBC00EFF07FE0F9453145EFF09FC12300990068
:10DFCC0031B708401C41E39307F08347F5041389EC
:10DFDC0041DF83440900FD176399F4001C4DE3876E
:10DFEC0007EE1CC0238A01DE49BD23820188C54788
:10DFFC00B387F402938634001386240093F6F60F4D
:10E00C001376F60F85049385D702F107AA953E95F2
:10E01C00EFF07FDAF9453145EFF09FBB45B71C4077
:10E02C00984319E39C4B65BF9306D7FF0546636481
:10E03C00D600DC436DB78946E30DD7FE9546E30A5F
:10E04C00D7FE69B51C4098434DE303C741DF0A076F
:10E05C00BA97D843E30C07E6238A01DE1C4318C0A9
:10E06C008546639AD7040345170170008545EFB0C8
:10E07C003FE7032904009384415026850346090198
:10E08C0083258900EF50FF87834509010355C100A3
:10E09C000146A695EFB07FB095461306000489455E
:10E0AC000145EFF08FE9A685177502001305C50B26
:10E0BC00EFF09F87D9B31387D7FF63EAE600954645
:10E0CC001306000489450145EFF02FE77DB309479E
:10E0DC00E387E7FE1547E392E7DA9546130600045B
:10E0EC0089450145EFF06FE509B59546E310D7DE9C
:10E0FC00DC4782972A899546130600048945014519
:10E10C00EFF0AFE3A5BB82805D71A6C2CAC056DA40
:10E11C0086C6A2C44EDE52DC5AD85ED662D466D213
:10E12C006AD06ECE138991DE83470900938AC1DED3
:10E13C0083C91A0003CA5A0085078544B394F400B6
:10E14C0093F4F40F63FF490BFD1403D72A0083D714
:10E15C006A0093F4F40F3A846373F7003E8442042C
:10E16C0041803A8B63F3E7003E8BCE850145EFF09F
:10E17C000FB0420B93CCF4FF135B0B01814B138755
:10E18C00A1DE93FCFC0F978602009386A6A9138848
:10E19C00415263EB8B0683C55A000145814BEFF06E
:10E1AC000FAD994C138DA1DE978D0200938D8DA729
:10E1BC001388015163E88B0C834709002147638462
:10E1CC00E71263E649151307F00F6380E71283D655
:10E1DC002A0003D76A00330464411386A1DE63610D
:10E1EC00D71621471D8F3307870299453307B7028E
:10E1FC00B386B6020D8336972300E60063FD4915FE
:10E20C0035AAB304904091B7194D338DAB03014C33
:10E21C00B3087801994D83D72A00034607003305CC
:10E22C008D0163FCFB0483C708008117B387B70318
:10E23C00B697E29783C50700635AC500B3E7B400ED
:10E24C0093C7F7FFE58DCD8F93F5F70F1306800776
:10E25C001305000446C4050CEFC08F9BA24813871E
:10E26C00A1DE978602009386E69B13884152E31445
:10E27C00BCFB850B93FBFB0F29BF8145E358C5FC09
:10E28C00E685E9B7B3889B03014C3303780183D748
:10E29C006A0003470D00B386880163F1FB048347D2
:10E2AC0003008117B3879703EE97E29783C50700A6
:10E2BC0063D3E600A58D13068007130500041AC668
:10E2CC0046C4050CEFC0CF94A248324313880151C9
:10E2DC00E31F9CFB850B93FBFB0FE9BD8145E3DC46
:10E2EC00E6FCA685C9BFE3F449EFB6402644854752
:10E2FC002382F18896440649F259625AD25A425BFB
:10E30C00B25B225C925C025DF24D6161828083D6CD
:10E31C002A0003D66A00330464419385A1DE63733B
:10E32C00D6061D471D8F3307870299463307D70240
:10E33C003306D6020D8332972380E500850729A882
:10E34C003384870299463304D4023307D7020D80F5
:10E35C003A9423008600FD1793F7F70F2300F9007A
:10E36C002644B64096440649F259625AD25A425B48
:10E37C00B25B225C925C025DF24D95453145616168
:10E38C006FF01F8513871700330787021946330771
:10E39C00C702B386C6020D83369779BFB337A00088
:10E3AC00A38AF1DE11CD4111B24513070005814658
:10E3BC00177602001306C6FB294541016FF0EFFAF0
:10E3CC008280797122D406D61384415926D24AD040
:10E3DC004ECE52CC56CA5AC85EC68345040AD146A4
:10E3EC009605B307B40098439307F7FF63EFF6065F
:10E3FC00978602009386C6AA8A07B6979C43B6975F
:10E40C008287A29583C6550083C545001306000478
:10E41C000145EFF08FB22DA03305B4001386C50073
:10E42C0083455500034545002296EFF02F9809A827
:10E43C00B105A29517750200130505D3EFF0CFCEE9
:10E44C008347040A9146139757002297232007000D
:10E45C0001476385D700850713F7F70F8347140A25
:10E46C002300E40AFD17A300F40A1389C154138492
:10E47C0081558149CA8A314B178A0200130A8AA72F
:10E48C008327090463830714FD172320F90411095A
:10E49C001304040263890912B25022549254025993
:10E4AC00F249624AD24A424BB24B45618280B10575
:10E4BC003305B400EF40826E1306000481451375DA
:10E4CC00F50FEFF0EFAC9309B5FF93F9F90F2A892B
:10E4DC0089454E85EFE0BFF98144294A8347040AF8
:10E4EC0013068007130500049607A2979C47A6976E
:10E4FC0083C5070085049A0593F5050CEFB05FF111
:10E50C00E39E44FD8D454E85EFE07FF68144294A1C
:10E51C008347040A13068007130500049607A29785
:10E52C009C47A69783C5A70083C7070085049A0557
:10E53C008983DD8D93F5F50FEFB09FEDE39A44FDE4
:10E54C004E859145EFE0BFF2D1498347040A13068B
:10E55C008007130500049607A2979C47A69783C5CE
:10E56C00070085048981EFB0BFEAE39034FF0346CE
:10E57C00040A130559008D451606310622961375AB
:10E58C00F50F65B5954613060004894551B5EFF0B6
:10E59C004FF57DB5177702001307475A89465D463C
:10E5AC0081450145EFF02F9161BD23A801D849BDEC
:10E5BC009307E00241173307F7029777020093871E
:10E5CC00E75A3E97E1BF854965BD832744FFFD1798
:10E5DC00E36FFBEA8A07D2979C43D29782878346E4
:10E5EC0094FF834584FF130600040145EFF0EF947C
:10E5FC0001A8834594FF034584FF2286EFE01FFBAF
:10E60C00232A04FE69B5A285177502001305C5B54A
:10E61C00EFF08FB1F5B79546130600048945F1B7B5
:10E62C00EFF02FECF1BF938B51DF83C70B00E5D7D5
:10E63C000327C4FF95461306000489450145EFF0F6
:10E64C008F8783C40B001306000C939759003386F5
:10E65C00C402D69797750200938585D11307800263
:10E66C0081462945850493F4F40F2E96CC43EFF0A4
:10E67C00CFCFA1476385F40023809B0051B785471A
:10E68C002380FB00B5BF0145EFF04F9295BFEFF033
:10E69C00BFA7BDB70145EFF08FF89DB7411122C45C
:10E6AC0026C206C64AC08D472E84B2846307F5067F
:10E6BC0091472A89630BF50A8947631AF504EF9091
:10E6CC0031587D141374F40F854763F2870403C724
:10E6DC001400631E2703A38BF1DE03C7240093866B
:10E6EC0041DE83C706003337E0000A07ED9BD98F64
:10E6FC002380F60003C73400938681DE83C70600AF
:10E70C003337E0000A07ED9BD98F2380F600B24027
:10E71C00224492440249410182801384F5FF137410
:10E72C00F40F854763F38704834616000947639EFD
:10E73C00E602A38BF1DE03472600938641DE83C7F6
:10E74C0006003337E0000A07ED9BD98F2380F600D3
:10E75C0003473600938681DE83C706003337E0001B
:10E76C000A07ED9BD98F2380F6002244B2409244D5
:10E77C00024903C581DF914541016F30E00541112C
:10E78C009397050122C406C626C2C1872E8463D185
:10E79C000708EF20703BAA8415C983470500294759
:10E7AC009387070693F7F70F636FF700178702003D
:10E7BC00130707DB8A07BA979C43BA97828783476C
:10E7CC001500A14599EF2685EF20F0302165218DAC
:10E7DC00B240224492444101828083471500C145D6
:10E7EC00FDD303C581DFEF20307FF1BF83471500D8
:10E7FC0093050002E9DBF5B7834715009305000488
:10E80C00F9D3C5B783471500DDDF93050010D1BFE1
:10E81C0093F7450099CFEF90B1429306F00F130692
:10E82C00F00F894513858188EF900148134544000A
:10E83C0045B793F7050185C3EF90914003A58187F8
:10E84C009306F00F1306F00F95457D15EF904119C7
:10E85C0013450401B5BF93F78500B1CB938481DFD9
:10E86C0003C5040093050020EF30602AA38B01DE62
:10E87C00EF90113D03A5C1879306F00F1306F00F1F
:10E88C00A5457D15EF90C11583C761881307803EA0
:10E89C00B387E7021306102703C504009305002075
:10E8AC0033C6C702EF3080051345840015B793F7C4
:10E8BC00050285C3EF90D13803A541879306F00F6D
:10E8CC001306F00F89457D15EF9081111345040255
:10E8DC0001B793F7050485C3EF90913603A5018723
:10E8EC009306F00F1306F00F8D457D15EF90410F39
:10E8FC0013450404F1BD93F7050899CFEF905134FB
:10E90C009306F00F1306F00F854513850189EF90E0
:10E91C00210D134504086DBD93F7051099CFEF90A9
:10E92C0031329306F00F1306F00F85451385C1881D
:10E93C00EF90010B1345041061BD13F50520E3099D
:10E94C0005E883C771DF8DEFEF90912F03A5C18789
:10E95C001306F00FA5459306F00F7D15EF904108B7
:10E96C0083C761881307803EB387E702130610271D
:10E97C009305002003C581DF33C6C702EF20107852
:10E98C0013450420B1B501111306E1008545394545
:10E99C0006CEEFB0EFD40357E100A94763F4E700CC
:10E9AC002317F1008357E100F240238BF1DE056160
:10E9BC00828001112317A1001306E100854539451A
:10E9CC0006CEEFB00FC3F240056182800111130631
:10E9DC00E1008545494506CEEFB08FD00357E100E5
:10E9EC0005469376F70FBA876363D6008547F240E6
:10E9FC002383F188056182807971130600028145B9
:10EA0C000A8506D69720FE1FE780205517050000C3
:10EA1C00130525D7EF306037238CA1DEB74776710D
:10EA2C00938797123EC4B757550093875755056780
:10EA3C003EC69306479C83C761DFB387D702B7A650
:10EA4C002400938606F0130717840A852310E1002F
:10EA5C00B6973EC297070000938787C43EC8ED5710
:10EA6C00230EF100EF80F165B25045618280B7173B
:10EA7C000040130770052380E704130780FA2380F6
:10EA8C00E70401000100C8DB23AE01DE82804111E6
:10EA9C0006C6B7170040130770052380E704130759
:10EAAC0080FA2380E70403C7F7021377A70FA38725
:10EABC00E70203C7F70213672700A387E702EFD02B
:10EACC000FE5B240014541016F302063011183C74E
:10EADC00D18606CE22CC26CA4AC8918B8DC32A84F5
:10EAEC006800EF505FCCEF403FF36367A400330541
:10EAFC00A440F54763EDA7003245EF509FCC894405
:10EB0C00F240624442492685D244056182802285C6
:10EB1C00EFF0FFF532451389C1DFEF509FCA832414
:10EB2C00090095EC9710FE1FE780E0598327090038
:10EB3C009DE31305D402B707C0A863F8A700B70775
:10EB4C0040579387D7023305F400EFF05FF297102C
:10EB5C00FE1FE78080530545EF40BFE555B78D4458
:10EB6C0045B79386418698428D47630CF70C732703
:10EB7C000080218B938701D201CB7327008098C32F
:10EB8C0098435D9B7310078001000100371700400C
:10EB9C00130670052300C704130680FA2300C7046C
:10EBAC00010001008C420946639EC5080346E7003C
:10EBBC00136686012307C70037170040230007049C
:10EBCC00732600809843218B518F7310078023A0EC
:10EBDC0001D20100010073270080218B01CB732728
:10EBEC00008098C398435D9B73100780010001005F
:10EBFC0037170040130670052300C704130680FA6C
:10EC0C002300C70401000100034617031366060224
:10EC1C00A308C70223000704732700809C43A18B21
:10EC2C00D98F7390078023A001D201000100984274
:10EC3C0089476318F700B7E700E03707001023A0F7
:10EC4C00E71082800346E70013660601A5B723810F
:10EC5C0001E0828082804111930500021385C1CFAF
:10EC6C0006C6EF10C013130600029385C1CF13051F
:10EC7C002008EFA06FBDB240130600029385C1CFF0
:10EC8C00094541016FA04FCF8280411122C406C6B5
:10EC9C00138411E08347040017850200130505B89F
:10ECAC0089E7178502001305E5ADEF903F9B13062E
:10ECBC00800E978502009385659E13858167EFA072
:10ECCC00AF9CEF90FF9C1385C18AEF90BF9E83474A
:10ECDC0004009DCF13062008894513858165EFA09C
:10ECEC00CF8FEF90FF9A1306C00E97850200938585
:10ECFC00E58913858163EFA02F99EF907F99138598
:10ED0C004189EF903F9B2244B24041016F903F9E5E
:10ED1C00130620029785020093850596138581655D
:10ED2C00EFA08F96EF90DF961385418AEF909F9816
:10ED3C001385C189EF901F987DB7138701DE834738
:10ED4C0007003335A000F99BC98F2300F7008280A0
:10ED5C0083C711E08DE74111130600029385C1CFE3
:10ED6C00094506C6EFA04FC1138701DE8347070094
:10ED7C00B24093E717002300F7004101828013870C
:10ED8C0001DE8347070093E717002300F70082801A
:10ED9C00828082801DED03C7060085476310F7084B
:10EDAC00138741DE8347070003C51600F99B937652
:10EDBC001500D58F938681DE2300F70083C70600EC
:10EDCC0013571540058BF99BD98F2380F6006F10D4
:10EDDC00707389476314F50483C70600254763875E
:10EDEC00E7026369F7001947638AE7002147638BE1
:10EDFC00E70082802947638FE70082801385160025
:10EE0C006F00301F138516006F00D01F138516007E
:10EE1C006F00B026138516006F00302B8280894757
:10EE2C00631CF50283C70600411106C61547638BA8
:10EE3C00E7001D470545639EE70013851600EF00AC
:10EE4C00101329A013851600EF00B00F05051375DC
:10EE5C00F50FB24041018280054582809307C003C3
:10EE6C009CC1930700202310F6008280AE874111CD
:10EE7C00AA853E8506C6EF601F83B240014541015D
:10EE8C008280AE874111AA853E8506C6EF607F83DE
:10EE9C00B240014541018280411126C2B7140040A5
:10EEAC0083D7A40122C406C6C207C18393F7F7FB1C
:10EEBC00C207C18337840040239DF40083471400AC
:10EECC00094593E74700A300F4009720FE1FE78055
:10EEDC00C08583D7A40193E70704239DF4008347DF
:10EEEC00140093F7B70FA300F400B24022449244ED
:10EEFC004101828041119397050122C406C626C2A6
:10EF0C004AC0C1872E8463DC07081389418B0345F3
:10EF1C000900EF206043AA841DCD83C701E089CB93
:10EF2C0083C7D186C18B99E3EFF01FF7238001E0F3
:10EF3C0083C704001307200A638EE7046365F70296
:10EF4C001307000A638AE7021307100A638FE702AC
:10EF5C002685EF2040382165218DB2402244924411
:10EF6C000249410182801307300AE393E7FE83C70D
:10EF7C001400F9DFA14529A083C714008945E9DBFA
:10EF8C0003450900EF205005E1B783C71400854500
:10EF9C00E1D3FDB783C714009145DDDBD5B793F7FB
:10EFAC0025008DCB938721E083C60700054763803E
:10EFBC00E60283A5C1872546FD151305100823809D
:10EFCC00E700EFA06F8863540500238101E013452F
:10EFDC00240061B793F715008DCB938721E083C68E
:10EFEC00070005476380E60283A581871546FD155A
:10EFFC00130510082380E700EFA00F85635405006C
:10F00C00238101E01345140089BF93F745008DCB94
:10F01C00938721E083C6070005476380E60283A53A
:10F02C0041870946FD15130510082380E700EFA062
:10F03C00AF8163540500238101E01345440031BFC7
:10F04C0013F58500E30B05F0938721E083C60700D9
:10F05C0005476380E60283A501870D46FD15130560
:10F06C0010082380E700EF903FFE635405002381D6
:10F07C0001E013458400D5B50111170500001305F7
:10F08C00A5E706CE23170100EF203050238AA18A72
:10F09C001306E10085450D45EFA09FE40357E10001
:10F0AC00814711CB1306E10085450D45231701005F
:10F0BC00EFA03FD48547A380F1E0EFF01FBDEF90A8
:10F0CC00AFE275DDF24005618280B7E700E03707FB
:10F0DC00400023A0E71059472388E7041717FE1FA9
:10F0EC001307276713671700B8D3828013868169CB
:10F0FC0081479755FE1F9385E5C621451303807CF8
:10F10C00034E060081463387D7003318DE004207D2
:10F11C00137808084183E14863040800930830031E
:10F12C000A072E97232017018506E39EA6FC138859
:10F13C008700834E16004208814613580801330796
:10F14C00D800B398DE00420793F808084183614E5B
:10F15C0063840800130E30030A072E972320C7017F
:10F16C008506E39EA6FC13880701834E2600420801
:10F17C008146135808013307D800B398DE004207C4
:10F18C0093F808084183614E63840800130E300322
:10F19C000A072E972320C7018506E39EA6FCE107EC
:10F1AC00C207C1830D06E39D67F482809387816952
:10F1BC001387117923800700A380070023810700A0
:10F1CC008D07E399E7FE6FF07FF203C7C18B93873E
:10F1DC008169938611792380E700A380E70023815E
:10F1EC00E7008D07E399D7FE6FF05FF09387816995
:10F1FC009386117903C7070001C77D172380E700A9
:10F20C0003C7170001C77D17A380E70003C72700BA
:10F21C0001C77D172381E7008D07E39DD7FC6FF0B5
:10F22C00FFEC6FF0BFEC411126C24AC006C622C4E7
:10F23C009384C1E003C40400938781699385117999
:10F24C003E8903C6070083C6170003C7270021E4C5
:10F25C00050685062380C700A380D7000507137712
:10F26C00F70F2381E7008D07E39DB7FCEFF01FE854
:10F27C008347090003C7C18B6303F7008DE79337FE
:10F28C0014002380F40005C02244B2409244024989
:10F29C0041016F10102B7D16FD162380C700A38033
:10F2AC00D7007D176DBFB240224492440249410100
:10F2BC008280411126C2938481E0904022C406C60C
:10F2CC00937716001304160091CF9307101F63E475
:10F2DC00870080C019A023A401E0B24022449244CC
:10F2EC004101828093878169935616009385117929
:10F2FC003E8723800700A3800700238107008D072A
:10F30C00E399B7FE930730051305500AB3F7F602DD
:10F31C0083C5C18B636BC5008D46B387D7023E97FF
:10F32C002300B700EFF09FDC6DB79386D6FA130677
:10F33C0020056366D6028D46B387D7023E97A3009D
:10F34C00B700EFF0BFDA9307101FE3F487F82244FD
:10F35C00B240924423A401E041016F10901E8D46EF
:10F36C00B387D7023E972301B700E1BF39715AD05A
:10F37C00138B81E022DC03240B0026DA4AD8B54734
:10F38C00B1442D49B307F402130760FD56D2E95A74
:10F39C00A1485148130510029305F0021306D0033F
:10F3AC00BD5EB3049402555E595352D45ECE62CC0A
:10F3BC0066CA6AC86EC606DE330924034ED6138AA3
:10F3CC0081698146130CF004930C4004930B700379
:10F3DC00130D9002ED4DB3C7E702B3C4E4021D8DCB
:10F3EC00938FF7FD9D8D138F17FD1D8E938737FC23
:10F3FC003349E902330898405D57B114B34A5403BA
:10F40C00B38828416119B3025041B382D203B38847
:10F41C00C803938202F893F2F20F330868029388C0
:10F42C0008F893F8F80F3305E502130808F8137879
:10F43C00F80FB38FEF02130505F81375F50FB385AD
:10F44C00E502938F0FF893FFFF0F330FEF029385B5
:10F45C0005F893F5F50F3306E602130F0FF8137F3B
:10F46C00FF0FB38EDA03130606F81376F60F330E7E
:10F47C00C903938E0EF893FEFE0F33836402130EB2
:10F48C000EF8137EFE0F3387E702130303F8137392
:10F49C00F30F130707F81377F70FB54363CBD300BC
:10F4AC00B383DA00968063C30300F68081498143FD
:10F4BC00A5A09303300463C3D30263C1DB1063863E
:10F4CC0076016343DD0463C9DD02B3802601C68384
:10F4DC0063C30000F2839E8981403DA893032005FD
:10F4EC0063847602634CDC0C63889601B28963C337
:10F4FC000700BA89814065BFB3839600C28063C39D
:10F50C0003009A80868965B79380C701AA8363C379
:10F51C000000FE839E80814923017A0023003A017A
:10F52C00A3001A00C502BD1EAD08551E29085913AB
:10F53C002505DD1FA5055D1F25065D1785069303B3
:10F54C0030050D0A93F2F20F93FEFE0F93F8F80FAD
:10F55C00137EFE0F1378F80F1373F30F1375F50F5B
:10F56C0093FFFF0F93F5F50F137FFF0F1376F60F35
:10F57C001377F70F8507E39276F2EFF03FB7938797
:10F58C00C1E003C7070039E3050423208B001307F0
:10F59C00A0026303E40001E405472380E700F25076
:10F5AC006254D2544259B259225A925A025BF24BCB
:10F5BC00624CD24C424DB24D216182809380E70067
:10F5CC00AE8363C30000FA83814939B77D142320CD
:10F5DC008B009307A0026314F4026254F250D254CD
:10F5EC004259B259225A925A025BF24B624CD24C9B
:10F5FC00424DB24D238601E021616F10807471DCA5
:10F60C0079BF01111306E1008545054506CEEFA033
:10F61C003F8D138741DB83470700954693E717001F
:10F62C002300F7000357E1009387018C63E1E606A2
:10F63C0097760200938686270A07369718433697E3
:10F64C000287170700001307A7B698C39C43F24024
:10F65C000345E10023ACF18A0561828017070000A5
:10F66C001307A7BCDDB7170700001307C7C4F1BF0A
:10F67C00170700001307C7B7C9BF17070000130708
:10F68C0027CFE1B717070000130767B47DBF170733
:10F69C0000001307E7B198C32317010045BFB71744
:10F6AC0000409387C70A9843411106C61367074069
:10F6BC0098C38D4513050040EF409FC6B2404101F1
:10F6CC006FF0DFAE138741DB83470700411106C69D
:10F6DC0093F61700BDC2F99B2300F700938781694D
:10F6EC001387117923810700A3800700238007006B
:10F6FC008D07E399E7FE23A401E0238601E0EFF0F8
:10F70C00FFAAB727004031472380E740B2409387D8
:10F71C00C7401307B0041766FE1F130626579745FC
:10F72C00FE1F9385256498C34206C205814641821B
:10F73C00C181054541016F508F8D83A7018C829744
:10F74C00C9B7797122D459462A84975502009385FA
:10F75C002599280006D6EF40CF9A2C0022855946D1
:10F76C00EF402F9AB25022545945456182807971ED
:10F77C004AD0138941E022D403540900B14797754C
:10F78C00020093852514B307F40226D23146AA84CD
:10F79C001305610006D6BE95EF40AF96916793872F
:10F7AC0007882319F1008547231AF100231BF10068
:10F7BC00FD57231DF100B70701539387F71F7146BF
:10F7CC004C0026853ECE23128100231C0100EF4005
:10F7DC004F939307100563E58700050442044180AD
:10F7EC0023108900B250225492540259714545613C
:10F7FC0082808347150003470500A207D98F239207
:10F80C00F1E08280930625010146938581690D48BC
:10F81C00834705006343F6008280131716002A976E
:10F82C00834737000343270083C80600A207B3E7CA
:10F83C006700B387070305069106AE97A3801701EF
:10F84C00834737000343270083C8D6FFA207B3E7DB
:10F85C006700B3870703AE972380170183473700F0
:10F86C000343270083C8E6FFA207B3E76700B3870B
:10F87C000703AE972381170161BF83472500034718
:10F88C00150093868169A207D98F0D473387E7024C
:10F89C001306200536978346450083453500A2069E
:10F8AC00CD8E63C4F6006353F60082808346550008
:10F8BC0085070D07230FD7FE83466500A30ED7FEE1
:10F8CC0083467500A30FD7FEF9B7034605001387CF
:10F8DC00018C9386818B938741DB11CA944214C3AC
:10F8EC0003C70700136717002380E70082801043CB
:10F8FC0090C283C6070093E616002380D7009707B3
:10F90C000000938747921CC3828031712ED332D56D
:10F91C00930500082A8636D7080854113AD93EDBDD
:10F92C0042DD46DF36C606CFEF30E2300808EF3056
:10F93C00E226938501E11388E1E083D705000357A4
:10F94C0008008148014681461763FE1F13030334E8
:10F95C00639CA600638408002310E80019C223905E
:10F96C00F500FA40296182803E861C08B697038E0A
:10F97C00070093071600FD8B6396E70013871700AB
:10F98C007D8B85481A962300C60185060546C9B7A6
:10F99C009386E1E083D706002A8883D801E10147EA
:10F9AC0001461763FE1F1303632E1375F70F639342
:10F9BC00F80215C62390160182803305F300034527
:10F9CC0005003306E80085072300A600FD8B05071C
:10F9DC000546E1BFE363B5FE19C22390F6008280B1
:10F9EC0041111305800406C622C49710FE1FE78040
:10F9FC00208985457D55EF40BF9285457D55EF406B
:10FA0C001F9C1384C186EFD08FCDEFD00FB8EFD0F1
:10FA1C00AFF883470400A58B99C3EFF0EFE583475C
:10FA2C000400A98B99C7EFE04159EF50CFD5EF9067
:10FA3C001FDB83470400918B89C7EF809156EFE061
:10FA4C00BFFB9710FE1FE780C0089377F50F19488E
:10FA5C00B387070313578500177502001305C524D8
:10FA6C001377F70F411183C821E19775FE1F93851A
:10FA7C00E5638546AA97BA9763E5160101454101EE
:10FA8C00828003C725002E86034636003307070302
:10FA9C0089052A9732970343070003C607006306BC
:10FAAC006600850693F6F60FC1BF0545C9BF011167
:10FABC0026CA4AC84EC652C456C206CE22CC93841D
:10FACC0041E139499949177A0200130AEA1D977ADC
:10FADC00FE1F938AAA5DEF306200336525032380F5
:10FAEC00A400EF20B27F33643503A38084008840E8
:10FAFC00EFF0BFF56DF103C7040083C70A0083C69E
:10FB0C001A00330737031374F40FB3873703529774
:10FB1C00229703470700D297B69783C70700E30CD9
:10FB2C00F7FAF2406244D2444249B249224A924A1C
:10FB3C0005618280411103A541D922C406C6EF207C
:10FB4C0072749777FE1F938767561777FE1F1307FC
:10FB5C0027573E8423800700A38007008907E31BF7
:10FB6C00F7FE214685451775FE1F13058555EF30A9
:10FB7C001FDD89472389F1E0B7070201938737100E
:10FB8C001CC02244B240930740401777FE1F231934
:10FB9C00F75241016FF0BFF1011122CC26CA4EC6BB
:10FBAC0006CE4AC852C4938421E183C6040017745C
:10FBBC00FE1F1304A44FA2899387F6FF1397170017
:10FBCC002297C207C183035507008607A297631FBC
:10FBDC00F40E1776FE1F0346A64E8D4503C709008B
:10FBEC0083C71900177902001309090C630FB612A9
:10FBFC0063E8C50E85456300B61289456302B612EB
:10FC0C0019462380E9003307C702138A41E1A38018
:10FC1C00F90083451A004A973E9783470A00034729
:10FC2C000700B387C702CA97AE9783C70700631C48
:10FC3C00F712A54763EED700850693F6F60F2380DF
:10FC4C00D400FD168606CE962390A600EFF03FE674
:10FC5C001306900F8145138581699710FE1FE7806D
:10FC6C00C02F83470A00994503471A00B387B70290
:10FC7C000D469386816903C519001308F007CA97CE
:10FC8C00BA9783C707001307F007B387C702B69765
:10FC9C00A380E70083C70900B387B702CA97AA9766
:10FCAC0083C707000D45B387C70203C60400B69788
:10FCBC002381E700054709046360C70CF2406244E6
:10FCCC00D2444249B249224A0561828003C7E7FF08
:10FCDC00F9172381E70003C71700A381E700C5BD0F
:10FCEC009145E31FB6F03546630DC70619483A86B1
:10FCFC00930517003306060313F7F50FB3850503B9
:10FD0C004A963E9603460600CA95BE9583C50500E5
:10FD1C00E38FC5FCF5B5A1C3FD1793F7F70FCDB570
:10FD2C001546638CC7028507CDBF15CB19483A869B
:10FD3C009305F7FF3306060313F7F50FB385050399
:10FD4C004A963E9603460600CA95BE9583C50500A5
:10FD5C00E38FC5FC75B5954765B5814755B53547F6
:10FD6C0045B5014771BD03A50900EFF01FCEE301B6
:10FD7C0005EEEFF03FDCE9BD834704008348140037
:10FD8C000507B387B7021377F70FCA97C69783C7D0
:10FD9C000700B387A702B6972380070129BF5D71BF
:10FDAC00A2C486C6A6C2CAC04EDE52DC56DA5AD8E7
:10FDBC005ED662D466D26AD06ECE2A8493061500C3
:10FDCC0003450500130730039307F5FF93F7F70F6F
:10FDDC006366F70417770200130707F38A07BA97CD
:10FDEC009C43BA978287B1472301F400A300040017
:10FDFC00A38C01E0238C01E0A38B01E0238B01E0B9
:10FE0C0089A8834714000D476384E706636CF700E9
:10FE1C0005476385E7020947638DE702FD57230019
:10FE2C00F40005A81147E39BE7FE23010400A3019E
:10FE3C00040023020400A302040021A83717004089
:10FE4C008357A7030357870386073D83BA97A320DD
:10FE5C00F400B640264496440649F259625AD25AE6
:10FE6C00425BB25B225C925C025DF24D616182800E
:10FE7C000146938E813F054F930FF00F194EB387B8
:10FE8C00A600238007003307D601B5478345670BCF
:10FE9C0013F3770099C9B385A60003C80500B318FE
:10FEAC006F003368180123800501FD17491763059E
:10FEBC00030093F7F70FD9BF050593F7F70F1375E9
:10FECC00F50FE395F7FD0506E31BC6FB59B7834712
:10FEDC0014000947E38FE7F61547E391E7F417752C
:10FEEC0002001305A5E1EFD0DFB52644B6409644D9
:10FEFC000649F259625AD25A425BB25B225C925C5E
:10FF0C00025DF24D0565130585BB61616FD05FCD58
:10FF1C0003472400230204009946E3EEE6F003466F
:10FF2C003400B947E3E9C7F0834514003307F702FF
:10FF3C009387014A99C19387C144BA97B29703C773
:10FF4C0007001306D7001376F60F63EAC6001307F3
:10FF5C0070072302E40083C70700B50739A893068E
:10FF6C00670093F6F60F1146636CD6001307E00793
:10FF7C002302E40083C707009907A302F400D1BD54
:10FF8C00A302E400F9B5034724009947E3E3E7EC47
:10FF9C0003463400B947E3EEC7EA834514008347B0
:10FFAC00540083464400B9E9930570076392B60484
:10FFBC00CD1793F7F70FB9463307D7029385014A4C
:10FFCC0017550200130505FE2E9732972300F700F4
:10FFDC002644B64096440649F259625AD25A425BBC
:10FFEC00B25B225C925C025DF24D61616FA00F9777
:04FFFC009305E00782
:020000022000DC
:10000000E391B6FCE91765BF930570076393B602E9
:10001000CD1793F7F70FB9463307D7029385C1443D
:1000200017550200130505FA2E9732972300F700A3
:1000300075B79305E007E390B6FEE917D9BF13063D
:100040004005975502009385E5211385014AEF305D
:100050001F8C13064005975502009385651B138579
:10006000C144EF30DF8A2644B64096440649F2592F
:10007000625AD25A425BB25B225C925C025DF24DE4
:1000800061616FA0FFF7834714009DC70547E398A0
:10009000E7DC034724006309F70C8947E311F7DC29
:1000A0009D47631BF514834734001306E100854523
:1000B0002317F1003545BDA0834724000947638815
:1000C000E7040D476388E7060547E39AE7D89D47AD
:1000D0006314F502034534002644B64096440649AD
:1000E000F259625AD25A425BB25B225C925C025D68
:1000F000F24D61616F90EFED1306E100854501451A
:10010000EF90DFDE8357E100A301F40089BB9D4738
:10011000631DF500834734001306E100854523176E
:10012000F1000945EF90BFCD1DBB1306E1008545E9
:100130000945F9B79D476314F50203453400264489
:10014000B64096440649F259625AD25A425BB25BB3
:10015000225C925C025DF24D61616FE05F86130686
:10016000E1008545394569BF9D476312F50813874E
:1001700041DB834707000345340093E71700230062
:10018000F7002317A100954763E3A70297760200C3
:10019000938646C593172500B69798439387018C9D
:1001A0003697028717F7FFFF1307A70898C3EF00DA
:1001B000103E1306E10085450545ADB717F7FFFF73
:1001C00013076707E5B717F7FFFF1307870FF9BF97
:1001D00017F7FFFF13078702D1BF17F7FFFF1307BA
:1001E000E719E9B717F7FFFF130727FFC1B7130692
:1001F000E1008545054529B71306E10085453545EC
:1002000001B72644B64096440649F259625AD25A7A
:10021000425BB25B225C925C025DF24D61616FA059
:10022000BFE02644B64096440649F259625AD25A73
:10023000425BB25B225C925C025DF24D61616F9049
:10024000CFFE9D47A300F40019B9930790FD230149
:10025000F400A3000400A38C01E0238C01E06DB640
:10026000938891E103C80800994703473400E3E805
:1002700007BF938F61E1938281E183C60F0083C73B
:1002800002001104014E814501469D4E8D4391446B
:10029000394F894A17790200130949B6194BB949F0
:1002A000138A013C977B0200938B4BB77DEB99A09F
:1002B00039436398670E3683F9AA014C8147054696
:1002C000914685451313380052930343030033537B
:1002D0008341137313006302030C130614007D178C
:1002E000DDC285462300D4001377F70F32843DEF3B
:1002F0000546954663040E002380080199C12380BA
:10030000F200E30E06B42380DF0091BE014C81476A
:10031000054681468545054E75B7368785450546B0
:1003200081461D433E8CE37FF3F81313380052934C
:100330003E930343A3FF338C6B00034C0C00631B01
:100340000C0863090308130614007D17A5C685462B
:100350002300D400B94632841377F70FE399D7F816
:10036000954695476396F61CAA8715C79306F7FF2F
:100370002300740093F6F60F639DE721050436878A
:100380000546194309AA85462300D4001377F70FC1
:1003900032846316071A0546B1BF850793F7F70F36
:1003A0008545E3E7DEF0139326004A930323030019
:1003B0004A93028385462300D400B94632841377DA
:1003C000F70F6387D700631C0716054685461DB7E0
:1003D000854641BF850793F7F70F854575A0131331
:1003E00038001387013C1A97BA9783C7A7FF13F702
:1003F000F60FA300F40093F7F50F328463843713EC
:1004000011FF81467DAA9D4693851700130624009F
:10041000791763E0F6028117A300F4001377F70F52
:1004200093F7F50F3284914605468545E31B07EEA9
:10043000D1B5131338009386013C9A96B69783C7BB
:10044000A7FF1377F70FA300F40093F7F50F32849B
:10045000E39B37FD8545054691460DA8F916B33651
:10046000D0001D468A066365F604138607FE1376E0
:10047000F60F85077D172300C40093F7F70F0504D7
:100480001377F70F85450546639FE713638C960C3A
:100490001D4363F2D40C631BD31305081378F80FC4
:1004A00063710B0F238008014DBB3687050481461D
:1004B000931538001386013C2E963E960346A6FF00
:1004C0004DBFBE85850793F7F70FE3F8BCF09A950B
:1004D00083CDA5FFB305BD0183C505009DE16387FD
:1004E000870565F3854539B5131C38001383013C36
:1004F0006293BE859D4C177D0200130D2D92394CE1
:10050000D1B7E38E0DFC7D172300B4001377F70FEE
:100510000504F1B77D17230004001377F70F0504D6
:100520009D469DB78545054681468DB78545B9BF32
:1005300005468546638D7602AA87E30907E8930698
:10054000F7FF2300540193F6F60F6399E705B1FE18
:100550000546894645B3F9FE8D46054685478545DE
:1005600005F709A8AA87054655F79D4661B3E31626
:1005700007D4914663010E5023800801728681479B
:10058000BDBBE31507D82380080181478146054696
:10059000BDB3E39A06E605469946A9BBD5DA93852D
:1005A0001700130624009306E7FFE3EAFEE2811733
:1005B000A300F40093F6F60F93F7F50F3284E39E51
:1005C00006D48545C9BB36839A86CDB1AA87EDBFCF
:1005D000834724000347140003463400A207D98F41
:1005E0003967130707806391E7028547631EF600AA
:1005F000034744009307F00F6318F700A38C01E052
:10060000238C01E0A38B01E0138F71E1138E91E144
:10061000138381E183450F0083460E0003470300E7
:1006200011040148814E0145894F854295449383C9
:10063000013C1D4915EE630408002300BF006384DC
:100640000E002300DE0019C12300E3002644B6405B
:1006500096440649F259625AD25A425BB25B225C16
:10066000925C025DF24D1385013C61616F90BF9415
:10067000834704006382F70963ECFF02A5C763EEBA
:10068000E4049308270093F8F80F63845506177560
:1006900002001305A588AA9783C7070013953600A3
:1006A0001E95469505072300F5001377F70F81A0E7
:1006B0009388070293F8F80FE36319FD93953600CA
:1006C0009E9503C80500938707F2B397F200B3E73E
:1006D00007012380F500054881457D160504137642
:1006E000F60F89BF850693F6F60F0147854E05453F
:1006F000EDB7054881455DB705488545F9BF2644F6
:10070000B64096440649F259625AD25A425BB25BED
:10071000225C925C025DF24D1306800381451385D5
:10072000013C61616F306FA2894729BE03472400F5
:10073000834714000345340022075D8F9317870019
:100740002183D98FC207C1838583130730050581B3
:10075000138F014A6378F7009387C7FAC207C183F2
:10076000138FC1443E86814E8D453E95930F3005D3
:10077000994291431304E007930470076351A6EE76
:10078000B388B60013831500238008003693014711
:1007900063E8CF023388FE007A9803470800850E8D
:1007A000C20E130ED700137EFE0F93DE0E0163E21E
:1007B000C203238098000347080035071377F70F1B
:1007C000050689054206C2052300E3004182C18176
:1007D00075B7130E6700137EFE0FE3E3C3FF23809C
:1007E0008800034708001907D1BF03472400834747
:1007F00014000346340022075D8F9317870021837E
:10080000D98FC207C183858313073005058293867C
:10081000014A6378F7009387C7FAC207C1839386BA
:10082000C144BE9611043E961305300513087007A7
:100830009308E007E3D9C782139707014183E36474
:10084000E5828345040003471400639B05014D17AF
:100850001377F70F2380E600850785060904D9BFC3
:10086000E39A15FF6917EDB783C7B1DD638907DE2A
:10087000A300040023010400A30104009307400621
:100880002302F4006FF0AFDD83C7B1DD638907DCBD
:10089000834724000347140003483400A207D98F7C
:1008A00013978700A183D98FC20703D7418CC183D7
:1008B000135F87001375F70F03D7618C935E870072
:1008C0009375F70F0D463E873E98635A07D99308F4
:1008D000160033E3E700B38FC600B698630F03003A
:1008E0007A8E2A83050709062380CF014207420634
:1008F0002380680041834182C9BF768E2E83DDB795
:1009000083C7B1DD638D07D48347240003471400F8
:1009100003453400A207D98F13978700A183D98F8D
:10092000C207C183814801483E86014E01438D457F
:100930003E95634CA60063040E002392118D630064
:1009400003D22393018D6FF08FD1B38EB60003C70E
:100950000E0083CE1E0022073367D701B36EF60068
:10096000638D0E00BA88054E42870506890542064A
:10097000C2054182C1813A886DBF0543FDB783C777
:10098000B1DD638E07CC8347140099EB83472400C5
:1009900081EB83D7618C13D78700A301E400CDB529
:1009A00083D7418CCDBF83C7B1DD638A07CA834734
:1009B000440003473400A207D98F13978700A1830F
:1009C000D98F03471400C207C18301EB03472400FA
:1009D00009E72393F18C6FF08FC82392F18C6FF0AD
:1009E0000FC8034714001306200581476365E6021C
:1009F00003462400A5459377F60F63F3C500A5478A
:100A0000B305F700130630056357B60093073005AA
:100A1000998F93F7F70FBA9793F7F70F09461308D3
:100A20002005938881690D43630BF7C26366E80272
:100A3000B30567023385C6000D061376F60FC6951B
:100A400003CE15002300C50103CE0500A300C50198
:100A500083C525002301B50005071377F70FE9B714
:100A6000F91593F5F50F13052400EFE03FF3A3000C
:100A7000A4006FF0CFBE238C01E071B09767FE1F1A
:100A80009387876523AEF1E023A201E2238001E290
:100A900082805971CAD0138941E2A2D4032409008B
:100AA000CECED6CADAC8DEC6E2C4E6C2EAC086D670
:100AB000A6D2D2CC6EDE8149814A930B000C130C76
:100AC000C003138BC1E1938C01E2176D0200130D7B
:100AD000ED5493840AFC93F4F40F8546268693051F
:100AE000E1011305A00DEF909FDA63937401AA89C9
:100AF0005DE98347E1016398870B8327090013DAD7
:100B00001A40854D339A4D01B377FA006397071267
:100B1000854626869305E10113056008EF903FD7CF
:100B2000854626869305F10113054008EF903FD6D0
:100B30008347E10103270B0031453EC63AC4EF105D
:100B4000B23B224723AEA1E0B24708C38346F1017E
:100B5000A304F50083270900232005002304950042
:100B600033EA470123A241E383C70C002322050097
:100B70000C10850726861305000E2380F1E2EF9006
:100B80001FD1EA850810EF205FDD35E583270B00D4
:100B900017550200130505F523A2B701EFD02F88E2
:100BA0002545EFC07FFC890A9947E394FAF2930444
:100BB000000C176BFE1F130B2B52054A938B01E29F
:100BC000094C8D4C175D0200130D4DF4975D02002A
:100BD000938D8DF225E8B65026544E8596540659CD
:100BE000F649664AD64A464BB64B264C964C064DBD
:100BF000F25D65618280976502009385A5420810C9
:100C0000EF20BFD511E983270B00094717550200D4
:100C1000130585EED8C359B7976502009385454102
:100C20000810EF209FD341F183270B000D47175584
:100C300002001305A5EDD8C395B7134AFAFF337424
:100C4000440195B793771400A5CF9387C1E19443EE
:100C5000DA876387D70683AA070003C68A0063166C
:100C6000960683A60A00368691E23E8694C3938751
:100C700004F4832609008587B317FA0093C7F7FFAA
:100C8000F58F23A2F1E283A74A0023AEC1E01755F6
:100C90000200130525E5638847016E85638587019A
:100CA000639897016A85EFC03FFA2545EFC0DFEBF7
:100CB0005685EF10F22483C70B00FD172380F1E265
:100CC0008904058093F4F40F31B7D68759B74111E1
:100CD00022C426C24AC006C61764FE1F1304C43FBE
:100CE0009384C1E11389C1879C4063988700B24017
:100CF0002244924402494101828000408325090038
:100D0000A1460346840013050002EF902FFEE9BFC1
:100D1000011122CC26CA06CEA307A1001764FE1F2C
:100D20001304843B9384C1E19C4063978700F240A5
:100D30006244D24405618280004085469305F100FB
:100D40000346840013050004EF904FFAF1BF011130
:100D50009307A00522CC26CA06CEA307F10017648C
:100D6000FE1F130464379384C1E19C40639787009E
:100D7000F2406244D244056182800040854693057A
:100D8000F100034684005145EF904FF6F9BF011181
:100D900022CC26CA06CEA307A1001764FE1F1304A7
:100DA000A4339384C1E19C4063978700F24062447E
:100DB000D24405618280004085469305F1000346D8
:100DC000840013051004EF906FF2F1BF011122CCE3
:100DD00026CA06CEA307A1001764FE1F1304C42F62
:100DE0009384C1E19C4063978700F2406244D244FF
:100DF00005618280004085469305F100034684002A
:100E000013052004EF908FEEF1BF397126DA4AD82E
:100E10004ED652D456D25AD05ECE06DE22DC62CCFA
:100E20009764FE1F9384442B938AC1E19389C18701
:100E3000138901DE138A8187138B4187938B018786
:100E400083A70A00639E9700F2506254D25442591D
:100E5000B259225A925A025BF24B624C2161828053
:100E6000844083C79400858BADC703C48400854646
:100E70006C00228613050009EF907FA139E9034732
:100E8000C1009307A0056316F704854622866C000F
:100E9000414523060100EF906FE583A50900A146B7
:100EA00022861305000AEF909F9E05E583A709009F
:100EB00083C7170099EF83C7C18613F7170063052F
:100EC0000720814605469305000A03C5418BEFB014
:100ED0002FB383C79400898BB5C703C484008546AC
:100EE0006C00228613051009EF907F9A21ED0347CD
:100EF000C1009307A0056317F704854622866C009E
:100F0000454523060100EF906FDE83250A009146D8
:100F100022861305800AEF909F970DE583270A002C
:100F200083C70700E19B99EF83C7C18613F71700BA
:100F30006301071E814605469305100A03C5418BD0
:100F4000EFB00FAC83C79400918BA5C303C484009A
:100F500085466C00228613052009EF905F9331E5EA
:100F60000347C1009307A0056311F7048546228655
:100F70006C00494523060100EF904FD783250B00F5
:100F8000854622861305C00AEF907F9019ED83C72E
:100F9000C18613F717006303071C814605469305B6
:100FA000200A03C5418BEFB0AFA583C79400A18B86
:100FB000A5C303C4840085466C002286130530094E
:100FC000EF90FF8C31E50347C1009307A005631143
:100FD000F704854622866C004D4523060100EF90FC
:100FE000EFD083A50B00894622861305D00AEF9027
:100FF0001F8A19ED83C7C18613F717006305071A07
:10100000814605469305300A03C5418BEFB04F9FDB
:1010100083C79400C18BE38507E203CC8400854637
:101020009305B100628613055009EF905F86E319BE
:1010300005E00347B1009307A005E313F7E08546F9
:1010400062869305B1005545A3050100EF900FCAD4
:10105000854662869305B1001305000BEF903F8330
:101060002A84854662866C001305800BEF903F82D0
:10107000498C854662869305D1001305900BEF904D
:101080001F811374F40F498C854662869305E10035
:101090001305A00BEF90AFFF1374F40F498C854636
:1010A00062869305F1001305B00B1374F40FEF90F3
:1010B0000FFE418D1375F50FE31405D88345C1006C
:1010C0001305B1003522ADBB13F7270001CF03474D
:1010D0000900098B01CB814605469305000A03C52B
:1010E000E185F5B313F7470001CF03470900118BE2
:1010F00001CB814605469305000A03C581DFC1BBCC
:10110000A18BE38807DC83470900A18BE39B07DA07
:10111000D9B713F7270001CF03470900098B01CB8B
:10112000814605469305100A03C5E18511BD13F7F5
:10113000470001CF03470900118B01CB81460546CB
:101140009305100A03C581DFE5BBA18BE38C07DEA5
:1011500083470900A18BE39F07DCD9B713F727006A
:1011600001CF03470900098B01CB81460546930552
:10117000200A03C5E18505BD13F7470001CF0347EA
:101180000900118B01CB814605469305200A03C552
:1011900081DF11BDA18BE38A07E083470900A18BA2
:1011A000E39D07DED9B713F7270001CF03470900F6
:1011B000098B01CB814605469305300A03C5E185BD
:1011C000B1B513F7470001CF03470900118B01CBDD
:1011D000814605469305300A03C581DF05BDA18B15
:1011E000E38807E283470900A18BE39B07E0D9B7B7
:1011F000011106CE22CC26CA834705002317B10071
:10120000CDCF858B2E84AA8489CF13F5F50FEF807F
:101210004FDC9375F400176502001305E5E1EFC09C
:101220001F8383C70400898B99CF85450545130625
:10123000E100EF80DFBC9375F40017650200130531
:1012400025E0EFC0DF8083C70400918B99CF8545EF
:1012500009451306E100EF809FBA9375F400176506
:101260000200130565DEEFC08FFE83C70400A18B6B
:1012700099CF854531451306E100EF805FB893753E
:10128000F40F176502001305E5DCEFC04FFC83C7C0
:101290000400C18B99CF854535451306E100EF80E9
:1012A0001FB69375F40F17650200130565DBEFC0D9
:1012B0000FFA1305007DEFC07F93F2406244D244E1
:1012C0000561828023AC05FE1C4191E7010001000D
:1012D0000CC18280BA8703A787FF6DFF23ACB7FEDE
:1012E00082801DC18346E5FF1307F00F9147639E7F
:1012F000E600411106C69710FE1FE7800031B2409C
:1013000081473E854101828095473E85828001E983
:10131000014582800145B2402244410182809565A9
:101320004111938505D022C4C98D2A842105C205A7
:101330004205C181418106C69710FE1FE780C01F8C
:1013400071D9FD5723200500231285002303F500E2
:101350002105D1B71767FE1F130707E61C4341118C
:1013600022C426C24AC006C601440149BA8491E794
:10137000A165EF00807A1DC401A803C7E7FF631AC7
:10138000A7020DCCA165B9299840832784FF631972
:10139000E4021767FE1F2321F7E2FD57232C04FE0A
:1013A000230FF4FE2285B2402244924402494101B7
:1013B000828011E03E8983A787FF55BF3E84E5BF49
:1013C000232CF9FED9BFADC1411122C406C62A841F
:1013D0009767FE1F83C797DE2E856375F4008947E4
:1013E00063E98700EFF0FFEF0D45B2402244410171
:1013F000828083A785FF99E703C7E5FF9307F00F76
:101400006306F700EFF0FFED1545C5B7238F85FEA6
:101410001765FE1F130545DAEFF0DFEA2285224447
:10142000B240A16541017DAE154582809767FE1FE0
:1014300023A407D882809767FE1F938767DD9C43AC
:1014400099E33E85828003D727006316B70003C760
:101450000700E308A7FEDC47E5B7C9C1797122D4CC
:1014600006D626D24AD04ECE01444147B3D7854056
:10147000858BA5C31205314722953305E502976791
:10148000FE1F9387E7DC03A907008544B39484001B
:10149000C204C180BE892A990327090011C7032508
:1014A00049002EC60297B24531473304E40283A7B0
:1014B00009003E941C4489E72320090023220900E7
:1014C000B2502254A58D02599254F2492E8545619D
:1014D00082800504E31CE4F88144DDB72E85828018
:1014E00041111397050122C406C626C24AC041878E
:1014F0002E8463500702EFF0FFE519C1EFF07FDEA5
:10150000A1673D8C2285B2402244924402494101A8
:101510008280EDD9AA8701474146B356E440858AC7
:101520008DCE9207BA97B146B387D7029766FE1F52
:10153000938606D203A906008544B394E400C2044E
:10154000C1803E9983270900032549008297232003
:10155000090023220900258C75B70507E31FC7FA88
:101560008144D5BF9767FE1F9387C7CA9C5341111B
:1015700022C406C61384818C99C782971C403E956D
:1015800023A4A18C39A09767FE1F9387E7CC9C43C7
:10159000EDF70840B74703009387D73F3305F502BF
:1015A000B7A72600938737ECB24022443E9523A488
:1015B000A18C410182800111680006CE22CC26CA8E
:1015C000EFE0C06BFD576300F50E32479766FE1FD4
:1015D000938646C49767FE1F83C717C5B68463F911
:1015E000E70A1764FE1F130464BD18483706C0A835
:1015F000630EC7029767FE1F938707C69C438297B7
:1016000032471C486373F700BA871767FE1F03470A
:10161000B7C1998F3E958387640163CE0700B707F2
:10162000C0A8636AF500B7074057A5A8838666017E
:1016300063D506061D8D1764FE1F130464D91C4C68
:1016400081CF9767FE1F938727DF94433707CDFF2E
:101650007D179C46F98F9CC619E13705C0A897678E
:10166000FE1F938727BBDC53829719E51C4C8DC363
:10167000EF50D170EF5001511C4C99CB9767FE1F72
:10168000938787DB9843B70633001C47D58F1CC769
:10169000F2406244D24405618280E37DF5F8B307ED
:1016A000F7403E9549BF9764FE1F938424B19C4840
:1016B0003704C0A8E38E87FC9767FE1F9387C7B9DE
:1016C0009C4382979C481767FE1F0347F7B5998F85
:1016D0003E959767FE1F9387E7B383876701E3CC47
:1016E00007F4E36A85F481B77DC93748F6A6130885
:1016F00008C889476366C80E79719767FE1F93878C
:1017000027B522D45AC803A807003E8B06D626D296
:101710004AD04ECE52CC56CA5EC662C40144B148CD
:10172000C147B30B1403137CF40F33037801032375
:1017300003006311030AAE8AC165AA84938505F08C
:1017400041453A8AB68932899710FE1FE780C0DE8C
:101750000DE99767FE1F9387E7AB9C5B99EF814785
:10176000B250225492540259F249624AD24A424B30
:10177000B24B224C3E85456182808145114582975E
:10178000F9BF9767FE1F9387A7A8984321E3976740
:10179000FE1F23AFA7A62300050083270B000547E4
:1017A00033148700232605002324250123118500F7
:1017B00023224501DE9784C323A2570123A44701B6
:1017C000E38F09F82380890159BF36875447F5FE16
:1017D00048C7D1B70504E316F4F4A14751B78947C8
:1017E0003E8582809767FE1F83C7579D6371F50210
:1017F0001767FE1F130787A19317150008433E952F
:1018000083570500DD8D2310B500014582800D450D
:1018100082809767FE1F83C7779A6373F502176705
:10182000FE1F1307A79E93171500084393C5F5FFE6
:101830003E9583570500FD8D2310B500014582803C
:101840000D4582809307F00263EDA70AB146B30607
:10185000D5029767FE1F9387A79F984389473697BE
:1018600018434DC3011122CC4EC60544935945007F
:101870003D893315A40013140501418026CA4E8505
:10188000AE84A2854AC806CEEFF0FFBA2A89814706
:101890002DC1A2854E85EFF0DFF79767FE1F938776
:1018A000A79B9C4382979767FE1F83D7A793338795
:1018B00097022A84130600648146B3B79702130582
:1018C0000732B335E500BE95EF0012289767FE1F7B
:1018D0009387479483876701229563C90700B707F9
:1018E000C0A86365F500B70740573E952324A900BB
:1018F0008147F2406244D2444249B2493E85056183
:10190000828089473E8582809767FE1F83C7178B39
:101910006364F5000145828001119767FE1F93877C
:10192000A79326CA844306CE22CC4AC84EC6CDC849
:10193000AE899765FE1F83D5E58AB387C5022A84E1
:1019400032898146B3B5C50213850732B337F50036
:1019500013060064BE95EF00321FB747F6A69387C3
:1019600007C863EFA70682949765FE1F83D5858716
:10197000B3872503AA84130600648146B3B5250303
:1019800013850732B337F500BE95EF00F21B97675A
:10199000FE1F9387278803876701AA943E896349BE
:1019A0000700B707C0A863E5F400B7074057BE9427
:1019B000CE852285EFF03FA801C504C5054515A0D9
:1019C000936504F0C205C18141459710FE1FE78071
:1019D000A0B619ED8327090381C7A2851145829717
:1019E0000145F2406244D2444249B24905618280D5
:1019F0009767FE1F9387C7819C439DE39767FE1FF0
:101A000023A8A78085472326050004C52311350197
:101A100023008500A300F5002322050045B7BA87FF
:101A2000D84775FFC8C7F9BF59C9797122D426D2E2
:101A30004AD04ECE52CC56CA5AC85EC662C406D6EA
:101A4000B689B28A2E8A2A899304000C4144175B16
:101A5000FE1F130BEB7F054C930B000383270B003A
:101A6000A6979C43A9E79375F400B315BC00C20583
:101A70005686C18113554400EFF01FE90DC9832735
:101A80000B000145BE9423A0240123A244016384DA
:101A9000090023808900B250225492540259F2491D
:101AA000624AD24A424BB24B224C456182800504C5
:101AB0001374F40FB104E31374FB2145E9BF094526
:101AC0008280411122C426C24AC006C62A842E89B9
:101AD000B284EFF07FE3CA852285EFF0DF9505CD74
:101AE0009755FE1F83D50570B38795022A84130688
:101AF00000648146B3B5950213850732B337F5000C
:101B0000BE95EF00720448C00145B24022449244A1
:101B10000249410182802145CDBF411122C426C224
:101B20004AC006C62A892E84EFF0FF90AA8419C104
:101B300023110500A2854A85EFF0BFCD9757FE1F00
:101B400083C7C767639B27019757FE1F83D7C76B60
:101B50005D8C9757FE1F2399876A014591E01945CF
:101B6000B240224492440249410182809307F0022C
:101B700063E9A7044111B14722C43304F50226C228
:101B80009754FE1F9384C46C9C4006C6A29798434A
:101B9000894715C39377F5008545B395F500C205D0
:101BA000C1811181EFF07FF79C40A29723A007002D
:101BB00023A207008147B240224492443E8541015E
:101BC000828089473E858280411106C622C4EFF09B
:101BD0009F8611E50145B24022444101828097571A
:101BE000FE1F938767679C43004582979757FE1FA8
:101BF000938747628387670163D80702B747F6A6D2
:101C00003305A4409387F7C7E3E6A7FC9307006476
:101C1000B335F5021756FE1F0356C65C81463305E1
:101C2000F502EF00627245BFE37AA4FCB707C0A8D3
:101C30003E94E9B7411106C69757FE1F23ACA76033
:101C40000295B2409757FE1F23A6A75801454101B0
:101C50008280994763E9B7008A059757FE1F9387EB
:101C6000E758BE9588C1828041117146814517555C
:101C7000FE1F1305A55706C69757FE1F23AA075830
:101C80009757FE1F23A8075C9757FE1F23A6075CE4
:101C900097F0FD1FE780202D1306C00281451755E0
:101CA000FE1F1305A55197F0FD1FE780C02BEFC065
:101CB000413B9757FE1F83C7575713D527008D8B7E
:101CC0003E958D473305F502854539051375F50FAA
:101CD0009757FE1F2385A74E99473305F502130535
:101CE00005249710FE1FE78020851757FE1F23212C
:101CF000A75659CD99471756FE1F0346464C330643
:101D0000F60281451306062497F0FD1FE780A02503
:101D10009757FE1F9387C7539C43938707241757F2
:101D2000FE1F2323F74C1757FE1F034747490A0797
:101D3000BA971757FE1F232BF74CEFF02FEF4929C7
:101D40009757FE1F9387474A94439757FE1F83C7B1
:101D5000F74613972700369717F6FFFF13062670EE
:101D600010C3138717001377F70F0A07369717F674
:101D7000FFFF1306267710C313873700890793F7F1
:101D8000F70F8A079755FE1FA38AE542B69790C3BF
:101D9000B240410182809757FE1F83C737421757D1
:101DA000FE1F0347C74163F3E7021757FE1F1307E0
:101DB000A7431843938617001756FE1FA300D6406B
:101DC00093962700369708C33E8582809307F00FCD
:101DD000E5BF1C416386071641777D8FB70600205B
:101DE00089476310D71603574500630C0714411148
:101DF00022C419462A849305F00F690506C697F098
:101E0000FD1FE780602005478D476306E5121C44EF
:101E100081CB5858994763000712185C630D07106F
:101E20001306C00381451755FE1F1305A53E97F005
:101E3000FD1FE78040131306C003A2851755FE1F40
:101E40001305453D97F0FD1FE780600E1757FE1FF5
:101E50000357073D9757FE1F9387C73B19E71307A3
:101E600000109756FE1F239DE63A1757FE1F0347A3
:101E7000473B11E705479756FE1F2384E63A17575D
:101E8000FE1F0357273A11E76D479756FE1F239B06
:101E9000E6381757FE1F0347D73811E715479756FF
:101EA000FE1FA380E6381757FE1F0347C73711E709
:101EB00005479756FE1F2388E6361757FE1F034730
:101EC000973619E703C7F7009756FE1FA38DE63430
:101ED0001757FE1F0347473511E735479756FE1F33
:101EE0002384E6341757FE1F0347573419E71307B7
:101EF00080029756FE1FA38BE6321757FE1F03473B
:101F0000B73219E71307D0029756FE1FA38EE630AB
:101F10000347840119E71307C0039756FE1F238761
:101F2000E6309C5791C782979757FE1F239CA7289E
:101F3000EFF09FD38147B24022443E854101828029
:101F400089473E8582809757FE1F9387E7309C43E1
:101F5000411106C622C426C24AC082979307006474
:101F6000B335F5021754FE1F1304442503598402A8
:101F700081464A863305F502EF00023D004CAA84F3
:101F800001456304940233858440636C94004A865F
:101F90008146370500B09305E041EF00E23A018D3C
:101FA00026959757FE1F23A79722B24022449244BA
:101FB000024941018280011122CC0A852E844146CA
:101FC000972502009385C51406CEEF105F9418087C
:101FD00006043A94035504FF9757FE1F83D7A720A2
:101FE000F2406244AA9737450F0013050524335584
:101FF000F502056182809757FE1F83D7C71E5147A0
:102000001D45637CF702794719456378F70213078A
:10201000200315456373F7021307B0041145637E6F
:10202000F700130740060D456379F70013076009B1
:1020300009456374F70013B5B70F8280011122CCF4
:1020400006CE2A842EC6EFF0EFD1B245F240818D44
:1020500033A5A502229562441375F50F05618280B0
:10206000011122CC06CE2A842EC6EFF0AFCFB245A6
:10207000F240818D33A5A50222956244420541813B
:1020800005618280011122CC06CE2A842EC6EFF093
:102090006FCDB245F240818D33B5A50222956244E1
:1020A000056182809757FE1F9387C716985739CBD3
:1020B000411122C426C206C6BE8402971757FE1FCE
:1020C000035747102A8415CBBA876373A700AA87E2
:1020D000C207C183BA866373E400A286C206C182C6
:1020E000958F5147635BF700DC5491C38297EF50A3
:1020F000C1329757FE1F2397870CB2402244924467
:102100004101828082809757FE1F9387A710DC577A
:10211000011106CE81C72AC6829732451DC5B787F1
:102120003200938727A11757FE1F232DF70A9757D1
:10213000FE1F23A3A71217050000130505E1EFF00A
:102140007FAFF2400145056182809757FE1F83C72C
:10215000C70D139787016187635C07029757FE1FBE
:1021600023AC0706B7873200938727A11757FE1FB6
:10217000232AF7067D57B7C7004023A4E72697F721
:10218000FD1F9387871F1757FE1F2327F70C65B77F
:1021900013F7170011CFB7872003938707D017577E
:1021A000FE1F2321F70497F7FD1F93872720E1BF28
:1021B00061779756FE1F2397E60281CB9307003283
:1021C0001757FE1F2311F702F9BF93072003CDBF56
:1021D000011122CC1754FE1F1304C403084406CE79
:1021E00026CA4AC801E90545F2406244D244424940
:1021F000056182805C58E5DB185C75D77000854509
:1022000082971844B247E300F7FE9305E0041755A0
:10221000FE1F0355E5009700FE1FE780E0311757CA
:10222000FE1F232DA7FA61D11756FE1F035646FF46
:102230009305F00F97F0FD1FE780E0D28144175916
:10224000FE1F1309A9F79757FE1F83C787FD0326B3
:10225000090263C1F40232859700FE1FE780E03A6D
:1022600001459757FE1F23AB07F69757FE1F23A97B
:1022700007F69DBF9755FE1F83D585FAB387950254
:102280000844185C898185043E9508C2029765BFA1
:10229000411122C41754FE1F1304C4F71C4426C264
:1022A00006C64AC09754FE1F938444F191EB8850B0
:1022B00025EDB24022449244024901454101828009
:1022C0001C5CF5D79C5099EF9305E0041755FE1F51
:1022D000035505F59700FE1FE78000269757FE1F60
:1022E00023AEA7EE885061D51756FE1F035646F35E
:1022F0009305F00F97F0FD1FE780E0C6014997575F
:10230000FE1F83C707F29050E353F9FA9755FE1F5B
:1023100083D505F1338525031C44898105093E9544
:102320001C5C08C28297E1BF9700FE1FE780E02D8A
:102330009757FE1F23A407EA9757FE1F23A207EA19
:102340008DBF011156C2975AFE1F938AAAEC83A72C
:102350008A0022CC4AC84EC606CE26CA52C45AC0EB
:10236000AA892E8432896385072203A74A0363075B
:1023700007147D476366A7149754FE1F938404E4F3
:1023800003AA040263170A0A9565938515E0175599
:10239000FE1F0355E5E89700FE1FE780E0199757F9
:1023A000FE1F23ADA7E22A86630A051083A74A030E
:1023B00003A58A009755FE1F83D585E689818297FC
:1023C00083A78A0003AA04021757FE1F232AF7E0F7
:1023D0008947639CF908C1476312F40E9755FE1FA5
:1023E00083D505E4938505FC9147B3C5F5028A05BD
:1023F000D29503C705009307A005631DF70A83C79D
:1024000015006399370B4A852286910597F0FD1FC9
:10241000E780E0B19C505285639347150145F24037
:102420006244D2444249B249224A924A024B05616F
:102430008280D850E38EE7F89565938525E017559F
:10244000FE1F0355E5DD9700FE1FE780E00E2A8A98
:1024500035C52A8683A74A0303A58A009755FE1F20
:1024600083D505DC89818297A5B78D47639DF900E7
:10247000C1476315F4049755FE1F83D565DA93852C
:1024800045FDF199B5B79147639AF9006318340394
:102490009755FE1F83D5C5D8A115E5B7C147639FE2
:1024A000F900A14763EC87009755FE1F83D545D7F8
:1024B000C115C1BF9C5052856397470D294585B70B
:1024C0001307F006568B6361A70A130A05FE194726
:1024D000334AEA021757FE1F035787D4975AFE1F45
:1024E000938ACACD330AEA023E9A83A74A026395C9
:1024F000470183A40A029DE49305E0041755FE1FDB
:10250000035505D29700FE1FE7800003AA845DD51E
:1025100083274B039755FE1F83D585D02A86898153
:102520005285829791451307A005898193972500CD
:10253000A69783C607006393E60483C61700639CCF
:10254000360385058A052286A6954A8597F0FD1FE4
:10255000E780E09D83A70A02E38297EC2685970037
:10256000FE1FE780800A5DBD1307E007E368A7F45C
:10257000130A05F985B783D5270045BF83A70A024B
:10258000E38E97F226859700FE1FE78000083DB78F
:102590009757FE1F938787C28C538DD1914793061F
:1025A000A0058983139727002E9703460700E3179A
:1025B000D6F003461700631C360185078A0722867A
:1025C000BE954A8597F0FD1FE780609681BD8357D1
:1025D0002700C1BF9757FE1F9387C7C3984739C7C6
:1025E0009C5FA9C705476313E504411122C4175432
:1025F000FE1F1304A4BC105006C60DC648509755C4
:10260000FE1F83D5E5C18981829708509700FE1F80
:10261000E780A0FF9757FE1F23A207BC9757FE1F16
:1026200023A007BCB2402244410182808280011174
:102630001757FE1F130707BE4EC68329870022CCFB
:1026400026CA4AC806CE52C456C2AA842E843289EB
:10265000638A09201C5FBA8A99EB2945F2406244DB
:10266000D2444249B249224A924A056182805C5B67
:10267000EDD7FD4763E9A70E9759FE1F938909B46B
:1026800083A70902B1CB03A58A0083A749026395FA
:10269000A70689476393F408C147E310F4FC175574
:1026A000FE1F0355E5B79147130505FC3345F502B9
:1026B0009317250003A509022286CA853E95930734
:1026C000A0052300F500A3009500110597F0FD1F5C
:1026D000E780E085014559B79305E0041755FE1FD3
:1026E000035505B49700FE1FE78000E59757FE1FCE
:1026F00023A6A7AE49F995B783A74A0303A6090203
:102700009755FE1F83D5C5B18981829783A78A001B
:102710001757FE1F2326F7ACADBF8D47639EF4000D
:10272000C147E31CF4F21755FE1F035565AF1305AF
:1027300045FD9377C5FFBDBF9147639AF400E31E43
:1027400094F01755FE1F0355A5AD2115DDB7C14700
:10275000E395F4F0A147E3E287F01755FE1F035518
:1027600025AC4115F9B79307F00663EAA70693076E
:1027700005FE1947B3C7E7021757FE1F035747AABD
:10278000175AFE1F130A8AA3B387E702BE9983274D
:102790000A02A9CF83274A02639A370703250A0250
:1027A00091461308A005FD5593D72600C207C183A3
:1027B000139727002A9703460700631D06078348DF
:1027C00017000356270063959806B306D64063CFDB
:1027D000860485078A072286CA853E95C5BD93076C
:1027E000E007E3ECA7E6930705F979B79305E00462
:1027F0001755FE1F0355C5A29700FE1FE780C0D3E3
:102800009757FE1F23ACA79C51F581BD83A74A03B0
:1028100003260A029755FE1F83D585A089814E8520
:1028200082979757FE1F23AD379B8DBFA300B7003C
:10283000B2869DBFB38586001756FE1F0356469E7F
:102840009105130606FCE3FAC5E01306340013767F
:10285000C60F1106B29623000701A30097002311AB
:10286000D70085BF9757FE1F938747959453BE891E
:10287000A1C203A5090291461308A005FD5593D7EF
:102880002600C207C183139727002A970346070033
:1028900063160605834817000356270063989800BF
:1028A000B306D640E3D786F2A300B700B286C1BF15
:1028B0008357C7001755FE1F0345A5969305E004EF
:1028C0003305F502420541819700FE1FE780C0C62F
:1028D0009757FE1F23A4A79049FD41B31756FE1F2B
:1028E000035606949755FE1F83C5A593B385C5026D
:1028F000338686001106E3E2C5D681BF014582809A
:10290000011106CE2EC6EF80005801C9B245F24033
:102910000355250005616FC0C068F2404945056157
:102920008280A38801E4238801E423AC01E223AE82
:1029300001E223A001E423A201E423AA01E223A8E7
:1029400001E29757FE1F93876793930640382391C0
:10295000D702F1761307400B938606B82391E70060
:102960002392D70211679D46130600059305000ABE
:102970001305007D2392E7002393D7024147854644
:10298000130810F82395E7002396E7002399E70042
:10299000239AE700239BE700239CE7002394E702A8
:1029A00023960703239007002393B7002394B700CF
:1029B0002397C7002398C700239DA700239E0700E5
:1029C000239F0700239007022395D702239707022E
:1029D0001308F007239807022392E7042393E704E0
:1029E000239FE7042390E7062391E7062392E70657
:1029F000239907031307C01C239AD702239BD702EE
:102A0000239C0702239D0702239E0702239F0702A0
:102A1000239007042391D7042394070423950704E4
:102A20002396D7042397C7042398C7042399A704A0
:102A3000239A0704239B0704239C0704239DC704B0
:102A4000239EC7042393A70623940706239507060E
:102A5000239607062397B7062398B70623990706F8
:102A6000239AE7065147239DE7067D57239B0706D8
:102A7000239C0706239ED706239F07062390E7087B
:102A80008280011126CAAA84214522CC06CE2E843A
:102A900032C636C43AC2EFE09F871DC9A24612472C
:102AA0003246930700FD2300F5009947A3009500E7
:102AB0002301F5002303D500A303E5002312C5007D
:102AC000AA8522856244F240D24405616FE0BF8F3F
:102AD000F2406244D2440561828023ACA1E282804C
:102AE00023AEA1E2828023A0A1E4828023A2A1E4FC
:102AF0008280011122CC4AC806CE26CA2A89014406
:102B0000B30489006368B400F2406244D24442498D
:102B1000056182802EC6EFE0FFA493170501C183F3
:102B2000A183B2452380F4009307140093F7F70FB5
:102B3000850463F9B700CA9709042380A7001374BA
:102B4000F40F7DBF3E847DBFC1671745FE1F03554F
:102B50004571FD176304F50241111756FE1F034628
:102B60006684938581E406C6EF80E00FB240FD578E
:102B70001747FE1F2317F76E41018280828009C923
:102B800025151375F50F1335850E13451500828035
:102B90000145828023900500D1C6797122D426D2C6
:102BA0004ECE52CC5AC806D64AD056CA5EC63684D5
:102BB000328AAE892A8B814463F44407B3079400B8
:102BC00083C70700138914004209939A070193DA17
:102BD0000A011359090163850A04CA976342FA047A
:102BE000B307240183CB07005E85EFF05FF90DC9C1
:102BF0009387FAFF2390F90063906B031305190084
:102C00002295B250225492540259F249624AD24A51
:102C1000424BB24B45618280D694C204C18069BFE9
:102C20000145C5B701458280411126C2AE8422C448
:102C30009747FE1F23AEC7629747FE1F23A8B762C0
:102C40009747FE1F23A2A7622A8441469305F00FEF
:102C500026854AC006C6054997E0FD1FE780C03AB1
:102C6000631225059747FE1F9387475F884BC14531
:102C7000EFF03FE841469305F00F228597E0FD1FF6
:102C8000E780803885446319950222449747FE1FE8
:102C90009387C75CB24092440249C847C14541018D
:102CA0006FF03FE541468145268597E0FD1FE780AF
:102CB000A035E31125FD7DB741468145228597E08A
:102CC000FD1FE7806034E30295FCB2402244924449
:102CD000024941018280411122C426C22E84AA8465
:102CE0001306000281451745FE1F1305255706C62A
:102CF00097E0FD1FE78020279747FE1FA381975687
:102D00009747FE1F2382876AEFC0A02B854719C112
:102D100081474945B24022441747FE1F2300F7541C
:102D2000924441018280814781CD19C98547631B47
:102D3000F50083C7550093E707FCA382F50085479C
:102D40003E85828089476317F50083C7550093F756
:102D5000F703E5B70D478547E314E5FE03C75500C4
:102D60001377F70313670704A382E500D1BF8147F8
:102D70008DC105C103C755009306000C8547137725
:102D8000070C6308D700930600048D476303D70040
:102D900089473E858280411122C4005D06C626C255
:102DA0001DC8AA84085009C59700FE1FE780E0856A
:102DB000485009C59700FE1FE7802085085409C5C3
:102DC0009700FE1FE780608422859700FE1FE78042
:102DD000C08323AC0402B240224492444101828069
:102DE00009ED9747FE1F83C787471745FE1F130549
:102DF000654881CB138581E282801745FE1F13054C
:102E0000654782801745FE1F0345654582809747C9
:102E1000FE1F9387A744C84782809747FE1F93876A
:102E2000E743884B82809747FE1F93872743DC4BFD
:102E3000884382809747FE1F93874742D84B1C43A5
:102E400085071CC31745FE1F034575419307F00F07
:102E50006305F50091656FE0FF988280011122CC37
:102E600006CE2E8432C6EF80C0129147B245631F52
:102E7000F500938741E49C438DC303A30700630ED1
:102E8000030022856244F240056102839387C1E317
:102E90009C4381C703A34700DDB7F2406244054568
:102EA00005618280011122CC2A840355450006CE9B
:102EB00026CA4AC84EC6EF70F06B3DC52A898344C6
:102EC00005008349C500EFF01FED4A85EF80E04B18
:102ED00003554400EF80200783C701E5B1CB639918
:102EE000970483C511E52685EFF09FA119E123889A
:102EF00001E403554400EF80C0099147631FF500CA
:102F0000035744009747FE1F83D7A7356317F70081
:102F1000FD571747FE1F2316F734F2406244D24490
:102F20004249B2490561828081499304F00F6DB72F
:102F30009307F00FE38FF4FA8346640003564400CE
:102F4000034524004E87A685EFF0BFB35DB77971C6
:102F50005EC6AA8B2E8552CC56CA5AC806D622D433
:102F600026D24AD04ECEAE8A328B368AEF7090602F
:102F700065C5045D2A89EDC09C50614599C3130560
:102F800040039C5481C751054205418163050A00F5
:102F9000710542054181DC5081C7590542054181D7
:102FA000EFE0EFB62A844DC96146814597E0FD1FE9
:102FB000E78060FB9749FE1F83C9492F639409008E
:102FC00083490900930700FD2300F400A947A300EB
:102FD00074012301F400230364018C502312540173
:102FE0001305840191C908C47146930A440397E00C
:102FF000FD1FE780C0F356858C5491C948C45146E3
:10300000930A450197E0FD1FE78060F25685630C47
:103010000A0008C87146D285930AC50197E0FD1FD2
:10302000E780E0F05685CC5099C548C8594697E0EE
:10303000FD1FE780C0EFA2854E85EFE0CFB8225498
:10304000B2509254F249624AD24A424BB24B4A853C
:10305000025945616FF03FD4B25022549254025944
:10306000F249624AD24A424BB24B45618280011119
:103070004EC6AA892E854AC806CE22CC26CA2E89DB
:10308000EF70504F21C99744FE1F83C4242299E05A
:10309000834405001945EFE08FA72A8405CD8145BB
:1030A000194697E0FD1FE78000EC930700FD230021
:1030B000F400B947A30034012301F40023122401D2
:1030C000A2856244F2404249B2492685D244056154
:1030D0006FE06FAFF2406244D2444249B2490561A9
:1030E000828039715ECEAA8B2E8526DA4ED652D4D6
:1030F00056D25AD006DE22DC4AD8AE84328BB68A4B
:103100003A8ABE8942C6EF70F04621CD2A894145F0
:10311000EFE0EF9F2A8431C54146814597E0FD1FCE
:10312000E78060E41745FE1F0345451819E1034594
:103130000900930700FD2300F400BD472301F400BC
:10314000B247A30074012312940023046401A30472
:10315000540123054401A30534015CC4A285EFE0BA
:103160008FA6F2506254D2544259B259225A925AFE
:10317000025BF24B21618280797126D2AA843945A3
:103180004AD04ECE06D622D42EC6B2893689EFE07A
:103190000F9821C1B2459307000D2310F500B147E8
:1031A0002A842312B5002301F500CE85190519469E
:1031B00097E0FD1FE780A0D723062401A2852254B3
:1031C000B2500259F24913F5F40F925445616FE081
:1031D0008F9FB250225492540259F2494561828025
:1031E0001747FE1F0347B7079307F00F630DF70656
:1031F000411126C2AA84394522C406C64AC0EFE05E
:103200000F912A8439C9930700FD2300F500A3001C
:103210009500230105009745FE1F9385A5050D0523
:10322000194697E0FD1FE78080D01749FE1F13095C
:10323000E90283578900A2851745FE1F0345350221
:103240002315F400834719002306F4002244B240FA
:103250009244024941016FE00F97B24022449244E8
:10326000024941018280828001115AC02A8B314576
:1032700026CA4EC652C456C206CE22CC4AC8AE8416
:10328000B28A368ABA89EFE08F8835CD2A842685BE
:10329000EF70502E11C50347C500A1476314F70412
:1032A0001749FE1F0349B9FB930700FD2300F400F3
:1032B0009D47A30064012301F4002312940023130B
:1032C00054012314440123153401A2856244F240C1
:1032D000D244B249224A924A024B4A854249056188
:1032E0006FE06F8E1749FE1F0349190CE31E0BFA9E
:1032F000938741EF9C439C47C5DBCE865286D6859B
:103300002685829755B7F2406244D2444249B24979
:10331000224A924A024B05618280011122CC2A8402
:10332000214506CE2EC6EFD09FFE21C1B2459307A0
:1033300000FD2300F500C5472301F50083C73500D4
:10334000A301F50083D745002312F50083C765006C
:103350002303F50083C77500AA85A303F500228522
:103360006244F24005616FE00F86F24062440561FD
:103370008280397162CC2A8C594526DA4AD84ED6D9
:1033800052D456D25AD05ECE06DE22DCAE8432C68D
:1033900036C4BA8B3E8BC28A468A835901040349DC
:1033A0004104EFD0DFF625C93246930700FDA2465F
:1033B0002300F5009547A301C500A3008501230163
:1033C000F5002A8419461105A9C2B68597E0FD1FAC
:1033D000E780E0B523066401230A24012315740164
:1033E000231754012318440123193401A285625480
:1033F000F2504259B259225A925A025BF24B624C35
:103400002685D25421616FD01FFC814597E0FD1FB6
:10341000E78060B5C1B7F2506254D2544259B259F4
:10342000225A925A025BF24B624C2161828097478A
:10343000FE1F83C7C7E28DCB4111AA8519461385AC
:1034400081E206C697E0FD1FE78060AE938581E2CA
:103450001745FE1F0345A5E0EFF0FF8CB240138532
:1034600081E241016FB07036014582801747FE1F2F
:103470000347F7DE9307F00F6305F708411126C2F3
:10348000AA84294522C406C6EFD07FE82A8429C130
:10349000930700FD2300F500A1472301F500A300D9
:1034A00095009747FE1F938767DB83C727009385A7
:1034B00081E21105A30FF5FE194697E0FD1FE78095
:1034C00000A7A2851745FE1F034575D9EFD0BFEFB2
:1034D0001747FE1F0347A7D88D47631FF700938741
:1034E00001E49C4391CB03A38700630703002244BC
:1034F000B240924441010283B240224492444101CD
:1035000082801747FE1F034787D58D47631AF70050
:10351000938701E49C4389C703A38700E31D03FC51
:103520008280797122D406D626D24AD04ECE52CC91
:10353000094455CD2A89035505002E8A5144EF7060
:103540007003AA844DC59747FE1F83C7E7E5FD17A3
:1035500093F7F70F05474944637BF7080347C50016
:10356000A1476314F70063140A089C5C4544C1E357
:103570009165938545711305C00297F0FD1FE780A3
:10358000A0FB88DCAA894D443DC11306C0028145D9
:1035900097E0FD1FE780209D83570900938649002F
:1035A00036852391F90071469305490036C697E0A8
:1035B000FD1FE780C09789472380F90003C5C40039
:1035C000B2460356090061159745FE1F83C585DD88
:1035D00013351500EF80F01E2A8463060A00D28599
:1035E0002685EF80600901C42685EFF0CFFA228599
:1035F000B250225492540259F249624A4561828083
:103600009747FE1F83C747DAFD1793F7F70F054764
:10361000637AF708894741CA011122CC26CA4AC8F1
:103620004EC652C406CEAA89368AB2842E89EF705D
:1036300060742A84D14739C9485509C597F0FD1FE0
:10364000E780A0FCF145268597E0FD1FE780009408
:1036500048D4CD4705CD8346C40021478147639FA9
:10366000E600630D0A000347A50103560501930612
:103670002501AA854E85EF80A007AA87034744004D
:10368000630F0900136767002302E400F2406244FD
:10369000D2444249B249224A3E850561828013677D
:1036A0004700DDB7C9473E8582809307F00363EB8F
:1036B000A7009747FE1F938767BC06053E950355F5
:1036C0000500828041657D158280011122CC2A840B
:1036D0002E8526CA06CEAE84EF70C0691DCDB747D1
:1036E0000F009387F723094563E4870281450A8524
:1036F000414697E0FD1FE7800087A68523108100E3
:103700000A85418023018100A3010100EF80207719
:10371000F2406244D244056182804945D5BF974753
:10372000FE1F2382A7C882806F80D003797152CC9C
:103730002A8A328522D426D24AD04ECE56CA5AC8B8
:103740005EC606D662C4AE8BB28A368BBA843E8918
:10375000C2894684EF70006215C92A8C63140A027C
:1037600013774B008347450015CF93E727012302CA
:10377000FC008DEC631C0902639A090205E8ED9BCD
:103780002302FC00832B8C0363910B08B25022545C
:1037900092540259F249624AD24A424BB24B224CED
:1037A00045618280F59B93E70701D1B793E7470016
:1037B0002302FC0001CC1C484146A2852324FC02C4
:1037C00013058C0197D0FD1FE780607663930B0291
:1037D000D5D80325CC0209C597F0FD1FE780E0E2AC
:1037E000F145268597D0FD1FE780407A2326AC025D
:1037F00051BFE30909F80325CC0209C597F0FD1F65
:10380000E780A0E0F1454A85F1BF9DC483A70B0284
:1038100099EB916593853571714597F0FD1FE780B0
:10382000A0D123A0AB0203A50B0219C57146A68542
:1038300097D0FD1FE780A06F6388090283A74B0222
:1038400099EB916593852571594597F0FD1FE780A8
:10385000A0CE23A2AB0203A54B0219C55946CE85C3
:1038600097D0FD1FE780A06C1DC483A78B0299EB46
:10387000916593851571514597F0FD1FE780C0CB89
:1038800023A4AB0203A58B0219C55146A28597D08C
:10389000FD1FE780C0692254B2509254F249B24BE6
:1038A000224CCA865A860259424BD6855285D24A44
:1038B000624A45616FF0AFE9011126CA52C406CED3
:1038C00022CC4AC84EC62A8AAE84EF70A04A25C5CB
:1038D000AA893945EFD0BFA32A8431CD1749FE1FED
:1038E0000349C99C6314090003C909009307000D2B
:1038F0002310F400AD472301F400938569001305FC
:103900003400194697D0FD1FE780606293F71400DA
:10391000858085882306F400A306940023154401BE
:10392000A2856244F240D244B249224A4A854249C1
:1039300005616FD05FA9F2406244D2444249B24966
:10394000224A0561828001114EC652C456C206CE7B
:1039500022CC26CA4AC8AA8A2E8AB289EF70804130
:103960002DCD2A891305C002EFD07F9A2A8435C550
:103970009744FE1F83C4849399E08344090093070E
:10398000000D2310F400E9472301F40093056900BA
:1039900013053400194697D0FD1FE7804059D285A2
:1039A000231554011305C400414697D0FD1FE7803D
:1039B0000058CE851305C401414697D0FD1FE7800E
:1039C0000057A2856244F2404249B249224A924AD3
:1039D0002685D24405616FD01F9FF2406244D244D5
:1039E0004249B249224A924A05618280938701E3A3
:1039F000884301CD411106C697F0FD1FE780E0C066
:103A0000B24023A801E2410182808280011106CEEA
:103A100022CC26CA4AC82EC6EF70C03539CDB24571
:103A20001749FE1F03498988AA840CD5631409002D
:103A3000034905004145EFD09F8D2A841DCD930792
:103A4000000D2310F500A5472301F50083C754009E
:103A5000938564001105A30FF5FE194697D0FD1F4D
:103A6000E780E04C9C54A285F2405CC46244D2449E
:103A70004A85424905616FD01F95F2406244D244A5
:103A80004249056182801D71A2CC86CE2A842EC651
:103A9000EF70402E05CD8346C5001147AA874945E2
:103AA0006392E6029C5FB24599C383C56701230810
:103AB000B100979600009386864C100889452285B0
:103AC000EF705032F6406644256182805145DDBF7B
:103AD0009747FE1F83C7478DFD1793F7F70F0547DD
:103AE000637AF704894721CA411122C426C24AC019
:103AF00006C6B2842E89EF70E0272A84D14705C517
:103B0000630809008347450093E727002302F50077
:103B10004146A6851305840197D0FD1FE78020410B
:103B20009C481CD48147B2402244924402493E85BD
:103B300041018280C9473E858280797122D406D6B0
:103B40002A842EC6EF70002301CDB2452285230EB4
:103B5000B1006C08EF70D02EB250225445618280C3
:103B60005145DDBF6F70A037C1671387E7FF6394CE
:103B7000E5029387C1E39C4391EB49458280494527
:103B8000B2402244924402494101828003A30700CB
:103B9000E30503FE0283411122C426C24AC006C6C1
:103BA000FD172A892E84B2846395F5029387C1E3B9
:103BB0009C4391CB9C4381CB829711E5238821E5DF
:103BC000A38891E475BFA6854A85EFE07FD34DF9C0
:103BD000F5B72E85EF70001A5DD1834705000D45BE
:103BE000E39027FB22852244B2400249A6859244F5
:103BF00041016FB0003B9307F00363E2A706411158
:103C0000C16722C406C626C2FD172A8409456382FD
:103C1000F502C547AE846313F4022E85EFB0603F12
:103C20001735FE1F1305856506042A94231094009A
:103C30000145B24022449244410182809307A0038F
:103C40006316F4002E85EFB04036D9BF9307B0035A
:103C5000E318F4FC13F5F50FEFB06035D1B7094563
:103C60008280011106CE2AC6EFE0BFCBEF2080088C
:103C7000EF10205BEF90716932459737FE1F9387F5
:103C8000E75D130700F02391E700238207007D57CB
:103C90009737FE1F938707712381E7002380A700D2
:103CA000F240954505616F5030241D7193970501D1
:103CB000CAC886CEA2CCA6CACEC6D2C4D6C2DAC0E4
:103CC0005EDE62DC66DA6AD86ED6C1872E8963DE74
:103CD00007581735FE1F0345E56CEFD0AFE7896441
:103CE000416A856A797B2A84938BD4007D1AA50A60
:103CF000130CABFF1DE021653345A900F640664477
:103D0000D6444649B649264A964A064BF25B625C5F
:103D1000D25C425DB25D2561828083470400130757
:103D2000200A639DE700035524009739FE1F83C9CD
:103D300019532286D285EFF06F9259A2130710090A
:103D40009739FE1F83C929666398E71883471400D3
:103D500015476390E7022285EFF0CF942285EFD0DC
:103D60004FD81735FE1F0345E563EFD0AFDE2A8439
:103D700051B73947639BE71803554400631B55054A
:103D80000C4483CC0500639D0C00850591C9194640
:103D90001735FE1F1305054E97D0FD1FE78020192C
:103DA0001737FE1F0347874B85476317F712638A50
:103DB0000C009737FE1F2383074A6685EFF04FC23A
:103DC00071BF89471737FE1F230AF748EFB0A01FBE
:103DD00071B793872400631AF506832C8400638DE2
:103DE0000C0E83C70C008DE383C72C0003C71C0097
:103DF000A207D98F1737FE1F2316F74683C73C004B
:103E00001737FE1FA30CF7441737FE1F034707455C
:103E100089476313F70C83C70C0081CB9737FE1FCC
:103E2000238E074203C50C0051BF8D479735FE1FF7
:103E300083C5D5421735FE1F0355C5421737FE1FF0
:103E4000230EF740EF50500DF1BF938754006318D5
:103E5000F5001C4403C50700EFF04FE101B7B307BD
:103E60008501C207C18311476372F7049307ABFC56
:103E7000AA97139707014183F14763F1E7029387FC
:103E8000B4006312F504938781E39C43E38807EC55
:103E90009C43A285E38407EC82971DA0B707001816
:103EA0009387F770B3D7E700858BB9CB938701E48D
:103EB0009C43E38507EA9C43E38207EA22858297D5
:103EC000E31E05E811A89387C4006310F5021C44A3
:103ED00083C70700E38407E89307F00FE380F9E85E
:103EE000A2854E85EFD02FCEADBD9387E400631938
:103EF000F5009387C1E39C43E38207E6DC4351BFAF
:103F000093871404E301F5F8C1BF3D476397E704C5
:103F100003554400E30F75FD93879401E30BF5FC13
:103F200093873401E31AF5FA9737FE1F83D7673377
:103F3000639E47019387C1E39C43E38107E2DC432F
:103F4000E38E07E0A28513853401B9B7938741E476
:103F50009C43E38507E09C43E5B71307E003E39D3B
:103F6000E7F68347240005476397E70E834764001D
:103F7000938D01E3F1E383A70D00D5CB83CC07003C
:103F8000A14903457400130D8400EA85EFE03FDE8C
:103F900083474401A303A400835804010358E400A9
:103FA000035744002A86034534003EC28357240148
:103FB000EA86E6853EC0CE87EFF0AFBB834734008C
:103FC00095E7DD47835804010358E40083467400F5
:103FD000835544003EC2835724016A8705463EC08C
:103FE0006685CE87EF70E011A301A40083A70D00C2
:103FF00081C71145EFF09F9F03C501E5E30005D69A
:1040000083C511E5EFE0DF8FE30A05D48346340072
:1040100093071003638AF600035644004E8783C556
:1040200001E53685EFE0FFA5238801E405BB973C59
:10403000FE1F83CCDC22A9B7938701E49C43973C05
:10404000FE1F83CCDC2191498DDFDC439DDB814564
:10405000014582973DB72947639EE70A834764007D
:10406000138D01E3C9EB83270D00C9C383CC07007F
:10407000A14903457400930D8400937725001376BE
:10408000150089E7EE85EFE09FCE2A86834704027C
:10409000A303C4008358C4010358A4010357440078
:1040A000034534003EC28357E401EE86E6853EC0F8
:1040B000CE87EFF00FAC8347340095E7DD47835898
:1040C000C4010358A40183467400835544003EC2D2
:1040D0008357E4016E8705463EC06685CE87EF7044
:1040E0004002A301A40083270D0019B7973CFE1FCF
:1040F00083CCFC16B5BF938701E49C43973CFE1F1D
:1041000083CCFC159149B5D7DC43A5D78145014542
:10411000829785B70947639DE700938781E39C43B6
:10412000E38E07C2DC43E38B07C2228582973DB151
:104130002D476399E700938781E39C43E38007C29F
:104140009C47D5B70D476397E70022868D450355F9
:104150004400D5B619476395E70693056101130539
:104160001031EF9031222C0813052031EF9091216E
:1041700003566400835781010355440063E8C70078
:10418000835684000357610163F7E600930500023C
:10419000EFA03067E1B66374E6002313E40063F434
:1041A000D7002314F4000357C4008356A400035619
:1041B00084008355640001488147EFA0506479BEB4
:1041C0001D47E38BE7D031476395E7002286B14571
:1041D000BDBF35476399E700938781E39C43E38F35
:1041E00007B6DC4789B739476396E7002285EF00B9
:1041F000D003ADB63D476399E700938781E39C43C5
:10420000E38E07B49C4B05B741476396E7002285D0
:10421000EF00900CA1B645476396E7000145EF001B
:10422000701B2DBE4947639EE700938701E49C43C2
:10423000E38407CADC43E38107CA814505458297C9
:1042400061B94D47639DE700938701E49C43E38593
:1042500007C8DC43E38207C8A2850945CDB761479B
:10426000E39CE7C62286E145DDB593F7150081CFD3
:10427000938781E39C4389C7DC4399C301458297B7
:1042800013451900A5BC93F7250089CF938701E456
:104290009C4391C7DC4381C78145054582971345FF
:1042A0002900A9BC93F745000145E38907A493873A
:1042B00041E39C4399CF85471737FE1F2302F7FA46
:1042C000938701E49C4391C7DC4381C78145054541
:1042D00082979737FE1F938767F8C8472C08EF70BF
:1042E00070262808EFF0AF949737FE1F83D727FB7F
:1042F00081CF130600643386C70291451735FE1F30
:104300000345450AEFD04FE013454900C5BA0111F6
:1043100022CC2A84554506CE26CAEFF00FB9AA84CE
:1043200013054002EFF06FB82AC613055002EFF0F4
:10433000CFB7AA86228562443246F240B335900058
:10434000D24405616FA0D051797122D406D68D4731
:104350002E84631FF50003D7A50083D6850003D6FE
:1043600065000345340083D54500EFE0FFEF09A861
:1043700089671387D7006310E50403C5250019E595
:104380008547B25022543E8545618280938701E380
:104390009443FDD603C6360083C50600814802C299
:1043A00002C00148814701479106EFE09FFC0545A7
:1043B000EFF0CFE3F1B71387E700E303E5FC1387E2
:1043C0003701631AE50003C525005DD90147814621
:1043D0000146814559BFE507E304F5FAB147631982
:1043E000F5001735FE1F034595E7EFE01FF349BFC2
:1043F00041677D178147E316E5F803C75500C947B4
:10440000E310F7F883D6E50003D6C5000355840012
:1044100083D5A500EFA0D04541C95D45EFF0EFA8D9
:104420003335A000231CA10083454400035524001C
:104430003008EF60B00483578101B9F36C081305AD
:104440001031EF9021749305E10113052031EF90B5
:1044500061738357C101035784006374F700231409
:10446000F4008357E1010357A40063F4E700231528
:10447000F400835784000357A4006374F7002315E6
:10448000F40003552400EFE0A01F0357E400835617
:10449000C4000356A400835584000355240001483A
:1044A0008147EFA0D033E9BD8547231CF100ADBFA4
:1044B0001737FE1F034777EF9307F00F6309F708DD
:1044C00059C5411122C426C206C6AA840345A500C7
:1044D0004105EFC0DFE32A8435C59307000D2310A3
:1044E000F500D9472301F50083D744002312F500D6
:1044F00083C764002303F50083C77400A303F5009A
:1045000083C784002304F50083C79400A304F50047
:1045100003C6A4002305C5001DC2CC44410548C400
:1045200097D0FD1FE780A0A0A2852244B24092440C
:104530001735FE1F034575E741016FC0DFE82326ED
:104540000500DDB7B240224492444101828082805E
:10455000C1671387E7FF639DE500938701E39C43F1
:1045600095C383C707000D47639CA7006FA0702603
:10457000FD1749476396F500938701E39C43FDF7D8
:104580003A8582804947EDBF797122D406D626D27A
:104590004AD04ECE52CC56CA5AC80347050085476A
:1045A0002A84630AF7040346850093069500930561
:1045B000E1000545EFE00FDE814719C183470500A3
:1045C0008346040011476380E604138741E51843DE
:1045D0008D46034717006308D70295C70DC719ED2D
:1045E0000145B250225492540259F249624AD24AC9
:1045F000424B4561828081470145D9B785466318A2
:10460000D7028D8BF1DF03451400130A2400D285F5
:10461000EFE0EFF5A300A400138981E583270900EB
:10462000AA8A81499304F00F99EB05455DBF89463D
:10463000E318D7FA858BF9B7850993F9F90F83C782
:1046400021E563FDF90203250900139B49005A95F2
:1046500083470500E38297FE83471500E39E57FDDD
:104660001946D285090597D0FD1FE780409569D589
:104670008324090003470400DA9485EC8346040090
:104680009147E38FF6F483270900B9DB03C621E5E0
:1046900001479305F00FE305E6F4BE84C10703C5A7
:1046A00007FF630EB50A05071377F70FEDB788C448
:1046B000F5A09147631AF706C84405C583478400EF
:1046C000034605006304F606034704009147631D93
:1046D000F706C84419C597E0FD1FE78000F323A63D
:1046E00004000345840091659385E571050597E015
:1046F000FD1FE78060E405C5034704009147631E82
:10470000F704C8C483478400930594000505A30FEC
:10471000F5FE0346840097D0FD1FE78040810345E6
:1047200084003335A00075BD884441BF93059400D3
:10473000050597D0FD1FE78080888547E316F5F8CB
:104740005545EFE09FF6BDA8884441DD97E0FD1F89
:10475000E780A0EB23A4040069B788C465B7238071
:10476000D40083471400D28513852400A380F4006D
:10477000194697C0FD1FE780807B03458400916543
:104780009385F571050597E0FD1FE780E0DA05C523
:10479000034704009147E31CF7F0C8C48347840033
:1047A000930594000505A30FF5FE0346840097C00A
:1047B000FD1FE780C07783478400E39807E6034541
:1047C00004007D151335150029BD797122D426D238
:1047D0004ECE52CC06D64AD056CA5AC82A8493091D
:1047E000250003451500CE85938441E5EFE02FD8E1
:1047F000A300A4009C400D472A8A83C71700639B2F
:10480000E700138981E583270900814A639107182E
:10481000054535A0FDD7144C034674019305E1000E
:104820000545EFE02FB71DC9984085468347050031
:1048300003471700631FD7008D8BE1F70145B25086
:10484000225492540259F249624AD24A424B45617B
:1048500082808946858BE316D7FAC5B78347040063
:1048600011476385E7002D47E39AE7FC938481E5D0
:104870009C40E9D7814A01491DA88840139B4A0002
:10488000834704005A95034705006311F7028347E5
:104890001500639D47011946CE85090597C0FD1F88
:1048A000E780E07101C503A904005A99850A93972E
:1048B0000A0103C721E5C183E3E1E7FCE31309F43F
:1048C000B5BF93944A00269503470500834704002B
:1048D000631EF70A83471500639A470B1946CE8576
:1048E000090597C0FD1FE780806D4DC18327090032
:1048F0001147BE94834704006385E7002D47639DFD
:10490000E70203AAC4008347740103460A00630850
:10491000F602528597E0FD1FE78020CF0345740122
:1049200091659385E571050597E0FD1FE780C0C09F
:1049300015E5E39F04ECADA003AA8400E9B70C4C95
:1049400013051A0097C0FD1FE78060678547E312D3
:10495000F5FC5545EFE07FD569DDCDB58347040013
:1049600011476385E7002D476390E702C8C483477A
:1049700074010505A30FF5FE034674010C4C97C0A6
:10498000FD1FE780C05A75B788C4D5B7850A9397CD
:104990000A0103C721E5C18303250900E3E3E7F228
:1049A00083C621E50327090081471306F00F11A8EC
:1049B000BA844107834507FF638AC5008507C2079C
:1049C000C183E3E7D7FEA9B588C499A08347040053
:1049D000CE85138524002380F400834714001946F4
:1049E000A380F40097C0FD1FE78060540345740165
:1049F00091659385F571050597E0FD1FE780C0B3CC
:104A0000E30805E0034704009147E31FF7FAC8C431
:104A1000834774010505A30FF5FE034674010C4C92
:104A200097C0FD1FE780A050E5B31737FE1F03476F
:104A3000D7979307F00F6300F70A51CD411126C2B3
:104A4000AA84514522C406C64AC0EFC05F8C2A849E
:104A50002DCD9307000D2310F500D5472301F50058
:104A600083C7340013898400CA85A301F50083D766
:104A700044002312F50083C764002303F50003C537
:104A80007400EFE0CFAEA303A400CA851305840031
:104A9000194697C0FD1FE780804983C7E400A285BF
:104AA0001735FE1F034575902307F40083D70401D3
:104AB0002318F40083C724012309F4002244B240E0
:104AC0009244024941016FC01F90B2402244924477
:104AD00002494101828082801737FE1F0347F78C0D
:104AE0009307F00F6304F70431C1411122C42A84F3
:104AF000194506C6EFC0BF81AA850DC59307000DF5
:104B00002310F500DD472301F500835744002244BC
:104B1000B2402312F5001735FE1F034515894101E8
:104B20006FC07F8AB240224441018280828001119D
:104B300022CC138481E51C4006CE26CA4AC84EC644
:104B400052C499CF2E8AAA8401490840631299025F
:104B5000630C0A0497E0FD1FE78020AB23AC01E45F
:104B6000F2406244D2444249B249224A05618280FD
:104B700093194900B3073501884709C997E0FD1F1C
:104B8000E780A0A81C40CE9723A407001C40CE9726
:104B9000C84709C997E0FD1FE78020A71C40BE99C0
:104BA00023A60900050955B745DD13964400814544
:104BB00097C0FD1FE780203B144081477D5613F7C7
:104BC000F70FE37F97F81397470036972300C70046
:104BD0008507F5B7011152C4138A41E583270A00FE
:104BE00006CE22CC26CA4AC84EC656C25AC0D1CF1B
:104BF0002A89014419ED938781E5944399CA03C634
:104C000021E52A8481479305F00F13F7F70F6368B6
:104C1000C708131534002105EFC06FEFAA8401E91E
:104C20002145EFC0CFEEAA8421C501444D49930729
:104C300000FD2380F4008547A38024012381F40034
:104C4000A381840045C81389840023A224018149DB
:104C5000938A81E5130BF00F83C721E563F3F90015
:104C600039E883270A00A68503C50700EFC0AFF522
:104C7000814503C521E5EFF09FEB03250A0097E08E
:104C8000FD1FE780809823AA01E4F2406244D244E9
:104C90004249B249224A924A024B056182801397E7
:104CA00047003697034707006305B70005041374F0
:104CB000F40F850799BF83A70A0093954900BE9515
:104CC00083C70500638467032300F90083C71500C9
:104CD000130529007D14A300F900194689051374F2
:104CE000F40F97C0FD1FE78080242109850993F9FF
:104CF000F90F9DB723A20400ADB7938741E59C430C
:104D0000B9C7411122C406C62A841DE10945EFE056
:104D1000DF992A8601C985451725FE1F0345856849
:104D2000EFC09FBE0545EFF08FDE2A84054501CC1C
:104D300085451725FE1F0345E566EFC01FDE22856A
:104D4000EFF05FE90545B240224441018280014510
:104D5000828089679386B7006317D5009C4503C599
:104D600007006FF09FF99386C7006318D5009C4534
:104D7000854603C5070019C9EDB793861704E30FED
:104D8000D5FC938727048146E303F5FE36858280B0
:104D9000797106D622D426D24AD04ECE52CC56CAEB
:104DA0005AC85EC679C983473500AA8985C740417C
:104DB00015C05945EFE07F8F931A850193DA8A4138
:104DC0000149138A41E5130B000DB54B83C7390028
:104DD000636DF900B250225492540259F249624A6A
:104DE000D24A424BB24B456182808307840263CD35
:104DF000570783270A00ADCB2285EFF0EFF82DC5CA
:104E0000034584005105EFC08FD0AA8431CD231013
:104E100065012301750183470400194693052400A9
:104E2000A301F5008307840215052303F5008347DA
:104E30001400A30FF5FE97C0FD1FE780400F034647
:104E400084002386C4001DC61385440188C89305C9
:104E5000940097C0FD1FE780800D83270A00A68578
:104E600003C50700EFC02FD6050913049402137978
:104E7000F90FA9BF23A80400CDB7938741E59C4350
:104E8000B1DBEFF03FD52254B25092540259F249AF
:104E9000624AD24A424BB24B014545616FF02FC77F
:104EA000797106D622D426D24AD04ECE52CC56CADA
:104EB0005AC85EC671C183473500AA8985C7444177
:104EC00095C05945EFE06FFE931A850193DA8A4148
:104ED0000149138A41E5130B00FDC14B83C739001B
:104EE000636DF900B250225492540259F249624A59
:104EF000D24A424BB24B456182808387F40063C83B
:104F0000570783270A00A5C75145EFC04FC02A8421
:104F100039CD23006501A30005002301750183C776
:104F20000400194693852400A301F5008387F4004B
:104F30001505A306F50083C71400A30FF5FE97C05F
:104F4000FD1FE780C0FE83C784009385940013058E
:104F5000C400A305F400194697C0FD1FE78020FD9B
:104F600083270A00A28503C50700EFC0CFC5050946
:104F7000C1041379F90F9DB7938741E59C43BDD3D5
:104F8000EFF05FC52254B25092540259F249624A7E
:104F9000D24A424BB24B014545616FF04FB75D714C
:104FA00086C6A2C4A6C2CAC04EDE52DC56DA5AD8A1
:104FB0005ED662D466D26AD06ECE630F0520834778
:104FC00035002A8985CB404115C45945EFE0EFED06
:104FD00093178501E1873EC68144938941E5130A11
:104FE000000DC94B354C9D4C294D994D83473900D7
:104FF00063E1F402B640264496440649F259625AE7
:10500000D25A425BB25B225C925C025DF24D6161FE
:1050100082808307C400324763CCE71083A709006E
:1050200063880710034B040093770B01D5CBCD4762
:10503000631BFB06230004002285EFF00FF96DC906
:10504000834704001147034574016368F70E510557
:10505000EFC0EFABAA8A69CD23104501230185017A
:1050600003470400194693052400A301E500030744
:10507000C40015052303E50003471400A30FE5FE54
:1050800097C0FD1FE780A0EA034674012386CA008B
:1050900059C613854A0123A8AA000C4C97C0FD1FCE
:1050A000E780E0E8BDA8D5476318FB0085472300EB
:1050B000F400A30B040049B7F547E309FBFEC94719
:1050C0006316FB0089472300F400BDB7C147631492
:1050D000FB008D47CDBFED47E310FBF69147E5B7E9
:1050E00093778B0099C3AD47F9BF93761B009377F5
:1050F0004B0091C699C395475DBFA147E9B7937629
:105100002B0099C699C3A5475DB72300B4012DB7FD
:1051100081C72300A4010DB72300940131BF23A848
:105120000A0003A70900D68503450700EFC0AFA911
:105130008504710493F4F40F55BD13050502EFC007
:105140000F9DAA8A75D52310450123017501834659
:10515000040013770B061946558FA301E50003479A
:105160001400930524001505A30FE5FE97C0FD1F4D
:10517000E780E0DB03478400194693051401A3850B
:10518000EA000347940013853A012386EA000347A7
:10519000A400A386EA000347B4002387EA000307BC
:1051A000C400A387EA000357E4002398EA000347FA
:1051B00004012389EA0097C0FD1FE78040D703461A
:1051C0007401A38CCA0011C613850A0223AEAA007B
:1051D000E9B523AE0A00B1B7938741E59C43E38B61
:1051E00007E0EFF03F9F2644B64096440649F25947
:1051F000625AD25A425BB25B225C925C025DF24D13
:10520000014561616FF0AF909727FE1F83C7C719F3
:10521000A18B1725FE1F1305E50F91E301456FD004
:105220003F8C238901E4FD571727FE1FA30FF716B4
:1052300023AC01E423AA01E49727FE1F9387470CC0
:1052400017070000130727B198C3170700001307BB
:1052500067B4D8C3170700001307C7C498C7170758
:105260000000130707D4D8C717F7FFFF13078724D9
:1052700098CB9727FE1F9387E70917F7FFFF1307C0
:10528000672D98C317F7FFFF1307470CD8C3828019
:10529000411122C485452A8403C521E506C6EFF0E5
:1052A0001F899727FE1F83C72710A98BB5CB17250A
:1052B000FE1F1305E504238981E4EFD01F821384C8
:1052C00081E51C4091C74D45B24022444101828096
:1052D00003C521E519E10145C5BF91659385B57108
:1052E000120597D0FD1FE780202523ACA1E461DDE6
:1052F00003C621E51206814597C0FD1FE780A0C6C1
:10530000104083C621E58147FD5513F7F70FE3747D
:10531000D7FC1397470032972300B7008507F5B7EE
:105320000145238901E4EFD04FFB75B7938741E333
:10533000884301CD411106C697D0FD1FE780E02CC0
:10534000B24023AA01E2410182808280011113054B
:10535000700306CEEFE06FB52AC613058003EFE0B9
:10536000CFB42AC413059003EFE02FB42246B24510
:10537000F240AA86054505616F90D04D5D71130519
:10538000D00386C6A2C4A6C2CAC0EFE00FB22A8468
:105390001305C003EFE06FB1AA841305E003EFE04B
:1053A000CFB02A891305F003EFE02FB08A87137777
:1053B000F50F9376F90F13F6F40F9375F40F054577
:1053C000EF90504AB6402644964406496161828077
:1053D0005971A2D4138441E31C4086D6A6D2CAD008
:1053E000CECED2CCD6CADAC80545F9C79305F104AA
:1053F0001305F041EF60516E9305F1041305F04180
:10540000EF60916D8346F1041727FE1F034727E5E0
:10541000B337E00091C2890718403EDE03453700EC
:1054200093054700EFD03F9018402ADC0D45834597
:1054300027002EDAEFE06FA72AD81145EFE0EFA69C
:1054400000402AD665450347A400034BB4003AD474
:10545000EFE0AFA5AA846945EFE02FA52A89714541
:10546000EFE0AFA4AA896D45EFE02FA42A8A754525
:10547000EFE0AFA3AA8A7945EFE02FA3E2046258D8
:10548000F2572257B2564256D2551375F50F93FA7A
:10549000FA0F137AFA0F93F9F90F1379F90FE184E0
:1054A0002ACC56CA52C84EC64AC426C25AC093080D
:1054B00044000545EF907036B65026549654065970
:1054C000F649664AD64A464B65618280011122CC74
:1054D00006CE8D472E846316F50603C73500E947CF
:1054E00003D545006318F7009727FE1F83D767D7BA
:1054F0006385A706EF50100809C58357640023177A
:10550000F5000357A40083568400035664008355B6
:10551000440003453400EFD03FD50357440097279C
:10552000FE1F83D707D46308F7008547F240624423
:105530003E8505618280FD571727FE1F2313F7D292
:10554000EDB78967CD07631DF50083C72500314797
:105550006385E7004547E39AE7FCEFD0EFDEF1B75C
:10556000B1476319F5001725FE1F0345F5E3EFD09A
:10557000DFDA65BF41677D178147E319E5FA83C626
:1055800055004947E394E6FA83C5450003552400D6
:10559000300023140100EF50406941BF411122C483
:1055A00026C206C683C7C1E51307E00F2A84AE846E
:1055B0006382E7041307F00F6386E7021145EFB03B
:1055C0001FD50DC1930700FD2300F5008947A300F7
:1055D00095002301F500A3018500AA8503C5C1E557
:1055E000EFB07FDEF957238EF1E4B24022449244BB
:1055F000410182801145EFB09FD165D9930700FD2D
:105600002300F5008947A30095002301F500A301BD
:1056100085002244B2409244AA8503C5D1E54101E8
:105620006FB07FDA79714AD0138941E3832709008B
:1056300022D406D626D24ECE52CC4544C5EF97276B
:10564000FE1F83C767D6958B4944CDC7AE89916548
:10565000A38EA1E4AA8493857571314597D0FD1F6F
:10566000E78080ED23AAA1E24D4449C523009500BF
:10567000A30005002946CE85090597C0FD1FE780D8
:10568000008B83270900914603C7270063EEE608D5
:105690003DEB4D472381E70003C727001367070150
:1056A0002381E700930571001305F041EF60D142BB
:1056B00083477100F9EB1727FE1F034747BA8D4751
:1056C0006315F70CEFD0AFF42C00EF60A067280053
:1056D000EFD0FFD54545EFD05FFD014401CD130666
:1056E00000643306C50291451725FE1F034585CB8F
:1056F000EFC08FA12285B250225492540259F24930
:10570000624A4561828085466314D700754759B760
:1057100089466314D7004947B5BF8D466314D70047
:1057200041478DBF5547BDB795464A8A630ED7009E
:1057300099466316D70009472381E70031A01D462B
:105740006314C702238107006545EFD01FF6930756
:10575000F007E309F5F403270A008347270093E7DE
:1057600007042301F7003DBF21466314C700054726
:10577000E1B725466315C7002381D700F1B7A946D5
:105780000544E319D7F6114745BFEFF07FC42A84DB
:1057900035D1EFF0BFB9B9BF011126CA938441E3F7
:1057A0009C4022CC06CE4944A9C783C707000D44BC
:1057B0006391A70489451725FE1F0345A5BEEFC0C9
:1057C000CFB591451725FE1F0345C5BD239001E6C2
:1057D000EFC0AFB49C4001478146A3808700130609
:1057E000F100854785450145A307F100EF9050067C
:1057F0002A842285F2406244D244056182800111EC
:1058000006CE22CC26CA8547631AF50683D701E661
:10581000B1CB1727FE1F0347A7A429E71307B0033F
:10582000636DF70289451725FE1F0345A5B7EFC035
:10583000CFAE9307006403D601E63306F60289452E
:105840001725FE1F034505B6EFC00F8C239001E618
:10585000F2406244D24405618280938747FC2390E2
:10586000F1E6FDB7938741E39C43FDD36244F240E8
:10587000D24403C5070005616FF01FF2938441E332
:105880009C40F9D79727FE1F83C707B2918BE9D3B6
:1058900089476313F5062D452EC6EFB05FA72A840E
:1058A00045D9B245930700FD2300F500E547A30065
:1058B00005002301F50083C7350015051946230FA0
:1058C000F5FE83C745009505A30FF5FE97B0FD1FB4
:1058D000E780E0651725FE1F034515AD9307F00F20
:1058E0006315F5009C4003C50700A2856244F240A1
:1058F000D24405616FB03FAD89451725FE1F0345B2
:1059000065AAEFC08FA16244F240D244239001E621
:1059100005616FF0BFA19727FE1F83C7E7A8958B8E
:1059200091CB9387C1E69C4381CB85472381F1E6E8
:105930006FF0DFA14945828041458280238101E6E5
:10594000854501456F9080719727FE1F83C7C7A5C6
:10595000958B91C78547238FF1E46FF03FA24945AE
:105960008280238F01E4814505456F90E06F9307A6
:10597000C01C63FCA700094582800945F2406244CF
:10598000D2444249B249056182805DC5011122CCF1
:105990002A8421054EC64205AE89916593856571BD
:1059A00041814AC806CE26CA97D0FD1FE780C0B8FD
:1059B0002A8961D5938481E6884009C597D0FD1F67
:1059C000E780A0C4130589002320A9002286814511
:1059D00023A421E797B0FD1FE780E0589C40228672
:1059E000CE85884397B0FD1FE78060549C4023928A
:1059F0008700938741E39C4385CF9727FE1F83C78A
:105A0000A79A958B85CB938781E69C4399CF984342
:105A100083D647006244F240D2444249B249054627
:105A20008D45054505616F90206201478146DDB7D0
:105A30000145A9B7494599B7938741E39C438DC771
:105A40009727FE1F83C74796958B8DC3938781E663
:105A50009C4381CB984383D6470005468D45054539
:105A6000D9B701478146D5BF01458280494582802B
:105A70009307C01C63FCA700094582800945F240DA
:105A80006244D2444249B249056182805DC5011138
:105A900022CC2A8421054EC64205AE8991659385A4
:105AA000557141814AC806CE26CA97D0FD1FE780AE
:105AB000A0A82A8961D5938401E7884009C597D0B9
:105AC000FD1FE78080B4130589002320A9002286EA
:105AD000814523A821E797B0FD1FE780C0489C407F
:105AE0002286CE85884397B0FD1FE78040449C40C6
:105AF00023928700938741E39C4385CF9727FE1F1E
:105B000083C7878A958B85CB938701E79C4399CF81
:105B1000984383D647006244F240D2444249B24996
:105B200005468D45054505616F9040520147814608
:105B3000DDB70145A9B7494599B7938741E39C4330
:105B40008DC79727FE1F83C72786958B8DC39387A5
:105B500001E79C4381CB984383D6470005468D459A
:105B60000545D9B701478146D5BF014582804945E2
:105B700082809307C01C63F4A70009458280797175
:105B800022D44ECE06D626D24AD0AE892A8431CD32
:105B900021059165420593857571418197D0FD1F5F
:105BA000E78080992A890945630109089384C1E641
:105BB000884009C597D0FD1FE78020A513058900FF
:105BC0002320A9002286814523A621E797B0FD1F47
:105BD000E78060399C402286CE85884397B0FD1FC0
:105BE000E780E0349C4023928700938741E39C4305
:105BF000014585CF9717FE1F83C7077B958B4945C6
:105C00008DC76C001305D030EF70D177B2470145D6
:105C100093F7070F99CB9387C1E69C438D450545C4
:105C2000944303D64700EF902043B250225492543D
:105C30000259F24945618280938781E69C4391CF66
:105C400003D647008C43411106C697B0FD1FE7807D
:105C5000002EB24001454101828009458280938730
:105C600081E69C4385C7938701E79843894705C32D
:105C7000035647000C43411106C697B0FD1FE7804D
:105C8000002BB24081473E854101828089473E8595
:105C90008280938781E69C4385C79387C1E69843BA
:105CA000894705C3035647000C43411106C697B008
:105CB000FD1FE780C027B24081473E8541018280B9
:105CC00089473E8582809717FE1F83C7E76D918BBA
:105CD00099CF4111138541E606C6EFC03FE1B240BE
:105CE000FD571717FE1F231EF756410182800145FD
:105CF0006FC0DFDFFD57A38EF1E4F957238EF1E487
:105D0000238101E6238F01E4239001E623A401E629
:105D100023A801E623A601E69717FE1F9387874174
:105D2000170700001307472198C317070000130740
:105D300047ADD8C317F7FFFF1307C76998C717F711
:105D4000FFFF1307E760D8C717F7FFFF1307476385
:105D500098CB97F7FFFF9387A77723A2F1E682807E
:105D6000411126C2938441E39C4006C622C485CFDC
:105D70002A840D45EFB0AFD9AA8519CD930700FD50
:105D80002300F5008D47A30085002301F5009C400A
:105D900003C50700EFB02FE319C42244B240924478
:105DA00041016FF0AFD8B240224492444101828059
:105DB00079714ECE938941E383A7090026D206D696
:105DC00022D44AD052CC8144A1C783C4170085474E
:105DD0002A896388F4049717FE1F83C767488544A0
:105DE00085EB0D45EFB0AFD2AA8505C1930700FD45
:105DF0002300F5009147A30025012301F50083A7A7
:105E0000090003C50700EFB00FDCEFF02FD2854487
:105E1000B2502254268502599254F249624A456191
:105E20008280938781E69C434E8A85E30145EFD0CB
:105E3000DF872A8601CA89451715FE1F0345855647
:105E4000EFB09FAC83270A00B1A0944303D647006C
:105E50009305E1000545EFC0FFD369D983470500ED
:105E6000858BE9D70545EFD05F849307B0032A847B
:105E700063F3A7045D661306067089451715FE1FB8
:105E800003454552130444FCEFB0BFC3239081E6A1
:105E900083A709000947A380E7009717FE1F83C760
:105EA000273C91C79717FE1F238C073A95B74A8561
:105EB000EFF01FEBB1BF130600643306C5029DBFB0
:105EC000411122C42A840D4506C6EFB04FC415C146
:105ED000930700FD2300F500CD47A30085002301B3
:105EE000F5002244B240AA8503C5D1E541016FB057
:105EF0008FCDB240224441018280411122C42A84C4
:105F00000D4506C6EFB0AFC015C1930700FD2300D5
:105F1000F500ED47A30085002301F5002244B240BF
:105F2000AA8503C5D1E541016FB0EFC9B240224453
:105F300041018280035745000111896606CE22CCBB
:105F400026CA13866600AA876317C7009C470145C7
:105F500083C5070009A813868600631AC7009C47FB
:105F6000054583C50700EFF06FE3054535A81386A7
:105F700096006312C702138741E3184301450DC71A
:105F80009C4703C5070051E58547A300F700054579
:105F9000EF90E003D9BF1386A600631CC7009C479F
:105FA00003C50700EFF0DFE0F2406244D244056130
:105FB000828013866603E30BC7F813867603E3003B
:105FC000C7FA138686036319C704938441E3984094
:105FD000014579DB9C4703C5070005ED05447D4578
:105FE00023058100EFD06FEC2316A10013050002FA
:105FF000EFD0AFEB9C40A305A1001307B100A38035
:10600000870074001306A10085450545EF90400404
:10601000A9BFEFF0FFD491BF13869603E301C7F841
:106020001386E6036317C7001C45094583C50700AF
:106030001DBF9386F603631DD7021C4503C50700E9
:106040003DE96C001305D030EF70D133B2474147C2
:1060500093F7070FE38BE7F09305B1001305603169
:10606000EF7051320345B1008545EF80307FF5BDBB
:106070008966138606046313C7041C4503C407001E
:1060800083C721E6228585EB0D45EFB04FA8AA8591
:10609000E30D05EC930700FD2300F500D147230134
:1060A000F500A3008500938741E39C4303C50700E7
:1060B000EFB06FB15DBDEFF0BFE045BD13861605D3
:1060C000631BC7001C4503C5070021E58545054541
:1060D000EF80907959BD938626050145E316D7ECEC
:1060E0009C4703C4070083C7E1E522859DE30D4576
:1060F000EFB0EFA1AA85E30A05E6930700FD2300B0
:10610000F500F147A30085002301F50003C5D1E5A3
:1061100045B7EFF09FDE91BD41119717FE1F83C772
:10612000A72806C6958B99CB1715FE1F130585006A
:10613000EFC07F9B4D45B240410182800145EFC0D9
:106140009F9A0145CDBF03C705009376250093773D
:10615000D70F99C2936727001318850113588841F8
:1061600013F7F7076354080013E7070893768500D1
:106170009377770F99C2936787001377050293F699
:10618000F70D19C393E607022380D5006345080085
:106190009377A50281CB8347060093E7C7002300CE
:1061A000F60082807DFD83470600CD9BCDBF2D4547
:1061B0006319071403C8050009476310E814C841B0
:1061C00003471500034505002207498F42070D6567
:1061D0004187930825A0630B170B011122CC26CA17
:1061E0004AC84EC606CEBE89B68432842E8963CE96
:1061F000E800930705A0630DF702130515A06300DF
:10620000A706239004000545B5A0930745A06309A0
:10621000F7086348F706130565AAE314A7FE854748
:106220002390F600DC4583C707002300F60091A009
:10623000C84597B0FD1FE78020D4420541814E86B6
:10624000637335012A862390C40042064182832568
:10625000C900228597B0FD1FE78060CD19A8DC45F5
:1062600083D70700239006012300F600A183A30033
:10627000F6000145F2406244D2444249B249056108
:10628000828099472390F6001946D1B7854723901D
:10629000F600DC45014583C707002300F600828035
:1062A000DC45A9CB21472390E60003D70700230054
:1062B000E60003D707002183A300E60003D72700E9
:1062C0002301E60003D727002183A301E60003D7BB
:1062D00047002302E60003D747002183A302E6001C
:1062E00003D767002303E60083D76700A183A303D6
:1062F000F60041B723900600ADBF23900600054588
:106300008280828083C8050089476398F814DC4145
:10631000797122D406D626D24AD04ECE52CC03C8AA
:10632000170083C707002E8422083368F80042084C
:106330008D6713580841138327A0630168102A8AC8
:106340003A89B684B285634C0301138707A0630AB8
:10635000E802938717A06308F808854711A81387F8
:1063600037A06309E80A138767AA8D47E317E8FE99
:10637000B250225492540259F249624A3E85456114
:106380008280484432C697B0FD1FE780E0BE4205D8
:1063900041819D47E36E25FDB3099900D547B2457C
:1063A00063D43701B547E9B748442686C2094A9500
:1063B00097B0FD1FE780A0B7484493D9090159461B
:1063C0003306364181454E9597B0FD1FE780A0B951
:1063D000938781E79C4399E3814759BF9C4381455B
:1063E000E5DF528535A0AD47E31409F8E39C16FBC1
:1063F00083471600834606005844A207D58F231012
:10640000F700938781E79C43E1DB9C438545E9D70F
:106410008297D9B7AD47E31D09F49947E394F6F89D
:106420004844194697B0FD1FE78060B0938781E725
:106430009C43DDD39C43CDD38D4565B7AD470DFB64
:106440008547E391F6F60347060093070008E3E16A
:10645000E6F2DC452380E70041B785473E85828030
:1064600023AC01E68947A387F18C1716FE1F13069C
:10647000A6CD81475947B306F6002380060085075D
:10648000E39BE7FE89472386F18C2388F18C239ACE
:1064900001E63707A0001307070523AAE18C370799
:1064A000E80323ACE18C2387F18C0547A386E18CBC
:1064B00097C6FD1F238EF67C238B01E697160200FC
:1064C0009386463B97C5FD1F23A6D57C97C6FD1F27
:1064D0002384E67C97C6FD1F2391067C9716020055
:1064E0009386463697C5FD1F23AAD57A97C6FD1F0A
:1064F0002388F67A971602009386C63597C5FD1F46
:1065000023A2D57A97C5FD1F2380E57A97C5FD1F85
:10651000239D05789385F18C17C5FD1F2328B57839
:1065200097C5FD1F2386F5789715020093850533DF
:1065300017C5FD1F2320B57897C5FD1F23A0C5787B
:1065400017C6FD1F2320D67817C6FD1F230EE6763B
:1065500017C6FD1F2306F67617C6FD1F23170676FE
:106560001386C18C97C5FD1F23A2C57617C6FD1FD4
:106570002300F676171602001306462D97C5FD1F59
:1065800023AAC57417C6FD1F2308E67417C6FD1F8E
:1065900023150674138641E797C5FD1F238EE5700A
:1065A00097C5FD1F239B057097C5FD1F23A8C572C6
:1065B00017C6FD1F2328D67217C6FD1F2306E672D5
:1065C00017C6FD1F230EF67017C6FD1F231F06708A
:1065D0001386018D97C5FD1F23AAC57017C6FD1F21
:1065E0002308F670171602001306862897C5FD1FAC
:1065F00023A2C57017C6FD1F2300E67017C6FD1F36
:10660000231D066E1386418D97C5FD1F23A8C56EF9
:1066100017C6FD1F2328D66E97C6FD1F2386E66E7C
:1066200097C6FD1F2393066E9386E18C17C6FD1F48
:10663000232ED66C17C6FD1F2304F66C97C6FD1FCC
:106640002388F66C971702009387872097C6FD1F53
:1066500023A2F66C97C7FD1F2380E76C97C7FD1F29
:10666000239D076A9387D18C17C7FD1F2328F76ADC
:10667000970700009387E7B317C7FD1F2322F76A28
:1066800097070000938747C817C7FD1F232CF7689B
:1066900097C7FD1F23AA07688280A54763EEA70C52
:1066A000171702001307479C0A053A951C41411130
:1066B00022C426C206C6BA97B2842E848287D547E2
:1066C000614563E7B702594681451715FE1F13055B
:1066D000A5A797B0FD1FE78000892286A68517151C
:1066E000FE1F130565A697B0FD1FE7804084014596
:1066F000B240224492444101828089476145E39936
:10670000F5FE83570600239AF1E6D5B7A147614508
:10671000E390F5FE2146A6851385418DEFD02E9F8F
:10672000F9B785476145E395F5FC97C7FD1F93874A
:106730002756D04F97C5FD1F9385055803C5040004
:10674000EFF07FA06DB785476145E393F5FA97C7F2
:10675000FD1F9387E753D05F97C5FD1F9385C557EE
:10676000F1BF85476145E395F5F883470600A386A9
:10677000F18CB5BF0945ADBF0945828083C761E78C
:1067800095E38547238BF1E6058909CD97C6FD1F63
:10679000938606594146A54517C5FD1F1305454F6C
:1067A0006F20603E0145828001111388F5FF06CEFF
:1067B00022CC26CA4AC84EC652C41378F80FAD453B
:1067C00063EE050BBA890A08171702001307478CF6
:1067D0003A983E8A832708003689B284BA9782871E
:1067E0008545EFC04FCF2A8419E1EFF0FF92228553
:1067F000F2406244D2444249B249224A0561828051
:106800008945EFC04FCD2A847DF12685EFE05FA852
:10681000F9BF9145EFC02FCC2A8471F95286CE85FD
:106820004A85EFC06FC0EFF03F8FEFF0CFC9EF5058
:10683000302D75BFA145EFC00FCA2A844DF952868D
:10684000CE854A85EFC04FBE2685EFE07FA4EFE0FE
:10685000BF9BEF50102961BFB145EFC0CFC72A845D
:1068600059F55286CE854A85EFC00FBC2685EFE0EC
:106870003FA2EFE07F99EF50D02675B7094485BF5E
:10688000BD47638CF50663E9B702A5476387F50644
:1068900063EDB7009947638CF5049D47638FF5045A
:1068A0009547638CF50401458280B5476387F504FD
:1068B00063E1B704AD47F5B7DD47638EF50263EAE0
:1068C000B700C947638BF502D9476386F502C54710
:1068D000C9BFF5476383F50263E4B700ED47D1B75D
:1068E00093072005638BF5009307200D5DBF484596
:1068F00082800841828008458280484182809307D7
:10690000F00F630EF506011126CAAA8413050002D2
:1069100022CC4AC84EC652C456C206CE3A89B6895F
:10692000B28A2E8AEFA0BF9E2A844D4515C89307D0
:1069300000FB2300F400A3005401231144012302AF
:10694000340113058400614663050902CA8597A0D6
:10695000FD1FE780C05DA2852685EFA0DFA601456B
:10696000F2406244D2444249B249224A924A056105
:106970008280814597A0FD1FE780E05EE9BF094561
:106980008280011122CC06CE2A842306B100A30600
:10699000C100EF40203E0DC10347C500A147631170
:1069A000F70278009306E0070146A2851715FE1F3F
:1069B0000345A59FEFF0BFF4F24062440561828079
:1069C00078009306E0070146A2851715FE1F0345D0
:1069D000B59DCDB7930700643306F6026FB0CF8440
:1069E00005C90347050085469307270093F7F70F6E
:1069F00063F0F602411122C42A843A8506C6EFB03C
:106A0000EF96FD572300F400B240224441018280FA
:106A10008280035705009307000B6313F702834737
:106A200045004947639CE700034715018547639983
:106A3000E7000355250085456F20D03F6D47C5BF52
:106A40008280011122CC06CE2A842EC632C436C2E0
:106A5000EF4040320DCD8346C500A1471247224684
:106A6000B245639EF600B2861715FE1F0345E593F7
:106A70002E86A2856244F24005616FF05FE8B2861F
:106A80001715FE1F034555922E86A285E5B7F240E5
:106A9000624405450561828023A0A1E8828001113E
:106AA00022CC26CA06CE2A84AE84EF40A02CA6852E
:106AB0002285EF7011011DE5228523169100EF401C
:106AC000602B0DC10347C500A1476312F7021715DC
:106AD000FE1F0345858D78009306F0070146A285C9
:106AE000EFF0FFE1F2406244D24405618280171565
:106AF000FE1F0345758BC5B7011126CA06CEB684A5
:106B000022CCDD4663E2B608D94663FED50AA54627
:106B10006381D50A63EEB6049546638CD508994621
:106B20006387D50A054441687D18631606093AC68D
:106B3000EF70E17C330685403247420641824204D1
:106B400041803305C4004205BA85418132C6EF2039
:106B5000903EAA8749C181C432462390C400B30540
:106B600080406244F240D2443E8505616F70015A14
:106B7000C5466380D504C9460D44E395D5FAC1677F
:106B8000FD17E31EF6FA65B7F5466380D50463E4A6
:106B9000B600ED46D5B7930620056388D502930667
:106BA000200DE391D5F8C167FD170D446319F60078
:106BB000BDBF09448DBF9306200DE392D5F8310681
:106BC00042064182ADBF15445DBF0D444DBFC16754
:106BD000FD171D447DB7F2406244D24405618280B6
:106BE00079714ECEAE89C16526D20147AA84894605
:106BF000171602001306C6C8FD15054522D406D691
:106C00004AD0EF009061054431CD2A891307300244
:106C100081461146F5452685EFF01FEE2AC65544FC
:106C200031C18357A900CE8601462314F100914754
:106C30002315F10085472300F500B2472C00268577
:106C4000A38007003247FD572301F7003247A30115
:106C5000F700EF0050522A8411C5324597C0FD1F3E
:106C6000E780A09A2285B250225492540259F249E8
:106C700045618280411106C6EFF09FC019C5B24040
:106C8000410117C3FD1F67004398B2404101828054
:106C9000011106CE2AC6EF70814D3245914523AED3
:106CA00001E623A001E89707FE1FA38DA76EEF2042
:106CB000B023F24005616F20A00193970501C187C1
:106CC00063D8071279711705FE1F0345B56D22D4ED
:106CD0004AD006D626D22E89EFA0CFE72A8449CD06
:106CE000034705009307000A6315F70885474C081A
:106CF000A305F100EF70A153AA8405ED834761015C
:106D000071476374F708138717FE1377F70F93061D
:106D1000000263F3E608858BC5C79387C1E79C43F0
:106D2000994481CB035524001306B1004C08829787
:106D3000AA848347B10099C7084409C597C0FD1FBD
:106D4000E780A08C95E05247B7070001938707F0D2
:106D50007D8FB707120093870710630CF700034776
:106D60006101ED476317F700035524008545EF20C7
:106D7000700C2285EFA0EFD6B25022542165334526
:106D8000A9009254025945618280370730140507E3
:106D90003357F700058B41D3138701E8184351DBC4
:106DA0000347510159F72306F10099472308F100E1
:106DB000035524006C0023170100EF70216695BF76
:106DC000938701E89C439DC3035524001306B1003B
:106DD0004C08829739DDAA8483475101B9FB834768
:106DE0006101230891002306F100D9B79944EDB75A
:106DF00001458280014582809706FE1F83C6165B8F
:106E0000814763E5D70001473A8582802E87910547
:106E100003D6C5FFE30AA6FE8507E5B70DCD834778
:106E200025000547890793F7F70F6376F7024111AD
:106E300022C406C62A848355050003453500014750
:106E4000F9465D46EFF0BFABF9572311F400B240AD
:106E500022444101828082801707FE1F0347175595
:106E60008147FD5663E3E70082802310D5002301AC
:106E7000050085071105FDB7014582809385B18E18
:106E80009307000285462380F500FD572385F18E88
:106E9000A38EF18C238EF18C2394D18E239201E862
:106EA00023A601E823AE01E823A801E81386018E9A
:106EB000971702009387479B5CC2238301E897C71B
:106EC000FD1F9387A7E609472300E6002380E7001C
:106ED0002388E7002380E7022388E70217170200D0
:106EE00013078797D8DB0D47238CE702138781E8C8
:106EF00018432384D700D0C7238CD700171502006E
:106F000013054597171602001306C694971602003C
:106F100093860697C8C323950700D0CB239D07000F
:106F2000CCCFD4D3238407022395070223A60702DC
:106F3000239D0702D8DF97C7FD1F938727E3170715
:106F400000001307870C23A00700D8C323A4070061
:106F50008280411106C6EFF03FEA11C503452500C6
:106F6000B240410182800145E5BF411122C426C2E1
:106F70004AC006C6AA842E893284EFF0FFE711E9E1
:106F80004165CA857D15EFF03FE7C54711C5231060
:106F90009500230185008147B24022449244024972
:106FA0003E854101828029E789483547639316056C
:106FB000011106CE22CC26CA03471600034606005E
:106FC00093C7F7FF2207598EF18F32C68DE7C4456C
:106FD0002A84A685EFF0FFF732460147630FA6002B
:106FE00022856244F240A685D24405616FF0FFF726
:106FF0002D473A85828013070008F2406244D2444C
:107000003A850561828083C80500094863950803B5
:1070100003A845008347180003480800A207B3E708
:107020000701C2070D68C1871308289063950701FF
:1070300089476FF05FF70545828003C7D18D9307BD
:10704000F00F630AF70441114AC02A89294522C476
:1070500026C206C63284AE84EFA06FAB1DC593076F
:10706000100B2310F5002302050023148500224491
:107070002311250123139500B24092440249AA85A9
:1070800003C5D18D41016FA00FB4B2402244924498
:1070900002494101828082804111938781E826C2A2
:1070A000AE848C4322C406C62A84EFF09FEA098985
:1070B00009C922852244B240A685924441016FF05D
:1070C0003FB2B240224492440545410182804111C1
:1070D00022C426C24AC006C6AA8413044500130966
:1070E000850B835704009DC3084409C597B0FD1F55
:1070F000E780A05122853146814597A0FD1FE7809A
:1071000080E63104231A04FEE31D24FDB24022442C
:10711000FD572390F40002499244410182809387F5
:1071200041E998431706FE1F034656288147631519
:10713000F600814636858280BA861307870B835511
:1071400087F4E389A5FE850793F7F70FCDB79387FB
:10715000C1E99C4399C703D74700E31CA7FE8847B2
:10716000828001458280411106C6EFF05FFE09C5AD
:107170000845B240410182800145E5BF011126CAA0
:107180009384450022CC4EC606CE4AC852C456C28D
:107190005AC0268781490144814681473D450356AF
:1071A000070055CED9E20354470083572700B28623
:1071B000A297C207C18385093107E392A9FE25C8BA
:1071C0002E89916593854570228597B0FD1FE780D4
:1071D000A0362A8B29CD814A014A8C4485C503D625
:1071E000440033054B0197A0FD1FE78040D483D7AF
:1071F000440088443E9A420A135A0A0197B0FD1F80
:10720000E780A04063890A0031468145268597A022
:10721000FD1FE78040D5850AB104E3E03AFD23264F
:10722000690123148900054521A0630DD60001459D
:10723000F2406244D2444249B249224A924A024B45
:107240000561828003562700E313F6FE03564700CC
:107250003294B2974204C2074180C183A9BF054559
:10726000E37835FDA9BF938701E99C4399E3014584
:10727000828098470357A700E319A7FE13854700AC
:107280008280411106C6EFF01FFE11C503550500AF
:10729000B240410182800145E5BF411106C6EFF0D1
:1072A0009FFC11C503452500B24041018280414544
:1072B000E5BF411122C42A842E8506C6EFF0FFFDEA
:1072C000AA8505462285EF30302E95476305F500E7
:1072D000BD476313F5002145B2402244410182803D
:1072E000411122C42A84090506C6EFF06FEFFD574D
:1072F000A301F400B240224441018280938781E9D6
:107300009C431707FE1F0347770A2A860507814615
:107310003E8583D707006388C7008506930765000D
:10732000E3E8E6FE01458280411122C4416406C6BD
:1073300026C29307E4FF630EF500AA8485E1EFF00F
:10734000FFFB01E91305F4FFEFF05FFB19C1231008
:107350009500B24022449244410182808547639463
:10736000F504EFF0BFF92A846DD5FD572310F50021
:10737000834724001307F00F6384E7021307E00F2D
:10738000638AE700034534000147F9465146A68564
:10739000EFF0EFD62285EFF0BFF4FD572301F400A4
:1073A000230204007DB78947E395F5FA8545EF3060
:1073B000D03F45F12685EFF07FF42A8455F951BF7F
:1073C0005D71A6C24EDE86C6A2C4CAC052DC56DAC1
:1073D0005AD8AE8483C52500F947AA896396F50477
:1073E000EFF0DFF12A8409ED01442285B6402644FE
:1073F00096440649F259625AD25A425B61618280D0
:10740000834725000547890793F7F70FE37EF7FCCD
:10741000034535000147F9460146CE85EFF02FCEF2
:107420002285EFF0FFEBC9B783AA0400B70700017C
:10743000938707F037071200B3F7FA001307071016
:10744000328A0149638AE7022EC6EFF03FEB2A89B0
:10745000B2451DC10346450005C293178601E18769
:10746000E3C407F84E85EFF0CFD18347490093E797
:1074700007F82302F9008DBF03C7A18E9307F00F11
:107480001944E304F7F6E147E3E1B7F693D71500B3
:10749000FD178E0717070200130787C2BA9703A8C4
:1074A0000700E30408F403AB4700E3000BF4C20A4F
:1074B00093DA0A0163850A00C947E398F5F283D697
:1074C0004400904483C5140003C5040038080298A2
:1074D0002A8401FD2C084E85029B2A8421C983C77A
:1074E0001400E39407F083C72400230AA10039475E
:1074F0002308F1006399E7026247834717000347B7
:107500000700A207D98F0C084E852319F100EF6000
:10751000F170E30B05EC14080546D9454E85EFF0F4
:107520004FD22A84D9B583578101F1BF83C6240085
:107530009147E38BF6EA38080146CE8503C5A18E54
:10754000EFF0EFBB2A84E31205EA83C52400280884
:10755000EFF00FB319C123000A009840B7070001EC
:10756000938707F07D8FB707120093870710E30D0D
:10757000F7E6E30B09E683C724002302F900B5B55B
:10758000011106CE2EC6EFF07FD701CD834745000F
:10759000B245138717006396E50093F707F82302B7
:1075A000F500F24005618280938701E9984319E371
:1075B000014615A81C4703D8A700636B0501835833
:1075C0004700B38608016355D500814663941601D0
:1075D0001843F1BF3E86C10703D3A7FF6317A3007B
:1075E00099C123900501328582808506C206C18239
:1075F000F1BF397152D42E8A4ED69305E101AA8982
:10760000528522DC4AD856D206DE26DA328936C6C0
:107610003AC4BE8AEFF05FF9054435C5AA84035524
:10762000E1013944EFF0BFB239CD03284500630CC6
:1076300008042247B246D6874A86A6854E85029818
:107640002A8431E19307E00F638FFA0203C7040035
:107650008947631AF702D84083471700034707009A
:10766000A207D98FC2070D67C18713072790639CB4
:10767000E7008347190003460900D285A2075D8E03
:107680004E85EFF09F9B2285F2506254D2544259AE
:10769000B259225A925A21618280797122D40354BC
:1076A00025004ECEAA89228556CA06D626D24AD0B1
:1076B00052CC5AC85EC662C4AE8AEFF05FA601E93A
:1076C0002285EF704126594429E90144B9A003C736
:1076D00089008547AA840144631AF702AA851385A5
:1076E0008900EFF0BFA929CD03D7640083D68400B9
:1076F000D04483D5440003D52900E147EFF07FEF64
:10770000D9472A846318F50223A604002685EFF0E2
:107710001F9C49C0D947E30AF4FA2285B25022548B
:1077200092540259F249624AD24A424BB24B224C1D
:107730004561828061DD83D744002390FA00F9B768
:1077400013894400014AB94B594C3D4B83550900FC
:10775000D5DDE14763067A010357C90011C3D94754
:1077600003572900835649000326890003D52900C1
:10777000EFF03FE82A846319850123240900050AF4
:107780003109E3156AFD59B77DD983570900239064
:10779000FA00F5B703D529002DB701112317C10051
:1077A0009307E00F1306E1000147894606CEEFF08C
:1077B0005FE4F24005618280797122D42A84035506
:1077C000850026D2AE849305210106D64AD0EFF07B
:1077D000BFDD6308050E834785002AC693F70702BD
:1077E0008DCF03552101EFF01F98AA87B24501ED17
:1077F0008357840039452390F400B25022549254A8
:10780000025945618280035524004946829711C57B
:10781000835784002390F400CDB7035924004A8590
:10782000EFF0FF8F11ED41657D15EFF05F8F19E5EA
:107830008357840025452390F400C1B72310250108
:10784000130745008147BD46035607002DE6314723
:10785000B387E702130984003146CA8591073E9534
:107860009790FD1FE780A06C3146CA854808979025
:10787000FD1FE780C06B0356C40003552400414739
:107880008146DD45EFF04FA72ACE19E583578400E6
:1078900045452390F40095B70C480356C4009790D3
:1078A000FD1FE780C068035524004C08EF7061039A
:1078B00029D5594599B785073107E397D7F8254565
:1078C00081BF0545B1B7797122D42A84035585005B
:1078D00026D2AE849305E1014AD006D63289EFF074
:1078E000BFCC51C58347850093F70702A9E703473B
:1078F00014019307200519E3834744008356A4002D
:10790000504483558400035524000147EFF07FCE97
:10791000AA8721E98347140199E703552400EF6002
:107920007177D94711E18147B250225492540259DC
:107930003E85456182802AC60355E101EFF0BF8292
:10794000AA8705C9B2450355240049468297AA87EC
:1079500059DD035784002390E4000347140161F7C5
:10796000E1B75947E317E5FE230009006DBF8547DE
:10797000CDB7B947F9BF397122DC4AD84ED652D4B7
:1079800006DE26DAAA892E8A32C63689EFF01F97DC
:10799000094415C5834725001307E00FAA845D44F9
:1079A000638FE7001307F00F5944639AE7003246EC
:1079B00005E2D2854E85EF60F17A2A8415CD2285C5
:1079C000F2506254D2544259B259225A21618280F3
:1079D00003550A009305E101231F0100EFF0DFBC0E
:1079E0000355E101EFF07F8BAA8505464E85EF3008
:1079F000A03B2A845DDDE1B79307F00FE301F9FCBA
:107A0000938624007946A68517F5FFFF13054541A7
:107A1000EFE05FFCA38124015DB73971938701E931
:107A200026DA844352D45AD05ECE62CC06DE22DC03
:107A30004AD84ED656D266CA2A8BAE8B328C368A3C
:107A400099E08149B9A0804483DC44000149835A0C
:107A5000A400631499018440E5B78357A400A28968
:107A600063F8670105094209135909014104D5B7B3
:107A7000E3EAFBFE630C0A00834504004840D2861B
:107A800062863AC6EF60A173324769DD19C32310DD
:107A90005701F25062544E85D2544259B259225A7B
:107AA000925A025BF24B624CD24C2161828003D726
:107AB000050083D62500854763E9E60439C74111EF
:107AC00083C6450026C29384550022C426862E8490
:107AD00017050200130505DA894506C6EF60216E19
:107AE000C14711CD8346440083552400035504004B
:107AF00001472686EFF07FF2814711E1A947B240A6
:107B0000224492443E85410182803E8582802E86B9
:107B10000355060083D52500854763E2A50205C10C
:107B20008346460041110147150606C6EFF0FFEEF9
:107B3000814711E1A947B2403E85410182803E85DF
:107B400082802E860355060083D52500854763E293
:107B5000A50205C18346460041110147150606C628
:107B6000EFF0BFEB814711E1A947B2403E854101EB
:107B700082803E85828039714ED683D7250083D995
:107B8000050006DE22DC26DA4AD852D456D25AD074
:107B90005ECE62CC66CA6AC863E037198547638ED9
:107BA0000914416BAE8A2A8A2314010002C60144DB
:107BB00001497D1B894B054CC94C054D83D52A00D5
:107BC0000147814601464E8523130100EFF0FFE493
:107BD000AA846300051209EC1307200293066100D2
:107BE0005A8695455285EFE03FF12A8463080512D5
:107BF0000357810083C7040045C70347A100630CF6
:107C0000A70741476385E7022C005285EF60711694
:107C100009CD34001546D9455285EFE09FE211C5E4
:107C2000324597B0FD1FE780409E8147F9A083D77A
:107C3000A4004146130524002300F40083D7A400C8
:107C4000A183A300F400CC409790FD1FE780202E75
:107C50004904835781008507C207C1832314F100BB
:107C600063F9270983D7A400638567098509C209D9
:107C700093D90901A1B7E39977F983D7A4000946FD
:107C8000130524002300F40083D7A400A183A300DC
:107C9000F400CC409790FD1FE7806029110455BF88
:107CA00022C60359610003C7A400130524006382A0
:107CB000770333599903230571012300E40083D727
:107CC000A4004146A183A300F400CC401379F90F2E
:107CD000A5BF230581012300E40083D7A400135925
:107CE00029001379F90FA183A300F4000946CC40C1
:107CF00055B78357810089FBA947F2506254D2548B
:107D00004259B259225A925A025BF24B624CD24CFF
:107D1000424D3E85216182808547C5B7C547F1BF89
:107D200003C7A1EA854763F3E706011122CC26CAFF
:107D30004AC806CE2A843289AE84EFF02FDC01C90E
:107D4000034725009307E00F5D456308F700631CB8
:107D50000900A6852285EF60D13DF2406244D244FD
:107D600042490561828003D504009305E100231791
:107D70000100EFF07F830355E100EFF00FD2AA85F9
:107D800005462285EF30400269D5C1BF5945828042
:107D900013F7050201C7B2856FF0AFD1411126C2BA
:107DA0004AC006C622C413F98500AA8463170900D5
:107DB000139785016187635D070232853684EFF092
:107DC000CFCDAA8505466313090001462685EF201D
:107DD000B07D01E90145B24022449244024941018B
:107DE000828083479400E5DB83478400E5F7E5B7AD
:107DF00093F72500E5F30D45F9BF7971AE8622D4DE
:107E00002A8403D506009305E10106D636C6EFF0B5
:107E1000AFF909CD83458500B2460356E1012285BD
:107E2000EFF01FF7B2502254456182800545DDBF57
:107E300013F7050201C7B2856FF0AFC7411122C425
:107E400026C206C693F485002A8491E4139785011F
:107E50006187635007023285EFF02FC4AA8505467B
:107E600091E0014622852244B240924441016F20B4
:107E7000B07393F72500014591E30D45B2402244CC
:107E80009244410182807971AE8622D42A8403D53E
:107E900006009305E10136C606D6EFF0EFF0B246D4
:107EA00001CD834585000356E1012285EFF05FF89F
:107EB000B2502254456182800545DDBF797126D2DA
:107EC000AA840355A500C16722D44AD04ECE06D657
:107ED00023170100FD173284B6890149630DF500AF
:107EE000050583C60400D04042051307E100418127
:107EF000EFF0BFB22A8983C60400D0408945170538
:107F0000020013052597EF60812B1DC503D4A40043
:107F10002285EFF00FB709C57D142A9442044180F1
:107F20006384090023908900B25022544A859254F8
:107F30000259F2494561828083C60400D0408945D8
:107F40001705020013058593EF60612761F183C671
:107F50000400D0408945170502001305A58FEF6086
:107F6000012619C9E30609FA8357E100E39287FA6B
:107F70000354A9007D145DB703D4A40055B739712B
:107F800022DC26DA4AD84ED652D456D25AD062CC07
:107F900006DE5ECEBE8983C785002A8AAE84C18B89
:107FA000328C36843A89C28A468B9DE783CB0400A3
:107FB0008947638BFB046285EFF06F991DC18328AD
:107FC0000500638008025A88D6874E87CA862286B3
:107FD000A6855285829839A03285EFF0CF98AA877E
:107FE00011ED3945F2506254D2544259B259225AD5
:107FF000925A025BF24B624C216182802946A6852F
:108000005285829745D5F9BFD8408347170003476B
:108010000700A207D98FC2070D67C1879306079093
:108020006384D72263CEF60693062780638ED70C2F
:1080300063C1F60213070780E3CFE7F62D45E3930C
:1080400009FADC4403C60700CC432310C90022858B
:1080500069A213073780E390E7F62D45E39409F80A
:1080600085472310F900DC44814583C707002300BE
:10807000F40003D5A400050542054181EFF0CFD2FD
:10808000835709006317051291072310F900114661
:108090008145130514009790FD1FE780C0EC29A2CD
:1080A000930627906383D71863CED7129306379031
:1080B000638CD71813074790E39FE7EE2D45E393B2
:1080C00009F2DC441D472310E90003C70700230021
:1080D000E40003C71700A300E40003D7270023012F
:1080E000E40003D727002183A301E40003C747006E
:1080F0002302E40003D76700A302E40083D76700EC
:10810000A1832303F4004DA02D45E39D09ECDC443D
:108110006C0083C9170003C70700A209B3E9E9008F
:1081200011472310E90083C707004E852300F400A0
:10813000DC4483C71700A300F400EFF0EFC6AA8465
:1081400035C50356C100C1659306E100FD158329BD
:10815000C500EFF0BFD619ED83C60400D0408945B5
:1081600017F5010013058571EF60610501E5FD5705
:108170002317F10003C7090089476310F70283A59D
:1081800049000946130544009790FD1FE78020DA57
:108190008357090089072310F9008357E100230161
:1081A000F400A183A301F40001452DBD2317310183
:1081B000EDB7034705008907BA972310F9008357E5
:1081C000A500A300F4008357A500A1832301F400B8
:1081D000034605004C41130534009790FD1FE780CE
:1081E00000D5D9B7C8449790FD1FE780E0D8931712
:1081F0000501C1832A871D45E3E637DF6399F9004E
:1082000023100900CC4403560900CE9589B54207D6
:10821000B3863A01418363C7E600B3873741231031
:10822000F900CDB723105901F1BF2D45E39C09DAC0
:10823000CC445285EFE0FFD1231079012300A40044
:108240002181A300A4008DB72D45E39D09D8DC440E
:108250002310790183C707002300F400DC4483C79F
:108260001700A300F40089B75D71CAC02A890355BD
:1082700025004EDE52DC56DA5AD85ED662D466D27B
:108280006AD06ECE86C6A2C4A6C22E8BEF6021072E
:10829000130CF5FF931D0C01C16BAA8A814917FAD3
:1082A000FD1F130AEAEB93DD0D01938CC1E8138DDA
:1082B00041E8FD1B8357C90063F8F90097F7FD1FDC
:1082C00083D707EA63CE87010355290097F5FD1F81
:1082D000938505E9EF608150AA841DCDD9442DA86E
:1082E00083278900139719009305E100BA9703C407
:1082F000170083C7070022045D8C2285EFF0CFAA08
:10830000AA851DE923108B0003254A00854409C571
:1083100097A0FD1FE780602FB640264426850649BA
:108320009644F259625AD25A425BB25B225C925C2A
:10833000025DF24D616182808348490083A60C0092
:108340000356E100035529006E8881476A87EFF0E4
:108350001FC3AA8411C523108B0003254A0045BF03
:1083600083274A0095E303552900514781465E86DD
:10837000BD45EFE06FF897F7FD1F23A5A7DE09E5E0
:1083800023108B00C54449BF97F7FD1F83D747DDF6
:1083900003D741E83E976347570113C7F7FF569746
:1083A0002392E1E803254A0083A50C0003D641E8A7
:1083B0003E959790FD1FE78080B783570A000357CB
:1083C0000D008509C209BA9717F7FD1F231AF7D8C0
:1083D00093D90901C5B5397122DC2A8403552500DA
:1083E00006DE26DA4AD84ED652D45AD05ECE62CCB9
:1083F00066CAAE8B56D2EF5091702A8A8346C4006B
:108400008355A4000355840078001306D400930C10
:10841000BAFF651AEFF06FE0420A416B2A89814486
:10842000135A0A01138CC1E897F9FD1F938949D3A8
:108430007D1B6302090463D09405834844008326AE
:108440000C000356C100035524005288814713874E
:1084500041E8CA85EFF0BFB215C5814A0356C10095
:108460008355A4004A859306E100EFF03FA52A89D1
:10847000639D0A065DFDE5E083578400294523904E
:10848000FB0081A00356040183D741E8E317F6FC03
:1084900083250C0048489790FD1FE78040B255DDCA
:1084A00083A74900A1E303552400454781465A8626
:1084B0009D45EFE06FE41DE183578400454523901F
:1084C000FB00F2506254D2544259B259225A925A85
:1084D000025BF24B624CD24C2161828097F7FD1F08
:1084E00023A2A7C8835AA90095BF83A74900A697CE
:1084F00023805701938714001397070183A749002E
:10850000418393DA8A00BA972380570113872400A6
:1085100083A6490093873400420791044183C20730
:10852000C204C183C180369711CD8356E100230078
:10853000D70003A74900BA970357E100218323809E
:10854000E700C5BDFD562300D70003A74900BA9731
:108550002380D7000DB703552400898097F5FD1FB0
:10856000938505C097F7FD1F239C97BEEF60010D13
:1085700029D95945B9B7411122C406C693F7050157
:108580002A84328585C3EFE05FD1AA85054622851E
:10859000EF20900195476305F500BD47631DF50287
:1085A000214515A893F7450099CBEFE01FCF05466D
:1085B000AA8522852244B24041016F20E07E93F7D4
:1085C000050489C7EFE07FCD0146DDB713F515003F
:1085D000133515000605B2402244410182807971AD
:1085E0004AD04ECE52CC06D622D426D22A8AAE8982
:1085F000014983D749006364F9000145A1A083A71D
:1086000009001314190093041400338797000347DB
:108610000700A29703C5070022079305E100598DC3
:10862000EFE09FF805E983A7090005453E9403475D
:1086300004002380E70083A70900BE9403C7040059
:10864000A380E700B250225492540259F249624A80
:1086500045618280834585000356E1005285EFF035
:108660009FF105C183A709003E94034704002380BE
:10867000E70083A70900BE9403C70400A380E700B6
:10868000D1B70509420913590901A5B7011122CC37
:108690002A8403D505009305E10006CEEFE0DFF064
:1086A00001CD834585000356E1002285EFF0BFEC44
:1086B000F2406244056182800545DDBF397126DAEA
:1086C000AA840355250006DE22DC4ED652D456D2AB
:1086D0005AD05ECE62CC66CA6AC82E8A4AD8EF509B
:1086E0001142AA8A83C6C40083D5A40003D584009E
:1086F000138CAAFF78001386D400EFF00FB2420C5F
:10870000C16CAA890144135C0C01138B41E8938B63
:10871000C1E8FD1CED1A17FDFD1F130D6DA4638B41
:10872000091A0356C10083C5890003D52400EFF060
:108730009FE42A89631B051883C8440083A60B00A5
:108740000356C10003D5240062888147138741E89E
:10875000CE85EFF0DF822A896319051639C003D769
:1087600041E8110797F7FD1F83D7A79F6395E7009F
:10877000A29763C0570997F7FD1F83D7879E33548D
:10878000F40203D5240097F5FD1F9385659D97F7A7
:10879000FD1F2397879CEF60E1072A890DC5594982
:1087A0001DA003D52400494781466686C545EFE0F4
:1087B000AFB497F7FD1F23A7A79A0DE583D7A900AC
:1087C00045492310FA00F25062544A85D254425966
:1087D000B259225A925A025BF24B624CD24C424D31
:1087E0002161828083570B00910717F7FD1F231A21
:1087F000F79683274D0003D7A9009306E100A297BF
:108800002380E700930714001397070183274D0087
:1088100041834E85BA9703D7A90021832380E700BF
:108820000356C10083D5A400EFF04FE913072400DD
:1088300083264D0093073400420711044183C20789
:108840004204AA89C1834180369739E1FD5623004D
:10885000D70003274D0083A50B00BA972380D700CC
:1088600003254D0003D641E822959780FD1FE78040
:10887000006C83570B003E9442044180E31D04EEDC
:1088800083D784002310FA00E31F09F2294925BF8A
:108890008356E10083A50B002300D70003274D007A
:1088A000BA970357E10021832380E70003254D0099
:1088B00003D641E822959780FD1FE78040678357E4
:1088C0000B003E944204418099BD83D7A900231038
:1088D000FA006DB701495DB75D71A6C2CAC0AA842E
:1088E0000359850003552500A2C44EDE56DA5AD836
:1088F0005ED662D466D26AD086C652DC6ECE2E8B2D
:10890000EF50F11F930BD5FF711593190501014429
:10891000138DD40093D90901138C41E8938CC1E8DD
:1089200097FAFD1F938ACA836358741583C6C400DF
:1089300083D5A4001307E1006A864A85EFF0EF8D26
:10894000AA8D630B05120359A500834585000356C4
:10895000E10003D52400EFF01FC26314051283C8A1
:10896000440083A60C000356E10003D524004E8882
:108970008147138741E8EE85EFF06FE06313051040
:108980001DCC83D741E817E7FD1F0357877D890773
:10899000630EF70697E7FD1F83D7A77C3354F402D5
:1089A00003D5240097E5FD1F9385857B97E7FD1F81
:1089B0002398877AEF50515205C5594515A003D524
:1089C000240041664D4781467D16A545EFE0CF92D4
:1089D00097E7FD1F23A8A7781DE123102B0145452C
:1089E000B640264496440649F259625AD25A425B2E
:1089F000B25B225C925C025DF24D616182808357C2
:108A00000C00890717E7FD1F231DF77483D741E882
:108A1000A29763D3770783A74A0003D7AD00130A51
:108A20002400A2972380E70005049317040103A400
:108A30004A00C183420A3E9483D7AD0083A50C004F
:108A4000135A0A01A1832300F40003A54A0003D6A8
:108A500041E852959780FD1FE780604D03540C005C
:108A6000C167FD17529442044180E30FF9EA0509FA
:108A70004209135909014DBD294509FC23102B0159
:108A800085B76DDC01BF8357050081E789473E85C7
:108A90008280411126C2444122C406C683C6040016
:108AA000D0402A84894517F501001305A5DCEF5055
:108AB000017119C9834724002547E51793F7F70F7C
:108AC0006376F702E14729A883C60400D0408945B0
:108AD00017F50100130585DAEF50616E61FD8947D6
:108AE000B240224492443E854101828083D6818EE9
:108AF0008547FDD6035704003697C166E3C2E6FEFC
:108B0000916593852570314597A0FD1FE780C0A230
:108B1000AA84CD4771D5314681459780FD1FE780F6
:108B200080448357040083D5818E01460147B38674
:108B3000E500C206C1826369F702AE97C207C1832E
:108B400019C22394F18E23A004002146A285138527
:108B500044009780FD1FE780803D938701E99C4397
:108B600091EF23A891E831A850401315470005075D
:108B70002A962315D60005465DBFBA87984375FF30
:108B800084C38147B1BF011106CE22CC26CA4AC890
:108B900009E98944F240624426854249D24405618C
:108BA00082802AC62A84280036892314B10023052E
:108BB000C100EFF05FEDAA8471FDE30D09FC83575E
:108BC000A400E1DB916593855570314597A0FD1FA9
:108BD000E78080960DC58357A40023200500232439
:108BE00025012312F5009387C1E99C4389E723AE51
:108BF000A1E84DB7BA87984375FF88C361BFCD44DC
:108C000051BF83C761E895E385472383F1E8058970
:108C100009CD97A6FD1F938666154146914517A578
:108C2000FD1F1305A5106FF01FF601458280A38E6E
:108C3000A18C8280C167FD176315F5002E856FE05A
:108C4000AFA1411106C6EFE02F9B11C5FD572310C0
:108C5000F50023010500B2404101828001114AC89C
:108C600006CE22CC26CA85472A896393F5044A8515
:108C7000EFE0EFCA39E9C1649385F4FF1307E1001F
:108C8000894617F60100130626BD0545EFE0FFD81B
:108C90002A84FD140DC44C444A85EFF0BFF90356F5
:108CA000E10022858146A685EFF04FA12A84DDB739
:108CB00089476396F5008545EF20202F4DD9F24076
:108CC0006244D244424905618280EFE04FC065B7FB
:108CD000411106C623AA01E823AC01E823A401E858
:108CE00017E5FD1F0345956C41CD9307200C330517
:108CF000F50291659385157019054205418197A08C
:108D0000FD1FE780608323AAA1E89307200C17E6E4
:108D1000FD1F0346B6693306F602814519069780A2
:108D2000FD1FE7804024938741E99C4317E7FD1F1F
:108D30000347D76781459386870B7D5563E8E50632
:108D40009306800BB306D7020146FD550507B6977B
:108D500023ACF1E8BE862390B600A381B600238140
:108D6000B6002382060005069906E366E6FEF9567C
:108D70002390D70099463307D702BA9723A4F1E886
:108D800017E5FFFF13050564EFD01FD117E5FFFFBF
:108D90001305457FEF50414917E5FFFF13050559BE
:108DA000EF20E017B2400145410182802394A6F4F0
:108DB0001386C6F423100600232406003106E31BA5
:108DC000D6FE85059386860B95BF411122C42A8461
:108DD00006C6EFD0EFE8EFE06F8A238E818C938791
:108DE00081E88843EFE04F872385818E2244B2409B
:108DF000170500001305C5E641016F204012939747
:108E00000501C18763D00736797103C5C18D22D4AE
:108E100052CC06D626D24AD04ECE2E8AEF808FD3A1
:108E20002A8421C9034705009307000B6310F70448
:108E30008547A304F1009387C1E89C4323150100F3
:108E4000A1E7EF00C07E9165938535709790FD1F77
:108E5000E780806E23A6A1E805E98347910099C7C2
:108E60008345440013058400EFD0DFE02285EF80C6
:108E70004FC7B250225421653345AA00925402597B
:108E8000F249624A456182806146814517E5FD1FCE
:108E90001305052D9780FD1FE780E00C0349440072
:108EA000894797E9FD1F9389A92B631DF906EF00F8
:108EB000007897E7FD1F2395A72A03552400CE8548
:108EC000EF5081660357240097E7FD1F83D747299A
:108ED0008356840011ED63E4F6002314F4008355F7
:108EE00084003A85EFD0BFBB2285EFD09FB2B5B7E3
:108EF00063E4F6002314F40083578400D9450D463B
:108F000097E6FD1F239EF62497E6FD1F93864625D0
:108F10003A85EFD01FB38D4561D917E5FD1F1305C5
:108F20002524E1A09947631CF9029305A10022853D
:108F3000EFF06FCAAA844DD9D947639BF40E050997
:108F4000035524001379F90FD94597E6FD1F938641
:108F500026214A86EFD0FFAECA8559D57DBFA147ED
:108F60006318F9009305A1002285EFF0FF96D9B7A9
:108F7000A947631FF906035584006C00EFE0CFE2B8
:108F8000AA84630705160355240041669306E10091
:108F900055477D16AD45EFD03FB697E7FD1F23A39C
:108FA000A71CAA8649C1834844000358E100035620
:108FB000C10003552400A68581474E87EFE03FFCA2
:108FC000AA846316051003552400CE85EF50A176C0
:108FD000E30C05F003552400CE862D46D945EFD08D
:108FE0005FA6E30305F0AD454E85EFD0BFC8EDBDEC
:108FF000B1476315F910035584006C00EFE0CFDA38
:10900000AA846307050E0355240041669306E10018
:1090100059477D16B545EFD03FAE97E7FD1F23A317
:10902000A714AA863DE183578400C5442315F100A7
:1090300003471400D147E309F7EA83474400035587
:10904000240097E5FD1F9385A51117E7FD1F230950
:10905000F7108357A10017E7FD1F2314F71097E7B8
:10906000FD1F23819710EF50613BE30F05E6035589
:10907000240097E6FD1F9386A60E0546D945EFD03E
:109080005F9CE30305E6854549BD834844000358DA
:10909000E1008357A4000356C10003552400A685B0
:1090A0004E87EFE0DFEDAA841DE103552400CE8555
:1090B000EF50216EE30A05E203552400D945CE8620
:1090C0003546EFD01F98B545E30005E2B9B5D9475D
:1090D0006393F400814403A549009790FD1FE78046
:1090E000C052E38304E0835784002315F10089B75D
:1090F0008357840085442315F1001DBFB9476318C9
:10910000F9009305A1002285EFF00F9625B5C14720
:109110006318F9009305A1002285EFF02FDA19BD3D
:10912000C947631AF900130691009305A10022852F
:10913000EFE06FF901B5D947631DF9009305A10070
:109140002285EFE06FE7AA84E31805DEA30401009F
:1091500061BBE147E31AF9D89305A1002285EFE04E
:10916000CFD3C9BB01458280E9CE011152C42E8AFA
:10917000854522CC4EC656C206CE26CA4AC8AA8A01
:10918000B6893284EF107062D14715C183C781EA76
:1091900083C691EA814419E0B684BE86138701EA4A
:1091A000184393974400BA9763EDD400D547F24033
:1091B0006244D2444249B249224A924A3E850561FC
:1091C00082803E89C10703D727FF09C7850493F42E
:1091D000F40FD9BF2DC09565938525C013050002F6
:1091E0009790FD1FE78040352326A90061D1130623
:1091F00000028145938404049780FD1FE780A0D678
:1092000023119900230009002313590105C817E70A
:10921000FD1F1307A7108347940010432304F90090
:10922000118C8327C90011841180238E870023A00D
:1092300029018147ADBF23260900E9B7230449016D
:10924000FDB785473E858280938701EA984383C5B1
:1092500081EA81476395F500814636858280035611
:109260002700BA8619C2E30AA6FE850793F7F70F0F
:109270004107CDB7938701EA984303C681EA814746
:109280006315F60081463685828083552700BA86AD
:1092900089C583454700E388A5FE850793F7F70F47
:1092A0004107F9BF97E7FD1F93874707984383C599
:1092B000B1EA81476395F500814636858280035681
:1092C0000700BA8619C2E30AA6FE850793F7F70FCF
:1092D0004107CDB7938701EA9C4303C891EA014750
:1092E0006315E80081463685828003D62700BE8656
:1092F00019CA03D667006318A600D04709C60356EB
:109300002600E302B6FE05071377F70FC107C9BFB2
:10931000411122C4404526C206C6AA8415C048444D
:1093200009C59790FD1FE780402E484809C59790D2
:10933000FD1FE780802D22859790FD1FE780E02CA0
:109340002685414681459780FD1FE780C0C1B24018
:109350002244FD57A384F40092444101828001110C
:1093600022CC2A840355250006CE2EC6EF10100D00
:10937000324622858145EF00306822856244F24002
:1093800005616FF0FFF80DC503572500411122C498
:1093900006C62A8411CBDD45EF00F0692285224400
:1093A000B24041016FF0DFF6B240224441018280B9
:1093B0008280411126C231479304C5FF3387E402FE
:1093C00097E7FD1F938707F606C622C43E9783568C
:1093D000A7006397B602484305C53E849307F00F84
:1093E0006306F60083470500639CC7009790FD1F46
:1093F000E780A021B147B387F402A29723A2070018
:10940000B2402244924441018280411122C42E8400
:1094100026C24946AA848145228506C69780FD1F3B
:10942000E78060B4ADC083C7C4011397470097E7D6
:10943000FD1F9387A7EE9C43BA9703D7070023101D
:10944000E40003D7270083D767002311E4001387C4
:1094500061EA035707002312E40003D70400231333
:10946000E40003D724002314E40003D744002315A9
:10947000E40003D764002316E40003D78400231814
:10948000F4002317E400B240224492444101828058
:1094900097E7FD1F938787E803A80700938701EAF2
:1094A000904383C581EA014781476394E5003E8587
:1094B00082808346060081CE544691CA83C6C60187
:1094C0009206C2966315D500850793F7F70F050737
:1094D0001377F70F4106D1BF130600643386C50228
:1094E00093069500AA8517050000130505EA6F800D
:1094F000AFD3411122C406C62A8403459500EF80EC
:10950000EFE6FD57A304F400B240224441018280FB
:10951000011122CC4AC84EC652C456C206CE26CA33
:109520002A89AE890144138A01EA9D4A83C791EAD8
:109530006362F40463970902938901EA130AF00F46
:1095400083C781EA6366F4061144A14422850504B9
:1095500042041306F00FCA854180EFF09FE5E31740
:1095600094FEF2406244D2444249B249224A924AAD
:109570000561828083270A0093144400BE9483C748
:1095800004009DC383D76400639027036396590149
:1095900003D52400EF10806A26854E868145EF00B2
:1095A000B0452685EFF0DFD605041374F40FBDBF78
:1095B00083A7090093144400BE9483C704009DC38D
:1095C00083C794006380470383D76400639C2701AB
:1095D0002685EFF01FF22685D145EF00D045268580
:1095E000EFF01FD305041374F40F99BF4167791787
:1095F000630BE502411122C406C685472A8463999C
:10960000F50022852244B240814541016FF05FF0B0
:1096100089476396F5008545EF1030197DD1B2403A
:1096200022444101828082809D456FF07FEE03D508
:1096300061EA8280011106CE2317A1002316B10032
:1096400003C741EA85476318F70070009305E100FE
:109650000545EF501016F24005618280A947631C52
:10966000F60483C7150003C70500A207D98F23108E
:10967000F50083C7350003C72500A207D98F231142
:10968000F50083C7550003C74500A207D98F2312F1
:10969000F50083C7750003C76500A207D98F2313A0
:1096A000F50083C7950003C78500A207D98F23144F
:1096B000F500014582800545828091476314F602DA
:1096C00083C7150003C70500A207D98F2310F50033
:1096D00083C7350003C72500A207D98F2311F500E2
:1096E00001458280054582809387C5FF93960701D7
:1096F000C1820D476360D70231473387E70297E79E
:10970000FD1F938727C2BA972381A7002390B70034
:10971000014582800945828013074020AA8763742F
:10972000A70093074020F1172393F1EA2385B1EABC
:109730002386B1EA8280190595654205411193851A
:1097400035C0418106C69790FD1FE780E0DE11C558
:10975000B240E95541016F40711BB2404101828026
:10976000238401EA238501EAA38501EAA38401EAAF
:10977000238201EA854717E7FD1FA303F7BA4111CA
:1097800097E7FD1F238EA7B81306000317E5FD1FFB
:10979000130545B9814506C6A38601EA239301EA6C
:1097A00023A001EA9770FD1FE780E07BEF100052D5
:1097B00017E5FD1F034505BA31C19565938545C081
:1097C00012059790FD1FE78020D717E7FD1F23277D
:1097D000A7B40DC597E7FD1F9387C7B783C71700C9
:1097E00017E6FD1F034606B78145A384F1EAA3856A
:1097F000C1EA12069770FD1FE780E076938791EA31
:1098000083C7070017E5FD1F034545BA95653E95DB
:109810001375F50F2384A1EA938555C0120597901F
:10982000FD1FE78060D123A0A1EA31C103C681EA10
:10983000120681459770FD1FE780E072938701EA69
:10984000984383C681EA814725077D56639AF600CF
:10985000B240170500001305A5D941016F10206C17
:1098600085072300C70093F7F70F4107C5B7238487
:1098700001EAA38401EAE9BF41119397050126C2D9
:1098800006C622C4C187AE8463DE070817E5FD1F44
:10989000034505A9EF701FAC2A8439C903470500A9
:1098A000930700096313F70403471500CD476319B5
:1098B000F7060345250097E5FD1F83C5959683C7E9
:1098C000A1EA93066400014601472E886319E50268
:1098D00019C22385F1EA83C7A1EA81CB854517E543
:1098E000FD1F0345E5A3EF70FFEF2285EF707F9F1B
:1098F0002165258DB240224492444101828003C6F5
:109900000600B29713F6F70F9377F80F6374B6005B
:109910009377F60F05071377F70F890605467DB78E
:109920002125E1B793F715000145E9D7EF00506D08
:1099300019C983C7A1EA81CB854517E5FD1F0345FA
:10994000259EEF703FEA13C514006DB785462A8740
:1099500063FBC60483C7150003C60500A207D18FA9
:109960002310F500639CD70083C7350083C625000C
:10997000A207D58F2311F500014582808946014554
:109980006394D70283C7350083C62500A207D58F0D
:109990002311F70083C7550083C64500A207D58F62
:1099A0002312F70082800545828091476314F602F6
:1099B00083C7150003C70500A207D98F2310F50040
:1099C00083C7350003C72500A207D98F2311F500EF
:1099D000014582800545828091476314F60283C762
:1099E000150003C70500A207D98F2310F50083C710
:1099F000350003C72500A207D98F2311F5000145C3
:109A0000828005458280A1476314F60483C7150050
:109A100003C70500A207D98F2310F50083C73500BF
:109A200003C72500A207D98F2311F50083C755006E
:109A300003C74500A207D98F2312F50083C775001D
:109A400003C76500A207D98F2313F5000145828063
:109A5000054582808947631CF60083C7150003C74C
:109A60000500A207D98F2310F50001458280054526
:109A700082808357260079714ECE06D622D426D214
:109A80004AD01307F007AE896372F70209473AC458
:109A90002316F100300093F5F50FEF100019B250C6
:109AA000225492540259F24945618280035746007C
:109AB000D9462A89328463F8E6008357660063F446
:109AC000F6006379F70023140100300093F5F90FD5
:109AD0004A85E1B70355060002C4EFF0AFFCAA8443
:109AE00059C1EFF0FF9A83C784006369F5001146FE
:109AF000A246CE854A85EF10A00855B734002686C9
:109B00009305F00F4A85EFF02FE675F1A247035752
:109B10008400DC472390E700035724002391E700EB
:109B2000035744002392E700035764002393E700A0
:109B300003D744002394E700DC4485CB93F4F90F6A
:109B40002286A6854A858297C167FD172A86E3117A
:109B5000F5FA22459947F9452300F50023029500BF
:109B6000EFF09F972DBF094661B7014651B7A9474E
:109B7000631CF60483C7150003C70500A207D98F2D
:109B80002310F50083C7350003C72500A207D98F2E
:109B90002311F50083C7550003C74500A207D98FDD
:109BA0002312F50083C7750003C76500A207D98F8C
:109BB0002313F50083C7950003C78500A207D98F3B
:109BC0002314F500014582800545828083C7050086
:109BD0002300F50083C71500A300F50083C73500F7
:109BE00003C72500A207D98F2311F5008280232205
:109BF000050003C7450089476304F70005458280D7
:109C000083D665000D47E37BD7FE9C45011106CE48
:109C100022CC26CA4AC84EC683C4170003C6070012
:109C2000A204D18C138644006311D60403C4370008
:109C300083C72700AE8922045D8C9307C4FFC20747
:109C4000C1832A89636FF70003A589002311990056
:109C500023108900F155EF40614B2322A9000145F3
:109C600031A02285EFF04FDE65F10545F2406244F8
:109C7000D2444249B24905618280397122DC2E8486
:109C8000834704004AD806DE26DA4ED619472A89C9
:109C9000B285639AE706034624002800EFF0FFD060
:109CA000AA8415E903558100EFF00FDAAA898345EC
:109CB000140015C92E8617170000130727EA340071
:109CC0009D454A85EF00903F4E85094681452D23ED
:109CD0004E85EFF0EFE3F250625426854259D2549C
:109CE000B2592161828089472310F1008357810096
:109CF0000A862311F1008357A1002312F1004A853F
:109D0000EF00B072C9BF4947639DE70203562400C4
:109D10002800EFF05FCFAA845DFD97D7FD1F83D7A2
:109D2000276199E3814445BF03471400834604003B
:109D30003C000146CA8517D5FD1F0345855F812676
:109D400059BF51476390E702035624002800EFF003
:109D5000FF90AA8449F18345140030004A85EFF052
:109D60005FD195BF59476391E70603562400280049
:109D7000EFF0BF94AA8425F1835581004A85EFF066
:109D80006FD50DC958458356A10083570700B69774
:109D9000C207C1832310F700D1D75C47C1D783C75F
:109DA000A1EAC9D3854517D5FD1F03456557EF7057
:109DB0007FA315B789473EC0835781000A86834534
:109DC00014002312F10025BF834514000A862310D6
:109DD0000100EF009065B9B75D71A6C256DA86C67C
:109DE000A2C4CAC04EDE52DCAA8A03C51500AE84E6
:109DF00032C6EFF02FC8B24501ED8144B64026448B
:109E0000268506499644F259625AD25A6161828087
:109E1000230205002311050083C9040085472A8415
:109E2000639AF90003C624002808EFF03FB2AA8421
:109E300005492DA09D476394F904034705008D470C
:109E4000E31DF7FA03C6240028080549EFF0DFB840
:109E5000AA8409E5054681452285792E2285EFF001
:109E60004FE9034584003C080147CE862686D68507
:109E70003924E30509F82285EFF08FC941B7CD47B2
:109E8000639DF900034705009147E318F7F603C601
:109E900024002808EFF01FBC59BFD547E39FF9F411
:109EA000034A05008947E31AFAF403C62400280888
:109EB0000549EFF0DFCBAA8455F183570102BDE3DA
:109EC000035781011306F0035C44930607FCC206A6
:109ED000C182636CD6000356A101D94663F7C60060
:109EE0008356C101D94563EFD50003552400239162
:109EF000E7000549EF00905403560102D285228500
:109F0000712CA9BF8355E1012391E7002392C7007B
:109F10002390B7002393D70085472300F400014A1C
:109F20000149D9BF014AC9BF7971AA8522D426D275
:109F300003542500AA84280806D6EFF05FCBF2452B
:109F400099E535E985452285EFF0CFEEC1A083572D
:109F500081011547639BE7060357A1018D4763FC09
:109F6000E7046800EFF09FC60357E100DD4763FC9C
:109F7000E7008345D100B707170085071008228541
:109F80003EC8EF00904A8357E1000357A1019107B3
:109F90006305F7002285EFF02FE98347C100724681
:109FA0006C00858B1106228591CFEFF0FFE201C591
:109FB0002285EFF06FE7884451D59780FD1FE78039
:109FC000C06449B7EFF07FCBDDB711476389E70085
:109FD0001387A7FF42074183854663EEE6023147B8
:109FE000F117B387E70217D7FD1F1307A733BA97F7
:109FF00003D7070069D303C527003008A2850D20C9
:10A000005DF9035781019147E31EF7F2B2502254E4
:10A010009254456182802C082285892E49FDFDB726
:10A0200001114AC82A89314526CA06CE22CC2EC63D
:10A03000B284EF70CFAD31C1B2459307000A23104F
:10A04000F5002311B5002A84214611058DC0A6858F
:10A050009770FD1FE780A0EDA2854A85EF70AFB62F
:10A060000145F2406244D244424905618280814503
:10A070009770FD1FE78020EFC5B70545DDB7797103
:10A0800026D2AA841305000206D622D42ECE32CCC4
:10A0900036CA3AC83EC6EF708FA731C96246F2454C
:10A0A0004247D246B2472A84130520FA2300A4006F
:10A0B000A300C4002311B4002302E400A302D400CF
:10A0C00013058400614691CFBE859770FD1FE78020
:10A0D00000E6A2852254B2502685925445616F70E5
:10A0E0008FAE81459770FD1FE780E0E7DDB7B25086
:10A0F00022549254456182805845797122D406D603
:10A100002A84AE8651C383572700231DF10093078D
:10A110002006639FF504938761EA03D607008357FF
:10A1200067006373F600B28713F6F70F83552701B4
:10A13000834707018D8F93F7F70F81E5890793F721
:10A14000F70FB297FD17B3C7C702231EF10083575D
:10A1500024008355640003458400231CF10001475B
:10A160003C080146EFF0BFF1B250225445618280B5
:10A170000347C70197D7FD1F9387471A9C431207D0
:10A18000BA9783D76700D1B72EC6194681452808EC
:10A190009770FD1FE78020DDB24655BF797122D44C
:10A1A00006D626D22A848DC1814701479306000630
:10A1B0002E868355640003458400EFF05FECB250B7
:10A1C0002254925445618280B28428005946977087
:10A1D000FD1FE78040D92314910089E883572400AC
:10A1E00048446C002315F100EFF02FA23C0001471A
:10A1F00093060006014675BF797106D6814799ED31
:10A200008357250058452316C1002314F1003C0054
:10A2100011C7835727002315F1003C002E86835574
:10A22000650003458500014793060006EFF03FE512
:10A23000B25045618280411122C406C683470500A1
:10A2400011472A846395E7022E86835565000345EE
:10A25000850081470147CD46EFF07FE249468355AF
:10A2600064002244B240154541016FF08F9413F70A
:10A27000B70F89466317D7000146EFF03FF251460A
:10A28000F9BF0D476398E7002244B24001464101FF
:10A290006FF09FF6B24022444101828083D70500CF
:10A2A0003147F1173387E70297D7FD1F9387870759
:10A2B000BA97D84319EBD8412395A7000145D8C3D5
:10A2C00003D725002394E700828059458280797165
:10A2D00022D4404526D24AD006D6AA842E8925C04B
:10A2E000484419C59780FD1FE780203223260400CB
:10A2F0008357040083D5640003C584002315F1004F
:10A30000835724000147930640062316F100835724
:10A3100084004A862317F1001C483EC883D72400D6
:10A320002314F1003C00EFF09FD5A30E2401232855
:10A330000400B25022549254025945618280280090
:10A34000314681459770FD1FE780E0C183D7240027
:10A3500083D5640003C584002314F10001473C0049
:10A36000930640064A86EFF09FD1E1B7797152CC4F
:10A370002A8A03D5050026D206D622D44AD04ECE4C
:10A3800056CAAE84EFE05FEC19E1854749A040452D
:10A39000AA8965DC83576500E39947FF83578400EA
:10A3A000638907128346C40197DAFD1F938A0AF76F
:10A3B00003A70A009206FD173697C20703576700E6
:10A3C000C1832314F4006316F70093053006EFF001
:10A3D000BFD25C48A5EFC84003491500834705007C
:10A3E00022093369F90083D7240013072900631A6F
:10A3F000F702F955EF309151C8C02391240103C5EC
:10A4000089002686D285EFF0BFC1814721E1B25095
:10A41000225492540259F249624AD24A3E85456119
:10A4200082809565938515C04A859780FD1FE780DA
:10A43000A01048C8C840231C2401F955EF30114D25
:10A4400083D72400C8C0F9172391F400484859C5A0
:10A4500003D624008356A401835784013308D60011
:10A4600063C007090347C40183A70A009545120783
:10A47000BA9783D7270063CF0705CC4036959770EE
:10A48000FD1FE780C0AA0357A40183D72400BA9711
:10A49000C20703578401C183231DF400E397E7EE4D
:10A4A00003D7290003C5890030002314E100584870
:10A4B000D2852315F1003AC6EFF09FB611C5484882
:10A4C0009780FD1FE7806014232A0400232C0400DA
:10A4D0006DBD99454E85EFE09FE845BDA545DDBFC3
:10A4E0009145CDBF03D7250069CF83D661EAED47FB
:10A4F00063EAE60C011122CC2E8426CAAA844840C5
:10A50000914506CEEF30914083572400AA86230060
:10A51000F50083572400A183A300F50083570400AE
:10A520002301F50083570400A183A301F50003561E
:10A530002400C167F9171106420641826396F404AC
:10A540002AC4314532C6EF609FDCAA85CD471DC5C0
:10A55000930700F93246A2462300F500F95723116C
:10A56000F50089472302F5002313C50014C517D54C
:10A57000FD1F0345E5DAEF601FE58147F2406244C5
:10A58000D2443E850561828081452685EF40102EAC
:10A59000AA8701E903C7A1EA75D37D172385E1EAFC
:10A5A000F1BF09476302E5021D476301E502494720
:10A5B0006300E5027D47E313E5FC03C7A1EA814799
:10A5C000E1BFED473E858280D1474DBF91477DB7C2
:10A5D00089476DB7011122CC4AC831441309C5FF20
:10A5E0003304890297D7FD1F9387C7D306CE26CAA7
:10A5F0003E94584031C783C6A1EABE84854795CAB8
:10A600002314A100835784000355A4002C003AC6EC
:10A610002315F100EFF01FED11C548409780FD1F95
:10A62000E780A0FEB147B307F902A69723A207006F
:10A630008547F2406244D24442493E8505618280AA
:10A640008147C5BF797126D24445138761EA4AD054
:10A6500083D764000359070052CC06D622D44ECECD
:10A6600056CA2A8A63F327013E8903D72401420987
:10A670001359090183D7040141CB998F4A8463D5CB
:10A68000270113940701418089452285EFF0AF8AA5
:10A69000AA89CD4A25C183D724002AC62315810063
:10A6A0002314F10083D7240185E383D704019309A0
:10A6B00025002300F50083D70401A183A300F50042
:10A6C0006376240503D4040183D72401CC44228675
:10A6D0004E85BE959770FD1FE780608503556A0023
:10A6E0002C00EFF03FE0AA8A15C54E859780FD1F2C
:10A6F000E780A0F1B2502254568592540259F24993
:10A70000624AD24A4561828089078DBF791442042A
:10A7100041805DBF03D7240183D704003A94FD171D
:10A72000C207420403D70401C18341802390F4008F
:10A73000239984006377E400D5FFFD57A38EF400CE
:10A7400055BF81455285EFF09FB86DB701114EC6D8
:10A7500083C9D1EA22CC52C456C25AC006CE26CAF8
:10A760004AC84E84138A01EA854A130BF00F8327E7
:10A770000A0093144400BE9403C9040063175907E8
:10A78000DC44A5C7D84735C303D7070039C383C7FF
:10A79000A1EA89CF2685EFF0FFEAAA8515E5050431
:10A7A00083C791EA635FF400A38681EAF2406244C2
:10A7B0004A85D2444249B249224A924A024B056133
:10A7C0008280A38601EADDB72685EFF05FB00149FC
:10A7D000F1BF83C7D701639A6701930520062685D9
:10A7E000EFF09F91DC44A38E070005041374F40F6F
:10A7F00083C791EA6363F4000144E31A34F7C1BFED
:10A800004111154506C6EFF0FFDC09C50545B2400C
:10A81000410182801945EFF0FFDB6DF91145EFF042
:10A820007FDB6DF51D45EFF0FFDA6DF183C791EA2F
:10A83000F9DFB24041016FF07FF183D705000D478A
:10A84000F117C207C1836361F706DC41B1CF411143
:10A8500022C42E84854526C206C6AA84B92739C5D6
:10A8600026859525C167F917638FF40009ED835795
:10A87000240091CB835604001947639FE60203D757
:10A8800061EA63FBE70283C7A1EAA285268599C72F
:10A890002244B240924441016FF0DFC42244B240EE
:10A8A000924441016FF09F9F094582805145B2401B
:10A8B00022449244410182806D45D5BF397126DA28
:10A8C0004ED6AA84AE895D4589454AD806DE22DC8B
:10A8D000328936C63AC4EFE01FE625C522472A84EE
:10A8E000014511C7B24613054400B6850297935738
:10A8F000850023003401A30024012301A400A30147
:10A90000F40011059547231DA100231CF10022CE60
:10A9100083C7A1EA2C08268595C3EFF0BFBCAA84A3
:10A9200011C522859780FD1FE78020CEF25062542A
:10A9300026854259D254B25921618280EFF01F9688
:10A94000F9BFCD44E5B7797126D24AD052CC56CA68
:10A9500006D6BA8A22D44ECE19472E89B284368AB8
:10A960006391E508035526000944EFE0FF8D2AC6F0
:10A9700049C15C458359650083D727002390F400C3
:10A98000B24715472380570117D6FD1F0346569936
:10A990002391E700130716001377F70F97D6FD1FD3
:10A9A000A380E6982382C70011E7054797D6FD1FCD
:10A9B000A388E6965147631AE90015472391E400FE
:10A9C000DC4703D784002394E7005287A686CA8514
:10A9D0004E85EFF0BFEE2A84324515C4EFE05F9359
:10A9E00009A842867400BE85AA89EFE0EFF72A84A1
:10A9F00041D92285B250225492540259F249624AF6
:10AA0000D24A45618280F945EFE01FADDDB783D7BB
:10AA100005002300F50083D70500A183A300F500FE
:10AA200083D725002301F50083D72500A183A30147
:10AA3000F5001145828083D705002300F50083D7F8
:10AA40000500A183A300F50083D725002301F500AD
:10AA500083D72500A183A301F50083D745002302F6
:10AA6000F50083D74500A183A302F50083D76500D5
:10AA70002303F50083D76500A183A303F5002145D7
:10AA8000828083D705002300F50083D70500A183CA
:10AA9000A300F5000945828083D705002300F50057
:10AAA00083D70500A183A300F50083D725002301E8
:10AAB000F50083D72500A183A301F50083D74500C6
:10AAC0002302F50083D74500A183A302F50083D7B5
:10AAD00065002303F50083D76500A183A303F50078
:10AAE00083D785002304F50083D78500A183A304C1
:10AAF000F5002945828003D705008546AA872300F3
:10AB0000E50003D705002183A300E50003D7050076
:10AB1000631DD70003D725002301E50003D72500D7
:10AB20002183A301E5001145828009456315A70231
:10AB300003D7250019452381E70003D7250021838A
:10AB4000A381E70003D745002382E70003D7450030
:10AB50002183A382E700828083D705002300F500CC
:10AB600083D70500A183A300F50083D72500230127
:10AB7000F50083D72500A183A301F500114582804C
:10AB8000797126D24AD04ECEB2842A89AE8929461E
:10AB90008145480022D406D636849760FD1FE780A1
:10ABA000803C2316910095EC835724002312F1007A
:10ABB000938761EA83D707002314F1005C4495C3AF
:10ABC00083C6C70117C7FD1F1307477518439206B1
:10ABD00083D787003697035727002315F1002313E7
:10ABE000E1004A8517070000130747EB540013F6EE
:10ABF000F90FD545EFF09FCC2A8911C19DE085471B
:10AC00002300F40023020400014681452285EFF071
:10AC1000EFD8B25022544A8592540259F249456104
:10AC200082802285EFE0CFEEEDB7B28617070000F5
:10AC30001307A7EC2E8685456FF05FC80111231717
:10AC4000A1004165700001489307F00F0D4797067A
:10AC50000000938606DC99457D1506CEEFF0BFCE49
:10AC6000F24005618280B28701482E86114797061F
:10AC70000000938686DCC9456FF0FFCCB2861707CB
:10AC80000000130747E02E86CD456FF03FC301114A
:10AC900022CC26CA4AC84EC606CE2A89AE8917C417
:10ACA000FD1F1304A46B97C4FD1F9384246E1C40E6
:10ACB00081C7CE854A8582971104E31A94FEF2403B
:10ACC0006244D2444249B2490561828017C5FD1FE2
:10ACD0000345B55593773500098117C7FD1FA307B5
:10ACE000F76CAA9717C7FD1F2302F76CD9C313058A
:10ACF000C0033385A702A5654111850506C6978067
:10AD0000FD1FE780608397C7FD1F23A7A7649307F4
:10AD1000C00317C6FD1F034666693306F602814568
:10AD20009760FD1FE780202497C7FD1F9387C762A8
:10AD30009C4397C6FD1F83C66667014789077D56FA
:10AD4000634FD700B24013060003814517C5FD1FAE
:10AD50001305C56041011763FD1F6700C3202390E1
:10AD6000C7002381070023A5070205079387C703B0
:10AD7000C1BF828097C7FD1F9387075E984317C6A0
:10AD8000FD1F0346A66281476315F600814636859E
:10AD90008280BA861307C703835567FCE389A5FE43
:10ADA000850793F7F70FCDB7011122CC2EC632C419
:10ADB00006CE2A84EFF01FFC2246B24511E9C16796
:10ADC000F9176303F4005145F24062440561828043
:10ADD00054558347450095C213F727014145631435
:10ADE000A700154575F2C18B3D45F9DF83C7A60164
:10ADF0000145E3FBB7FC3145C1BFC18B0145E9F714
:10AE00001545D9B7797126D2C16422D44AD04ECE25
:10AE100052CC56CA06D62A89014497C9FD1F938988
:10AE2000A953130AC003FD14854A97C7FD1F83C7A2
:10AE3000E7576364F400014535A8B307440303A74B
:10AE40000900BA9703D72700631697000504137407
:10AE5000F40FE1BF03C55700300093856700EF1082
:10AE6000E1611946CA8528009760FD1FE78020151B
:10AE7000E31E55FDB250225492540259F249624ADF
:10AE8000D24A4561828097C7FD1F9387E74CC16610
:10AE9000984397C5FD1F83C565518147FD1663958E
:10AEA000F500014632858280035827003A86630602
:10AEB000D80003480700E307A8FE850793F7F70FBC
:10AEC0001307C703E9BF411106C6EFF0BFEA11C57A
:10AED00003554501B240410182800145E5BF97C756
:10AEE000FD1F93876747984397C6FD1F83C6064C8F
:10AEF0008147110701456393F600828003460700EE
:10AF000001C605051375F50F850793F7F70F1307AE
:10AF1000C703D5B717C5FD1F03454549828017C72D
:10AF2000FD1F1307A7438147BA8631460C4391E5BD
:10AF30008A07B69788C30145828085071107E39782
:10AF4000C7FE4D458280411106C622C4EFF09FE244
:10AF50001DCD2A84035525008545EFF05FD3485465
:10AF600009C59770FD1FE780406A22851306C0035C
:10AF700081459760FD1FE78000FFFD572311F40016
:10AF8000230204000145B240224441018280094568
:10AF9000DDBF411106C6EFF0FFDD11C50345C50059
:10AFA000B240410182800145E5BFC167F9176304E2
:10AFB000F502411122C406C62E84EFF0BFDBAA873A
:10AFC000014591C703C54700698C33358000B24005
:10AFD00022444101828005458280011106CE2EC6A1
:10AFE000EFF05FD9854711C903574501B245854741
:10AFF0006305B700231AB5008147F2403E8505611D
:10B00000828021CD01114AC8416922CC26CA4EC690
:10B0100052C406CE0144AA8497C9FD1F9389C9333F
:10B02000130AC0037D1997C7FD1F83C72738634ADA
:10B03000F400F2406244D2444249B249224A0561D6
:10B0400082803305440383A709003E95835725007A
:10B050006383270182940504F9B7828097C7FD1F97
:10B060009387872F9C43C16617C6FD1F034606348E
:10B07000890701450147FD1691456313E60082806B
:10B0800003D807006309D80003C8A7006315B800F8
:10B0900005051375F50F05071377F70F9387C7039A
:10B0A000E9BF97C7FD1F9387272B944317C6FD1F42
:10B0B0000346C62F0147910681476310E602858348
:10B0C00093C7F7FFC207C18305456364E50285475F
:10B0D0003395A70042054181828083C5060081C562
:10B0E00083D5C602CD8F05071377F70F9386C60366
:10B0F000E9B793F61700E1FE050585831375F50F93
:10B10000E9B7797156CAAA8A2E8526D24AD04ECE80
:10B1100052CC5AC85EC662C406D622D4AE84328BE4
:10B12000368CBA8B3E8AC2894689EFF0BFC449E1AA
:10B1300041657D15EFF01FC42A84554531CC194671
:10B14000DE8513056400A30284019760FD1FE7807C
:10B1500000DE8357010323119400230264012319A5
:10B16000F400835741032300540123260402231AC9
:10B17000F400230644012317340123182401EFF0BF
:10B180005FF22318A402232A04022685232C04023A
:10B190008145EFF0DFAF0145B2502254925402597D
:10B1A000F249624AD24A424BB24B224C45618280FC
:10B1B0004545DDB797C7FD1F9387071A984397C684
:10B1C000FD1F83C6A61E81476395F60041657D1568
:10B1D00082803A861307C703835547FF6395A5000E
:10B1E000035526008280850793F7F70FF1BF97C7B5
:10B1F000FD1F938767169443416617C8FD1F0348D8
:10B20000E81A01477D16954811436314E80001458B
:10B21000828083D7260036856380C704CC5A8DCDC3
:10B2200083C7350083C5250089CD938597FD93F5A8
:10B23000F50FE37FB3FC9387D7FA93F7D70F89EF26
:10B2400082809385F7FD93F5F50FE3F3B8FC9387C0
:10B25000D7FA93F7D70FCDDF05071377F70F93864C
:10B26000C60365B797C7FD1F9387070F41669843CD
:10B2700097C5FD1F83C5851381477D1625486394B7
:10B28000F50001458280835627003A85638CC6000D
:10B29000545B89CA83C636009386E6FD93F6F60FA3
:10B2A000E372D8FE850793F7F70F1307C703C1BFF3
:10B2B000011122CC2A84494506CEEF800FBF15C16B
:10B2C0002AC62285EFF01FAB09CD62443246835572
:10B2D0000503F24017C5FD1F0345F50C05616F60BE
:10B2E000AFE2F24062440561828039714ED652D499
:10B2F000AE892A8A93053005414526DA4AD856D2C6
:10B3000006DE22DC32C63689BA8A9770FD1FE780D6
:10B31000A022CD4431C92A8489446382090432467B
:10B320008145231AC10041469760FD1FE780A0C3F5
:10B330005686CE8522859760FD1FE78040BF214657
:10B34000630E0902CA8528089760FD1FE78020BEAA
:10B35000A28650082C085285EF30F048AA84228536
:10B360009770FD1FE780602AF2506254268542598B
:10B37000D254B259225A925A2161828081452808BA
:10B380009760FD1FE78020BEE1B7411122C44059FC
:10B3900026C206C6AA8429CC085409C59770FD1F89
:10B3A000E780A026285809C59770FD1FE780E02593
:10B3B000685809C59770FD1FE7802025285C09C5DE
:10B3C0009770FD1FE7806024685C09C59770FD1FBA
:10B3D000E780A0230325040809C59770FD1FE780B7
:10B3E000C02222859770FD1FE780202223AA040235
:10B3F000224483D50403B240924417C5FD1F034580
:10B4000095FA41016F606FF1411126C206C622C450
:10B41000AE84EFF03F9621C54C592A84A9C183A878
:10B42000C50703A88507FC59B85983C6650003D62C
:10B43000050083C525002685EF804FAF2285EFF0FC
:10B44000DFF4EFF03FE201CD2244B240924417C551
:10B45000FD1F034555F5854541016F60AFB8B2400A
:10B460002244924441018280011122CC06CE2A84DA
:10B470002EC6EFF03F905C5991CF83D70700B245BD
:10B48000639A870085476397F5006244F24005613F
:10B490006FF0BFEFF240624405618280411106C641
:10B4A00022C426C2EFF0BFD429C14059AA8415CCCA
:10B4B0008347240085CB938741EB9C4389C7DC43BA
:10B4C00099C322858297034734009307F002631ED5
:10B4D000F700224403D52400B24092448145410143
:10B4E0006FF09FF2938781EBC9BFB2402244924430
:10B4F00041018280411126C24AC006C622C4AA84E4
:10B500002E89EFF03F8731C1405945CC8357040065
:10B510006399970A83473400130710026399E70879
:10B5200083472400D1C37C540327040883D74701F1
:10B5300005E713F717000DC3185403574700058B91
:10B5400001CF93072002A301F400B24022449244A9
:10B55000024905454101828013F7270009CB1854A1
:10B5600003574700098B01C793074002E9BF918B3E
:10B5700089CB1C5483D74700918B81C79307600206
:10B58000D9B7938741EB9C43E9D3DC43DDDF2285C8
:10B590008297034734009307F0028145E317F7FAD7
:10B5A0002685EFF07FE655B7938781EBE9BF130758
:10B5B000A0026398E7006304090013092003CA8509
:10B5C000C5B7631C09002685EFF0CFFA19C583477C
:10B5D000450093E707012302F500A6854A85EF7031
:10B5E0001FA9A5B7797126D29947231DB100AA8456
:10B5F0002E858D4522D406D632C636C4231CF100D2
:10B60000EFE06F932ACE4D441DC13246A246AA8573
:10B61000328582962A8419E52C082685EFF0EFA161
:10B620002A8411C572459770FD1FE78000FE2685AC
:10B63000EFF01FC82285B250225492544561828097
:10B64000411122C42E862E8497260000938686916F
:10B65000894506C626C24AC02A89EFF0BFF883454D
:10B660000400AA844A85EFF03FDAB24022442685DE
:10B670000249924441018280938781EB9C4395CBA0
:10B680009C4385CB1D71A2CC86CE984110082A849C
:10B690003AC8D84185453ACA829701C92306A10014
:10B6A000035524006C00EFF0BFF9F64066442561B5
:10B6B00082808280AE8715C5785505C7834607000E
:10B6C0002380D50083461700A380D5008346270139
:10B6D0002381D50083468701584BA381D500D8C16B
:10B6E0008280414681453E851763FD1F6700A38721
:10B6F000938741EB9C4391C703A387006303030037
:10B7000002830945828017C7FD1F130767D31843BB
:10B710001DC75843AA8705450DC703A50708411152
:10B7200006C6930605021306050C930505061305C8
:10B7300005040297B2401375F50F4101828005455B
:10B74000828082804DC9357122CD2A84035505003F
:10B7500026CB4AC94EC756C306CF52C55AC1DEDEF4
:10B76000B68AB2892E89EFF0EFE0AA8439C50C18A9
:10B770002285EFF03FF483472400138A6400A9CBAD
:10B78000EF704FE82A8B014583CB5400EF704FE5F3
:10B79000AA840C100818EF10605E08542C10EF10EB
:10B7A000805ED288268A56C05E88D2875A87141057
:10B7B0003010CE854A85EF20B019FA406A44DA4449
:10B7C0004A49BA492A4A9A4A0A4BF65B0D61828075
:10B7D000EF704FE3AA8B014503CB5400EF704FE0AD
:10B7E0002ACE08540C10EF1060592C100818EF10D6
:10B7F0008059F2484DBF8280C14709CD1455C147D9
:10B8000091CA785501CB83C73600BD4663F4F60074
:10B81000834787013E8582808947630905106387D6
:10B820000510411106C622C426C2834715002E8486
:10B830002380F50083472500A380F500834735006A
:10B840002381F50083474500A381F5008347550018
:10B85000858B9396870083D7450093F7F7EFD58FB5
:10B860002392F5008346550093F7F7DFA20693F67F
:10B870000620DD8E2392D5000347550093F6F6BFD0
:10B88000220713770740558F2392E5008347550021
:10B89000FD769386F67F8D87858B758FAE07D98F62
:10B8A0002392F50083466500F99B858ADD8E2392FD
:10B8B000D500034765009377270013F7D6FF5D8F08
:10B8C0002392E5008347650093F647009377B7FF1F
:10B8D000D58F2392F50003476500DD9B4D45218BF5
:10B8E000D98F2392F500EF705FDCAA845145EF7089
:10B8F000DFDB0347340093F4F40FC9476362970218
:10B900001375F50F636EE500834604001147E147A8
:10B910006368D7008346140005476363D7008147F7
:10B92000B240224492443E85410182803E8582801D
:10B9300015C1AA8709458DC141112E8541469385C0
:10B94000170006C69750FD1FE780605EB2400145B4
:10B950004101828009458280828089471DC595C545
:10B96000411106C603471500AE8719462380E5003E
:10B9700093052500138517009750FD1FE780205B76
:10B98000B24081473E85410182803E85828015C15B
:10B99000AA8709458DC141112E854146938517001F
:10B9A00006C69750FD1FE7808058B240014541010F
:10B9B000828009458280828089471DC995C94111CD
:10B9C00006C60347250083461500AE872207558F1C
:10B9D0002390E500214693053500138527009750F5
:10B9E000FD1FE780C054B24081473E8541018280FF
:10B9F0003E85828015C1AA8709458DC141112E85DA
:10BA000041469385170006C69750FD1FE7802052D8
:10BA1000B240014541018280094582808280894788
:10BA200019C991C903471500BD46E14763E5E60022
:10BA30002380E50081473E85828015C1AA8709459C
:10BA40008DC141112E8541469385170006C697503A
:10BA5000FD1FE780C04DB24001454101828009458C
:10BA60008280828015C1AA8709458DC141112E852A
:10BA700041469385170006C69750FD1FE780204B6F
:10BA8000B2400145410182800945828082801DC10A
:10BA9000AA87094595C141112E8513060004938597
:10BAA000170006C69750FD1FE7806048B240014569
:10BAB0004101828009458280828015C1AA8709459B
:10BAC0008DC141112E8541469385170006C69750BA
:10BAD000FD1FE780C045B240014541018280094514
:10BAE000828082801D71A2CC2A84084586CEA6CA97
:10BAF000230601008344050035479387F4FF93F73D
:10BB0000F70F636AF70C17B70100130767618A071D
:10BB1000BA979C43BA9782870C08EFF0FFCFC947CA
:10BB20006312F50299472306F100035524006C00C7
:10BB3000EFF01FB1F6406644D644256182800C08C0
:10BB4000EFF05FEB29C98347C100E5F303552400FB
:10BB5000EFF00FF6C5B70C08EFF03FEEE5B70C08B5
:10BB6000EFF0FFEBC5B70C08EFF09FDCE1BF0C086E
:10BB7000EFF09FE4C1BF0C08EFF07FE1E1B70C08E4
:10BB8000EFF0BFDDC1B70C08EFF0DFED65BF834715
:10BB900015002308F10003552400EFF0AF9DA147E5
:10BBA00005C10347C500631AF702938741EB984329
:10BBB0009D4719C7184309C71008A6850297AA8789
:10BBC0002306F10049B70C08EFF07FECA5BF0C0885
:10BBD000EFF0BFEE85BF9D47B9B7938781EBC1BF3B
:10BBE000011122CC06CE26CA4AC84EC6034705001C
:10BBF000930720092A846317F712834715003947F2
:10BC00006391E70A8356450009676107814763939B
:10BC1000E610938901EB03A50900CE84630C050EA1
:10BC20000C4403C90500631E090083470500850510
:10BC30002146A9CB29059750FD1FE780402F9C4046
:10BC4000B9CF4945EF50AFEC2A840DC5930710FCDE
:10BC50002300F500A30025018C4009054146890514
:10BC60009750FD1FE780A02C9C40A28503C51700BC
:10BC7000EF506FF588409770FD1FE780009923A86B
:10BC800001EA31A809059750FD1FE780402AEF30EF
:10BC9000403505494DF583A70900238027018547D5
:10BCA00095A81307E003639DE70803472500954720
:10BCB000631EF70203554500EFF0AFAD9147E31067
:10BCC000F5FE938781EB9C43F9DB03A38700E30830
:10BCD00003FC0356E40003554400930564006244EA
:10BCE000F240D2444249B24905610283A147631E32
:10BCF000F70083456400035544006244F240D24497
:10BD00004249B24905616FF0EFFE93060003814797
:10BD1000E301D7FEF2406244D2444249B2493E8533
:10BD2000056182809306000A8147E315D7FEEFF094
:10BD30007FDB08442DD59770FD1FE780008D85B708
:10BD40008147C9BF011126CA06CE22CC89441DCD28
:10BD500095CDAA842E8468008D45EF609FD98347D6
:10BD6000E1002685228693F7F70393E707046C002A
:10BD70002307F100EF20C034AA8409E90D466C00C6
:10BD8000130534009750FD1FE780601AF2406244AB
:10BD90002685D244056182805D714EDE86C6A2C4CE
:10BDA000A6C2CAC052DC56DA5AD85ED6894945CDF9
:10BDB0005DCA138B4500420B135B0B01AE8A2A8AC6
:10BDC000930530055A85B2849760FD1FE780C076E1
:10BDD0002A84CD4949C9EF700F852A895686D285B4
:10BDE000935A8900135A0901937BF90F13054400F4
:10BDF00093FAFA0F137AFA0F135989019750FD1F1E
:10BE0000E780C01EA301740123015401A300440173
:10BE100023002401EF706F80AA85414608089750DF
:10BE2000FD1FE780A01C214734005A86A285080820
:10BE3000EF20A04FAA891DE121462C002380740128
:10BE4000A380540123814401A3812401138544006C
:10BE50009750FD1FE7808019EF60DFFD2285976016
:10BE6000FD1FE780807AB64026444E8596440649F9
:10BE7000F259625AD25A425BB25B6161828001110F
:10BE80004AC82A892E8506CE22CC26CA2EC6EFE0C5
:10BE90007FEE69C5405969C4834754000947B245DC
:10BEA00093F6B70F6386E600114749456392E708AA
:10BEB000835704000945639DB706930484004146F7
:10BEC000CA8526859750FD1FE78060064146CA85D2
:10BED000130584019750FD1FE78060050347340078
:10BEE00085469307F7FE93F7F70F63E9F604130609
:10BEF000C4033285C14532C6EF60BFBF32469306E8
:10BF0000C402A6852285EFF0FF838347240089CBF6
:10BF100022856244F240D244424905616F10800D8F
:10BF200003473400C947E305F7FEA301F4000145C8
:10BF3000F2406244D2444249056182809307100571
:10BF40000145E317F7FE83472400FDD322856244B1
:10BF5000F240D244424905616F1040100945C9BF03
:10BF60004945F9B729CD011126CA06CE22CCAA84AB
:10BF70000945A9C10D4628002E848D059750FD1F47
:10BF8000E780E0FA8347A10070002C0093F7F703E5
:10BF900093E7070426852305F100EF20601219E9D5
:10BFA0000D46A28568009750FD1FE78040017D1572
:10BFB0003335A000F2406244D244056182800945D5
:10BFC0008280011152C42A8A32854EC656C25AC096
:10BFD00006CE22CC26CA4AC82E8BB28AB689EFE09A
:10BFE0007FD909ED8944F240624426854249D24412
:10BFF000B249224A924A024B056182805C592A89E1
:10C00000C544F5F34D45EF704FEA1374F50F5145F4
:10C01000EF70AFE9E38809FC83C78901E3E487FC9B
:10C020001375F50FE360F5FC930530051305400823
:10C030009760FD1FE7804050232AA9022A84CD443F
:10C040005DD11306400881459750FD1FE780A0F1A0
:10C05000A3010400230144012302640123105401BD
:10C060002326340723240402A30204008144E30CA2
:10C070000AF62285EF001072AA8435D54A85EFF0C2
:10C08000CFB095B7397122DC06DE26DA4AD84ED613
:10C0900052D456D25AD05ECE62CC66CA0944630BE3
:10C0A000061063090710AA8B3A89368BB28A2E8C48
:10C0B000EFE05FCC2A8A5144630E050E93053005EC
:10C0C00041459760FD1FE7802047AA894D447DC107
:10C0D0008344190083472900A204C207BE94834702
:10C0E0000900BE9483473900E207BE9483278A0281
:10C0F00063E697007D5709446399E70A63070C00DC
:10C1000083474A000544898BCDC3930C4B002146DD
:10C1100081450A85C20C9750FD1FE780C0E493DC7F
:10C120000C019305300566859760FD1FE780C040D0
:10C130002A8C4D443DC95A86D68511059750FD1F5E
:10C14000E780C0EA1146CA8562859750FD1FE780E7
:10C15000E0E9414693058A014E859750FD1FE7802F
:10C16000E0E821478A866686E2854E85EF20E01B5F
:10C170002A841DE521468A8528009750FD1FE78007
:10C18000E0E621469305490028009750FD1FE7800F
:10C1900000E38547631EF502A6855E85EF701F8765
:10C1A00062859760FD1FE78040464E859760FD1FC2
:10C1B000E780A0452285F2506254D2544259B259C8
:10C1C000225A925A025BF24B624CD24C216182801D
:10C1D0000544F9B779719397050122D406D626D282
:10C1E0004AD04ECEC1872E8463D5070417B5FD1FF4
:10C1F0000345751BEF500F962AC605C1EFF05F9EF1
:10C20000B24509E917B5FD1F0345E5199307F00F7E
:10C21000631EF5002E85EF50CF8C2165218DB25025
:10C22000225492540259F24945618280EF50AF99ED
:10C23000EDB793F7150091C7EFF04FA61345140023
:10C24000F9BFA1E10145E1BF850493F4F40FEFE0EC
:10C250007FCCE3F9A4FE3395990013190501135916
:10C260000901B3772401EDD34A85EFE0BFF4C1673C
:10C27000FD176305F500DD45EFF00F993345240107
:10C2800079BF85448549E1B723A801EA23AA01EAD9
:10C2900023AC01EA97B7FD1F93870710170700002B
:10C2A0001307A76098C31707000013070731D8C307
:10C2B00017F7FFFF1307A70398C797B7FD1F9387CB
:10C2C000E70C171700001307E75898C3171700006B
:10C2D0001307470ED8C3171700001307473C98C72A
:10C2E000828097B7FD1F83C7270CA18B17B7FD1F4F
:10C2F0001307870A91E3014723AAE1EA01458280F7
:10C3000097B7FD1F83C7470A918B17B7FD1F130708
:10C31000E70791E3014723ACE1EA0145828001117F
:10C3200006CE2AC6EFF05FF63245994597B7FD1F56
:10C33000A38BA706EFD04FBBF24017F5FFFF130505
:10C34000E51205616FE0BFBD1C5581C7A1473E8561
:10C350008280011122CC26CA2A84AE8413050004EF
:10C360009305300506CE9760FD1FE780E01C08D4DA
:10C370006305051013060004A6859750FD1FE7808E
:10C3800000BB78548347270193F68700638E06101D
:10C39000145483C62600A18A6388061083270408E4
:10C3A000E9EF93053005130500109760FD1FE78046
:10C3B000A0182320A4088D4771C1A302040078545B
:10C3C00083C714008346170081EF81EE83C72400E2
:10C3D000918BDDEB83472701918BDDE7854711A822
:10C3E00089C62147A302E40099C78347540093E715
:10C3F0000701A302F4006C5483C72501858B91CFFC
:10C400001C54054783C727008D8B6398E70083473B
:10C41000640093E717002303F4008327040899C7F7
:10C420008347640093E787002303F40083475400A5
:10C4300005476393E70C93048400414681452685B4
:10C440009750FD1FE78020B24146814513058401C6
:10C450009750FD1FE78020B11306C4033285C14504
:10C4600032C6EF600FE9832704083246BDC7228534
:10C47000EF00D03E9307000525CDA147F24062446E
:10C48000D2443E850561828083C70400834607004D
:10C4900015473387E70297B701009387A7CDBA976F
:10C4A000B69783C70700B1B783C6140091C6834609
:10C4B000170099C2E14735BF83C62400D58F918B01
:10C4C00091DF83C704008346070015473387E702DF
:10C4D00097B70100938747C8D9B79306C402A685CA
:10C4E0002285EFF02FA62285EF00D030C14751F50D
:10C4F000A301F400814759B713F787013DCFC18BE2
:10C50000930484004146B9C7890526859750FD1FCD
:10C51000E780E0A141468145130584019750FD1F46
:10C52000E78060A4834764001306C403328593E761
:10C5300047002303F400C14532C6EF608FDB832739
:10C540000408324699CF2285EF0050319307200529
:10C5500045D125B7814526859750FD1FE780A0A0CE
:10C5600055BF9306C402A6852285EFF0AF9D2285B4
:10C57000EF005028CD472DDD09B709478545638A6F
:10C58000E700114789456386E70019476397E7008D
:10C590008D4503550400EF702FB28347640093E785
:10C5A00047002303F4008327040881C7930710057D
:10C5B00081B7C54735BF8347250063810726797159
:10C5C00022D406D626D24AD0834735001307500519
:10C5D0002A846390E708034975001306C503C14523
:10C5E00093573900AA97328583C4870032C6EF601B
:10C5F0004FD097B7FD1F9387A7E49C43A9C79C47DB
:10C60000B9C30325040893767900B3D6D4403246E3
:10C61000858A93050504180893E60608130505089E
:10C6200082971375F50F05E141460C081305C40206
:10C630009750FD1FE780A08F2285EF00B01B930766
:10C640006005A301F400B25022549254025945618E
:10C650008280130710026395E7021C550327050823
:10C6600083D7470071E713F7071079C3785503574D
:10C670004701137707104DCF93077002A301F40011
:10C680008347340013077002639CE70C3C5885E332
:10C690009305300571459760FD1FE780E0E928D8D4
:10C6A00019C5714681459750FD1FE780C08B2458FE
:10C6B000B9C883C7A40191E72285EFF0EF93238DDA
:10C6C000A4002858814541469750FD1FE780A08966
:10C6D00028583D478345A5019387F5FF93F7F70F4A
:10C6E0006364F700EF60EFC0EF40DFE73C58A1451F
:10C6F0002398A70013852701EF60AFBF2C5803557F
:10C700000400EF00F0409307800203550400A301EA
:10C71000F400EFE02FE6414619C10356E500060696
:10C72000854517B5FD1F034515C8EF50EF9D21BF87
:10C7300013F7072011CB78540357470113770720CD
:10C7400001C7930790021DBF93F7074095DB7C5408
:10C7500083D7470193F7074085D79307B00239BFC6
:10C7600013078002639BE7023C5889CB83D50701FE
:10C770000355040013862701EF00103F1C5483D794
:10C78000470013F707202DC3785403574701137749
:10C79000072039CB930790028DBF13079002639C4B
:10C7A000E700EF60CFE6AA8503550400EF00D03A1A
:10C7B0009307A00299BF1307A0026393E704EF60F9
:10C7C0006FE4AA85854701456384F50081450545E9
:10C7D0002EC6EF60EFE02A86B24503550400EF0055
:10C7E00030341C5483D7470093F707408DC77C54DF
:10C7F00083D7470193F7074099CF9307B00231B72A
:10C800001307B0026399E700EF602FE1AA85035593
:10C810000400EF00F0389307F00225B58280411143
:10C8200022C4405926C206C67C54AA8483D7470135
:10C8300013F7071019C71854035747001377071049
:10C840001DE313F7072019C7185403574700137740
:10C85000072011EB93F707408DCF1C5483D7470077
:10C8600093F707409DC793071002A301F4002285A8
:10C87000EFF07FD4034734009307F0026310F70210
:10C88000224403D52400B2409244814541016FE027
:10C89000BFB79307F002A301F400DDB7B240224412
:10C8A000924441018280397122DC405926DA4AD80B
:10C8B0004ED606DEAA89AE8432896300043E035553
:10C8C0002500835704006384A700A14429A083475F
:10C8D000240091EB9D44F250625426854259D25473
:10C8E000B259216182809387E5FF93F7F70F2D47B7
:10C8F000E362F7FE17B70100130787898A07BA9723
:10C900009C43BA978287B2852285EFF0FFA3AA8461
:10C91000D9B74146CA851305C4049740FD1FE78077
:10C92000006122851127AA8411C1A14483473400E4
:10C93000130740056397E70093079005A301F400F0
:10C9400059BF130760056395E7009307A005FDB77E
:10C95000D147EDB79309C4054E854146CA85974036
:10C96000FD1FE780C05C032504085DC983473400D0
:10C97000130790056399E700228599279307E0053F
:10C98000A301F40061A81307A0056395E708834796
:10C99000740013D737002297834687009D8BB3D648
:10C9A000F64097B7FD1F9387A7A99C43858A93E616
:10C9B00006F893F6F60F91DB9C4781DB930505089B
:10C9C00018084E861305050482979374F50FE39EAD
:10C9D00004EE41460C081305C4049740FD1FE78090
:10C9E000005E834774004D47850793F7F70FA30355
:10C9F000F4006377F7002285E1259307E0053DBF4A
:10CA0000854517B5FD1F0345159AEF40BFDD930718
:10CA100050052DB71307C005E380E7F6814465BDD7
:10CA2000130984004E86CA8522851408EFE09FD141
:10CA300041469305C40408089740FD1FE78020582D
:10CA4000E30B05E88A861306C403CE854A85EF10FA
:10CA5000700415E12285EFE03FDA97B7FD1F938759
:10CA6000A7932A879C4703550400814601468A857F
:10CA70008297AA8411C1A14493072002C1B58345BE
:10CA80000600EFE07F9859BF034734009307200268
:10CA9000E312F7E47C5889EB930530057145976004
:10CAA000FD1FE78060A968D86858E30505E24146A4
:10CAB000CA859740FD1FE780804764582285EFE0D4
:10CAC000BFD3238DA400930730025DBD034734001C
:10CAD00093073002E310F7E08357060068582146B9
:10CAE000930529002318F50049059740FD1FE780AD
:10CAF00000447C5483D7470113F7270035C71854E7
:10CB000003574700098B2DC39307400295BD034788
:10CB1000340093074002E31FF7DA3C5C81EB854564
:10CB200059459760FD1FE78020A128DC285CE307BA
:10CB300005EE4146CA859740FD1FE780403F9307B9
:10CB400050023DBD0347340093075002E314F7D869
:10CB5000285C19469305190041059740FD1FE780A1
:10CB6000003D7C5483D74701918B9DCF1C5483D7C4
:10CB70004700918B95CB9307600219B57C5C89EBDC
:10CB80009305300551459760FD1FE780E09A68DC0A
:10CB9000685CE30C05D24146CA859740FD1FE780DB
:10CBA00000397C5C7D5798CB4E85EFF05FC7BDB5F3
:10CBB0000325040813060004CA85130505049740DD
:10CBC000FD1FE780C0362285EFE0FFB383473400C6
:10CBD000130700056395E7009307400555B3130756
:10CBE0001005639CE700854517A5FD1F0345B57B30
:10CBF000EF405FBF9307500561B313072005E39F24
:10CC0000E7E097B7FD1F9387A7839C43E38F07CA8D
:10CC10009C47E38C07CA8325040893048400180802
:10CC200093850508814626862E8582970355040044
:10CC30001008A685EF603FD19307B00591B3034775
:10CC400034009307E005E317F7C88325040841463D
:10CC50004A859740FD1FE7808036AD44E30D05C649
:10CC6000032504084146CA859740FD1FE780202C14
:10CC70002285EFE07FB897A7FD1F9387E7712A878A
:10CC80009C472C5803550400814601468297AA848C
:10CC900011C1A1449307100255B1AD47E390F5D8F7
:10CCA00083460600835525001306650003450500ED
:10CCB000EF608FCCA5B3894761C2DDCD2300A6000C
:10CCC00083C70500A300F60083C715002301F60003
:10CCD00083C72500A301F60083C73500A302060021
:10CCE0002302F60083D74500A183858BA302F600BB
:10CCF00003D745001377072009C793E72700A3024E
:10CD0000F60083D7450093F7074099C7834756003D
:10CD100093E74700A302F60083D745001397470126
:10CD2000635807008347560093E78700A302F60085
:10CD30002303060083C74500858B2303F60003D732
:10CD40004500098B09C793E727002303F60083D723
:10CD50004500918B99C78347660093E747002303FB
:10CD6000F60003D745008147218B19C703476600AA
:10CD7000136787002303E6003E8582802E86AA85FE
:10CD800005456FF05FF32E86AA8509456FF0BFF267
:10CD900089478DC505C5411106C6AE870D47AA85D1
:10CDA0002380E7001385170041469740FD1FE78069
:10CDB0000018B24081473E85410182803E858280D5
:10CDC00089478DC505C5411106C6AE871147AA859D
:10CDD0002380E7001385170041469740FD1FE78039
:10CDE0000015B24081473E85410182803E858280A8
:10CDF00089478DC505C5411106C6AE871947AA8565
:10CE00002380E7001385170041469740FD1FE78008
:10CE10000012B24081473E85410182803E8582807A
:10CE200089479DCD15CD411106C61D472380E500DC
:10CE300003570500AE872146A380E5000357050090
:10CE400021832381E5009305250013853700974052
:10CE5000FD1FE780C00DB24081473E8541018280C1
:10CE60003E85828089478DC505C5411106C6AE87BE
:10CE70002147AA852380E700138517004146974084
:10CE8000FD1FE780C00AB24081473E854101828094
:10CE90003E858280894795C90DC9411106C625473F
:10CEA0002380E50003470500AE871946A380E5000F
:10CEB00093051500138527009740FD1FE780200785
:10CEC000B24081473E85410182803E85828089470C
:10CED0008DC505C5411106C6AE872947AA852380A1
:10CEE000E7001385170041469740FD1FE7802004A7
:10CEF000B24081473E85410182803E8582808947DC
:10CF000095C50DC5411106C6AE873147AA85238058
:10CF1000E70013851700130600049740FD1FE78004
:10CF20000001B24081473E85410182803E8582807A
:10CF300089478DC505C5411106C6AE873547AA8507
:10CF40002380E7001385170041469740FD1FE780C7
:10CF500000FEB24081473E85410182803E8582804D
:10CF6000894791C909C995472380F5008347050082
:10CF7000A380F50081473E858280894791C909C910
:10CF8000AD472380F50083470500A380F500814766
:10CF90003E85828015C55D718A8586C6A2C42A84B5
:10CFA000EFE04FF1035504000A86970600009386D0
:10CFB00026DD9D45EFE00FE3B640264461618280A7
:10CFC0000545828015C55D718A8586C6A2C42A84FE
:10CFD000EFE04FEE035504000A86970600009386A3
:10CFE000C6DA9D45EFE00FE0B640264461618280DD
:10CFF000054582805D71A2C49305C5022A8441461D
:10D000000A8586C69740FD1FE78060F2035504003D
:10D010000A86970600009386E6D7C545EFE08FDCC9
:10D02000B6402644616182805D71A2C49305C50348
:10D030002A8441460A8586C69740FD1FE78020EF77
:10D04000035504000A86970600009386A6D7C545B7
:10D05000EFE04FD9B64026446161828097A7FD1F5B
:10D060009387073E9C43B1CB9C435D71A2C486C6A7
:10D070002A841305E00F95CF032504089305050CBA
:10D0800013050508829783250408130600040A8502
:10D09000938505089740FD1FE78060E9035504006C
:10D0A000970600009386E6E50A8693051004EFE0F4
:10D0B0006FD3B6402644616182801305E00F828001
:10D0C000317122DD2A840355050026DB06DF4AD9AB
:10D0D0004ED752D556D35AD15ECF62CDEFD09FC92D
:10D0E0003C58AA8489EB9305300571459750FD1F84
:10D0F000E780804428D82858CD471DC9714681450E
:10D100009740FD1FE78020E6032904072285EFE012
:10D11000AFEE230DA9008347240017A9FD1F1309B3
:10D120002932638A07128327090085E39307E00FFA
:10D13000FA506A54DA544A59BA592A5A9A5A0A5B26
:10D14000FA4B6A4C3E852961828083AB0701E38FED
:10D150000BFC032B0408EF50FFCA2A8C0145EF504B
:10D160003FC883C754003858130B0B029309C403FC
:10D17000130AC405938A64003AC0B337F0002A87C3
:10D18000930801045688B33680015286CE855A85AD
:10D19000829B1C5403C727002307E10203C7170023
:10D1A000A306E10283C707002306F10283270900D3
:10D1B000B5DF03AB4701E30B0BF683C75400B3376E
:10D1C000F0003ECEEF501FC4AA8B0145EF505FC167
:10D1D00003270408F2472AC03AC2B33870015688C0
:10D1E0007810930684004E86D2858800029B7C547A
:10D1F00003C727012305E10203C71700A304E102C7
:10D2000083C707002304F1028327090003A947010C
:10D21000EF505FBF2A8B0145EF509FBC83C854007D
:10D220009C082A883EC2B3381001B3376001381019
:10D23000930684015286CE8556C088000299035514
:10D240000400970600009386E6CE9008C545EFE0FF
:10D250006FB9AA87F1BD83C6540083270900032B49
:10D260000408B336D00083AB070136CEEF509FB928
:10D270002A8C0145EF50DFB63C58F246130B0B02E7
:10D28000130AC4059309C403938A64002A88930887
:10D2900001044E86D2853EC05687B33780015A8539
:10D2A000829B1C54130B010303C727002307E102D1
:10D2B00003C71700A306E10283C707002306F10294
:10D2C0008327090083AB470183C75400B337F000BD
:10D2D0003ECEEF503FB32A8C0145EF507FB0F2476E
:10D2E0002AC0B338800156887810930684004E8691
:10D2F000D2855AC28800829B8325040841465A85FC
:10D300009740FD1FE780A0CBAD47E31205EE0DB5BA
:10D310002E86970600009386E6ADC5456FE08FAC7C
:10D320005D71B287A2C42300B1002A84BE851305B3
:10D330001100194686C69740FD1FE78040BF0A8648
:10D34000228597060000938626B5A145EFE08FA9B8
:10D35000B6402644616182802E869706000093863F
:10D36000A6B0C5456FE00FA85D71B287A2C42310B7
:10D37000B1002A84BE8513052100214686C6974048
:10D38000FD1FE780C0BA0A862285970600009386B3
:10D3900066A9AD45EFE00FA5B640264461618280E5
:10D3A0002E86970600009386C6B2C5456FE08FA310
:10D3B000797122D406D626D283473500130730056B
:10D3C0002A846385E708130750056397E7089307E6
:10D3D000A005A301F50083477500C14513D73700A9
:10D3E0002A97834687009D8B1305C503B3D6F64065
:10D3F000858A93E606F893F6F60F36C6EF506FEF80
:10D40000B24697A7FD1F9387A7039C439DCB9C47DC
:10D410008DCB0325040818081306C40393050504DF
:10D420001305050882971375F50F01ED1305C40266
:10D4300041460C089740FD1FE78060AF2285EFF062
:10D440007FBBB2502254925445618280930790056D
:10D45000A301F500814675B7130710026396E70232
:10D460007C550327050883D747016318070E13F778
:10D4700017006304070E185503574700058B71CF3B
:10D4800093072002A301F40083473400130720020E
:10D49000639FE70E3C5889EB930530057145975023
:10D4A000FD1FE780600928D82458C9C02285EFE015
:10D4B000AFB4238DA4002858814541469740FD1FF5
:10D4C000E78060AA28583D478345A5019387F5FF6B
:10D4D00093F7F70F636DF70297A7FD1F83C7F7F662
:10D4E000C5C74146814508089740FD1FE780A0A7B2
:10D4F000194697A5FD1F9385E5D708089740FD1F9E
:10D50000E780E0A230580C082E85EF90E054EF4001
:10D510006F853C58A1452398A70013852701EF503C
:10D520004FDD2C5803550400EFF09FDE93073002C7
:10D5300003550400A301F400EFD0DF83414611C579
:10D540008357E50013D617003E96854517A5FD1FA6
:10D55000034575E5EF404FBBEDB513F7270009CB49
:10D56000185403574700098B01C79307400219BF9E
:10D57000918BE38B07F01C5483D74700918BE38595
:10D5800007F093076002FDBDEF50AFD649B7130710
:10D590003002639AE7023C5889CB83D507010355D3
:10D5A000040013862701EFF03FDC7C5483D747014A
:10D5B00013F7270021CF185403574700098B39C7A9
:10D5C00093074002B5B713074002639CE700EF5092
:10D5D0001F84AA8503550400EFF01FD8930750025B
:10D5E00081BF130750026390E704EF50BF810DE93C
:10D5F000814505452EC6EF50AFFE2A86B24503553C
:10D600000400EFF0FFD17C5483D74701918B9DC775
:10D610001C5483D74700918B95C39307600209BFC1
:10D6200085450145C1BF130760026399E700EF50CC
:10D63000CFFEAA8503550400EFF09FD67C54032744
:10D64000040883D7470119EF13F7071001CF1854C7
:10D65000035747001377071011C793077002A30100
:10D66000F400C5B313F7072011CB18540357470034
:10D670001377072001C793079002D5B793F70740A8
:10D6800091CB1C5483D7470093F7074081C793077A
:10D69000B002F1B79307F002D9B7397122DC26DA6C
:10D6A0004ED652D406DE4AD8AE89328AAA84EFD04A
:10D6B0006FEC4059414681450A859740FD1FE78040
:10D6C000808A25C80359040063159906034734006E
:10D6D00093071002631FF7028327040899CF2C5881
:10D6E000A9C94A85EF1030110545F2506254D25451
:10D6F0004259B259225A216182808A861306C40592
:10D700009305C40313058400EF00D0381DE18A851A
:10D71000C9BF2C5899CD83D70501639C4701214689
:10D72000C9054E859740FD1FE780608919C12C58B7
:10D730004DBF2685EFD00FE42A8405455DD44C54B7
:10D74000B9C583D70501639447052146C9054E85B0
:10D750009740FD1FE780A0868547631AF50283C7BF
:10D76000318F91C74C5483C7B501639EA70CBD454B
:10D770002685EF10500397A7FD1F9387A7A99C5BF1
:10D780000145A5D71D45894582970145B9BF97A792
:10D79000FD1F9387A7CB03C7070097A9FD1F938998
:10D7A00069A73E89058B31C30347540097A7FD1F26
:10D7B00083C747C9631BF702194697A5FD1F9385C9
:10D7C00075C8130564009730FD1FE780407F8547CB
:10D7D000631DF50083A7090381C791451D45829705
:10D7E000BD452685EF10207C01B717A7FD1F034715
:10D7F000D7C583A7090331CB03470900098B09CBA0
:10D8000081C795451D4582972685EF10007FE9BDAC
:10D8100081C78D451D45829741468145080897304F
:10D82000FD1FE7804074194697A5FD1F938585A4C9
:10D8300008089730FD1FE780806F0C082E850A8648
:10D84000EF9080218A85268571BD8545C5FF6DBF16
:10D85000797122D440594AD04ECE52CC06D626D227
:10D86000AA892E8A32896306046A035525008357E4
:10D870000400638CA700A144B250225426850259AB
:10D880009254F249624A456182808344240099C0DF
:10D890009D44DDB79387F5FF93F7F70F3147E369B1
:10D8A000F7FE17A701001307A7918A07BA979C43B1
:10D8B000BA9782871C54E1F39305300513050004E1
:10D8C0009750FD1FE78040C708D455D5034709008E
:10D8D000914763F4E7008D4445B703471900854736
:10D8E000E3EBE7FE13060004CA859730FD1FE780CF
:10D8F00000640C547054A3020400D4415C4A858A2D
:10D90000FD8E83574601F99BD58F231AF600D84127
:10D91000544AF59B0583058B8582F98E8606DD8E3C
:10D92000231AD600DC41584AED9A8983858B0983F6
:10D930007D8F0A07558F231AE600D4415C4A5D9B10
:10D940008D82858A8D83F58F8E07D98F231AF600F5
:10D95000D841544A93F7F7EF2183058BA182F98EC2
:10D96000A206DD8E231AD600DC41584AA583858B9A
:10D9700025837D8F9317970013F7F6DF5D8F231AAA
:10D98000E600D4415C4AA982858AA983F58F9396E3
:10D99000A7009377F7BFD58F231AF600D441584AD2
:10D9A000AD82858A2D83758FFD769386F67F2E074F
:10D9B000F58FD98F231AF600834726010325040823
:10D9C000A18B6381071083C72500A18B638C070E91
:10D9D000E31305EA93053005130500109750FD1F6A
:10D9E000E78080B52320A408E30705EE7C54A3025A
:10D9F00004000347190083C6170089EA51CB834707
:10DA0000540093E70701A302F40029A0A147A30251
:10DA1000F40075F72285EFF0EFDA6C5483C7250127
:10DA2000858B81CF1C5483C727008D8B99C7834773
:10DA3000640093E717002303F4008327040899C7C1
:10DA40008347640093E787002303F400834754006F
:10DA50000547639FE70A41468145130584009730D7
:10DA6000FD1FE780405041468145130584019730F2
:10DA7000FD1FE780404FC1451305C403EF506F877A
:10DA800083270408C1C793070005A301F400EDB381
:10DA900003C72701118B19E703472900118B19E3ED
:10DAA000854795B783C70700834609001547338725
:10DAB000E702979701009387E76BBA97B69783C7FA
:10DAC000070091B719C59750FD1FE78000B42320C8
:10DAD00004087C5403C7170011C70347190019C372
:10DAE000E14715B703C72701118B09E70347290051
:10DAF000118B5DD783C7070015478346090033871D
:10DB0000E702979701009387276545BFC147B5BFD7
:10DB100013F7870121CFC18B1305840041469DCFA8
:10DB200089059730FD1FE7808040414681451305F8
:10DB300084019730FD1FE780004383476400C1459F
:10DB40001305C40393E747002303F400EF407FFA73
:10DB50008327040891CB9307200505BF81459730A3
:10DB6000FD1FE7804040D1B7CD4705B7094789453C
:10DB7000638AE700114785456386E7001947639785
:10DB8000E7008D4503550400EF501FD38347640021
:10DB900093E747002303F4008327040881C7930712
:10DBA0001005E5B5C547D5B54146CA851305C4047A
:10DBB0009730FD1FE780A0378347340013076005C7
:10DBC000639CE70085451795FD1F0345D57DEF3024
:10DBD0007FC19307500555BD45476383E702930610
:10DBE000C4021306C403930584002285EFD09FB5B9
:10DBF0002285EFF02FC0AA8411C1A144D14771B58D
:10DC0000C94761B59309C4054E854146CA85973019
:10DC1000FD1FE780C0310325040871CD8347340020
:10DC2000130790056398E7002285EFF0EFBF930795
:10DC3000E005A1BD1307A005639FE70697A7FD1F99
:10DC4000938707809C43E38507C403A88700E3010B
:10DC500008C483477400930505084E8613D7370020
:10DC60002297834687009D8B0A87B3D6F640858A24
:10DC700093E6060813050504029841468A851305B4
:10DC8000C4049730FD1FE780803311E1D2842285E0
:10DC9000EFF08FB983477400CD461307E005850781
:10DCA00093F7F70FA303F40063E4F600130760058E
:10DCB000A301E400D1B61307C005E39FE7BA979725
:10DCC000FD1F9387E7779C43E38407BC9C47E38170
:10DCD00007BC93050508130984000A8781464A8614
:10DCE0002E858297035504000A86CA85EF50BFC56A
:10DCF0009307B00559BB8A864E869305840022851A
:10DD0000EFD05FA441469305C4040A859730FD1FF8
:10DD1000E780E02A8547D284E310F5B62285EFF04C
:10DD2000AFB0AA84E31905B493071002B9BB034747
:10DD3000340093077002E31DF7B47C5889EB930518
:10DD4000300571459740FD1FE780007F68D868580F
:10DD5000E30005B4CA8541469730FD1FE780201DCA
:10DD6000032944072285EFD03FA9230DA90093077B
:10DD7000800221BB0347340093078002E31AF7B007
:10DD80008357060068582146930529002318F5009B
:10DD900049059730FD1FE78080197C5483D74701E0
:10DDA00013F7072025CB1854035747001377072094
:10DDB00035C393079002D1B903473400930790020B
:10DDC000E318F7AC3C5C89EB930530055945974067
:10DDD000FD1FE780607628DC285CE30B05AA41463E
:10DDE000CA859730FD1FE78080149307A00271B9A0
:10DDF000034734009307A002E31CF7A8285C1946E8
:10DE00009305190041059730FD1FE78040127C54AF
:10DE100083D7470193F70740B1C71C5483D7470006
:10DE200093F70740A1C39307B00285B103473400BD
:10DE30009307B002E31EF7A47C5C89EB93053005E1
:10DE400051459740FD1FE780206F68DC685CE30464
:10DE500005A24146CA859730FD1FE780400D7C5CD6
:10DE60007D5798CB03D529008145EFD0EFD929B450
:10DE7000034734009307F004E3FFE79E03250408FB
:10DE8000E30B059E13060004CA85130505049730AD
:10DE9000FD1FE780C0092285EFF04F9CAA842285F0
:10DEA000EFD07F868347340013070005639FE700A8
:10DEB00003D6E90085451795FD1F0345D54E060697
:10DEC000EF309FA493073005C9B61307100563957B
:10DED000E7009307600555BE13072005E39EE7980A
:10DEE0009307C0055DB6034734009307E005E314CC
:10DEF000F798032504084146CA859730FD1FE7803F
:10DF000000032285EFF0CF9BAA8439BD834506002C
:10DF1000A9BF85478144E391F596032846008347CE
:10DF20003600034726008346160083552500034626
:10DF300006000145EF50EF9A81B28147C146330791
:10DF4000F500B388F5000347070083C808003308CD
:10DF5000F6008507334717012300E800E391D7FE59
:10DF600082800147BD471308F00F3306F500834652
:10DF70000600B388F500FD178606558F2380E8005C
:10DF80000347060093F7F70F1D83E39007FF828096
:10DF90008147930800F8414893F6F70F3387F5005F
:10DFA00063FCC600B306F50083C606002300D70055
:10DFB0008507E39307FF82806395C600230017015E
:10DFC000C5BF23000700EDB701114AC856C22E890C
:10DFD000AA8A93053005414506CE22CC26CA4EC6F4
:10DFE00052C4328A9740FD1FE7800055AA849305EA
:10DFF000300541459740FD1FE78000542A84CD49F4
:10E00000A5C431CD414681459730FD1FE780A0F57D
:10E010002686A2855685EF803024AA8929E1838748
:10E02000040063D30706A2852685EFF09FF34A8696
:10E03000979501009385051C2285EFF01FF083075B
:10E04000090063D80704A2854A85EFF09FF1528644
:10E05000979501009385051A2285EFF01FEE26851E
:10E060009740FD1FE780605A11C422859740FD1F2D
:10E07000E780A059F24062444E85D2444249B249F9
:10E08000224A924A05618280CA852685EFF07FED9B
:10E090007DB7D2854A85EFF0DFECD1B781474146A5
:10E0A000B306F5003387F5000347070003C80600F1
:10E0B0008507334707012380E600E393C7FE82808C
:10E0C000011126CA4EC6AE84AA89930530051305F0
:10E0D00000034AC806CE22CC32899740FD1FE78054
:10E0E000A0452DC51306000381452A849730FD1FE6
:10E0F000E78060E74146CE8522859730FD1FE780A7
:10E10000E0EEA6850D461305D4019730FD1FE7808C
:10E11000E0ED13060402930504012285EF80D0137D
:10E12000AA840D469305D4024A859730FD1FE780E7
:10E13000E0EB22859740FD1FE780204DF2406244CE
:10E1400026854249D244B24905618280CD44FDB75B
:10E150005D714EDE62D4AE892A8C930530051305BD
:10E160000003A6C2CAC052DC56DA5AD85ED686C6AA
:10E17000A2C4B28B368BBA84BE8A4289468A974043
:10E18000FD1FE780603B6305051013060003814512
:10E190002A849730FD1FE78000DD4146E285228515
:10E1A0009730FD1FE78080E4414681450A8597301E
:10E1B000FD1FE78040DB1D46DE850A859730FD1F89
:10E1C000E780C0E21D46DA85130571009730FD1F18
:10E1D000E780C0E133392001B334900041468145E6
:10E1E000080823072101A30791009730FD1FE7804E
:10E1F00080D71946D68548089730FD1FE78000DF95
:10E200001946D2851305A1019730FD1FE78000DE76
:10E21000930404014146CE8526859730FD1FE78093
:10E22000E0DC8A852685EFF07FE7930904024E86BD
:10E23000A6852285EF8050022A890DE94146CE85C8
:10E2400026859730FD1FE78080CE0C082685EFF0ED
:10E25000FFE44E86A6852285EF8010002A89464578
:10E260004146CE859730FD1FE78040D822859740F4
:10E27000FD1FE7808039B64026444A85964406490A
:10E28000F259625AD25A425BB25B225C616182806F
:10E290004D49D5B7011126CA52C4AA842E8A130546
:10E2A0000003930530054AC84EC606CE22CC3289FB
:10E2B000B6899740FD1FE780202835C52A84A685AA
:10E2C00041469730FD1FE78060D293040401214648
:10E2D000D28526859730FD1FE78040D1CA8521462B
:10E2E000130584019730FD1FE78040D01309040215
:10E2F000A6854A862285EF802076AA844146CA8573
:10E300004E859730FD1FE78060CE22859740FD1F28
:10E31000E780A02FF240624426854249D244B249A8
:10E32000224A05618280CD44F5B739715AD05ECE5C
:10E330002A8BAE8B41459305300506DE26DA52D492
:10E3400056D262CC66CA6AC8368C328DBA8C22DC50
:10E350004AD84ED69740FD1FE780001EAA8A930533
:10E36000300541459740FD1FE780001D2A8ACD44B6
:10E37000638E0A0859C52A86D6855A85EFF0DFC410
:10E38000AA8441E19305300541459740FD1FE78090
:10E39000A01A2A899305300541459740FD1FE78063
:10E3A000A019AA89630A090E6306050E1304FD006D
:10E3B00011841376FD0049C07D144204418035EE7E
:10E3C000131544004E86D6855E95EFF01FB7414683
:10E3D00081454A859730FD1FE780E0B8014D9317CE
:10E3E0000D01C18363F48708BDC04A859740FD1FB6
:10E3F000E780A021638709004E859740FD1FE780D5
:10E40000C02056859740FD1FE780202063070A0043
:10E4100052859740FD1FE780401FF25062542685C9
:10E420004259D254B259225A925A025BF24B624C70
:10E43000D24C424D216182800144131544008A85EB
:10E440005E95EFF0FFB44E86D2850A85BDBF931569
:10E450004D000A86DE954A85EFF03FAE4A868A85F2
:10E460005A85EF80605FAA84050D95BFBDFC0A86C2
:10E47000CE854A85EFF07FAC4A868A855A85EF8043
:10E48000A05DAA846686CA8562859730FD1FE780F5
:10E4900000AAA1BFCD4491BFCD44A9BF397162CCC0
:10E4A0002A8C594526DA4AD84ED652D456D25AD05A
:10E4B0005ECE06DE22DCAE8B328BB68A3AC63E8A50
:10E4C000C289468983440104EF207FE449C19167F2
:10E4D000938717E92310F50085472301F5002A8467
:10E4E00032472105630C0C0493071003A301F400C9
:10E4F000194681459730FD1FE780E0A6230364019C
:10E50000A3035401230A9400231274012317440126
:10E510002318340123192401A2856254F250D254E5
:10E520004259B259225A925A025BF24B624C1795E9
:10E53000FD1F034525E721616F20FFE8A3010400CB
:10E540001946BA859730FD1FE780609E45BFF2509F
:10E550006254D2544259B259225A925A025BF24B37
:10E56000624C21618280011122CC2A84314506CE81
:10E570002EC632C436C23AC0EF207FD929C1916776
:10E58000938717E92310F5008D472301F500A301B8
:10E590008500B2452246924602476244F240231269
:10E5A000B5002313C5002314D5002315E500AA8563
:10E5B0001795FD1F034505DF05616F20DFE0F24081
:10E5C00062440561828001114AC82A89394526CAF8
:10E5D00006CE22CC2EC6B284EF207FD331C1B24505
:10E5E0009167938727E92310F5009147A30125013F
:10E5F0002312B5002A842301F500A68519052146BA
:10E600009730FD1FE780A092A2856244F240D24479
:10E6100042491795FD1F0345E5D805616F20BFDA14
:10E62000F2406244D24442490561828001114AC8E5
:10E630002A89414526CA06CE22CC2EC6B284EF20B6
:10E640001FCD29C19167B245938727E92310F500B3
:10E6500095472A84231225012301F5002146190537
:10E660009730FD1FE780A08CA28523179400624499
:10E67000F240D24442491795FD1F0345D5D20561AA
:10E680006F207FD4F2406244D244424905618280C7
:10E69000011122CC2A84394506CE2EC632C436C298
:10E6A0003AC0EF20DFC629C19167938717E923108D
:10E6B000F50099472301F500B245224692460247EC
:10E6C000231285006244F2402313B5002314C500D1
:10E6D0002315D5002316E500AA851795FD1F0345D0
:10E6E00065CC05616F203FCEF240624405618280B7
:10E6F000797122D406D62A842EC632C436C23AC0D4
:10E70000EFC04FE71DC1B245224692460247231C87
:10E71000B100231DC1002C081306F00F2285231E13
:10E72000D100231FE100EFC00FD4B2502254456145
:10E730008280011122CC2A84394506CE2EC632C4ED
:10E7400036C23AC0EF20BFBC29C19167938717E951
:10E750002310F5009D472301F500B245224692465D
:10E760000247231285006244F2402313B5002314AC
:10E77000C5002315D5002316E500AA851795FD1FB2
:10E78000034545C205616F201FC4F2406244056124
:10E7900082805D712AC613052002CAC04EDE52DC9B
:10E7A00056DA5AD85ED662D466D26AD086C6A2C479
:10E7B000A6C26ECE2E8CB28B368B3AC43E8DC28CE6
:10E7C000C68A035A01058359410503498105EF2093
:10E7D0001FB469C591663243938616E9A9472A8416
:10E7E0002310D5002301F500930DE40021059304C7
:10E7F00044012247630D030693071003A301F400AD
:10E80000194681459720FD1FE780E075194681452F
:10E810006E859720FD1FE780007519468145268586
:10E820009720FD1FE780207423037401A303640174
:10E830002300240323128401231D5401231E4401B9
:10E84000231F3401A2852644B64096440649F25956
:10E85000625AD25A425BB25B225C925C025DF24D1C
:10E860001795FD1F034505B461616F20DFB5BA85BB
:10E87000A301040019469720FD1FE780406BEA853D
:10E880006E8519469720FD1FE780606A1946E68568
:10E8900026859720FD1FE780806979B7B64026441A
:10E8A00096440649F259625AD25A425BB25B225CE4
:10E8B000925C025DF24D61618280011122CC2A845A
:10E8C000214506CE2EC632C436C2EF205FA415CD38
:10E8D000224692469167938717E92310F500B147C6
:10E8E0002301F500A3018500B2452303C500A3035E
:10E8F000D5006244F2402312B500AA851795FD1F8A
:10E90000034545AA05616F201FACF24062440561D2
:10E910008280411126C2AA84514506C622C4EF2036
:10E920001F9F49C19167938717E92310F500B947E5
:10E930002301F50083C714002A8493856400A30192
:10E94000F50083C7340003C724002105A207D98F2F
:10E95000231EF5FE83C744001946230FF5FE83C727
:10E960005400A30FF5FE9720FD1FE780405C83C78E
:10E97000C400A2851795FD1F0345C5A22307F40017
:10E9800083C7E40003C7D400A207D98F2318F4007B
:10E9900083C7F4002309F4002244B24092444101A9
:10E9A0006F207FA2B24022449244410182804111F3
:10E9B00022C42A84194506C6EF207F950DC59167AC
:10E9C000938717E92310F500C1472301F5002312AF
:10E9D00085002244B240AA851795FD1F0345859CFA
:10E9E00041016F205F9EB24022444101828041116B
:10E9F0000D4506C6EF20BF910DC5930710F9230002
:10EA0000F5009307E003A300F500C5472301F500D7
:10EA1000B240AA851795FD1F0345C59841016F2097
:10EA20009F9AB24041018280011122CC2A8429455B
:10EA300006CE2EC632C436C2EF207F8D15CDB2452C
:10EA400092469167938717E92310F500C94723027F
:10EA5000B5002301F500A30185002304D50022465B
:10EA60006244F2402313C500AA851795FD1F034594
:10EA7000659305616F203F95F24062440561828095
:10EA800001114AC82A892D4526CA06CE22CC2EC697
:10EA9000B284EF20DF8729C5B245930710F9230020
:10EAA000F5009307E003A300F500CD47A30125017E
:10EAB0002302B5002A842301F500A6851505194611
:10EAC0009720FD1FE780A046A2856244F240D24411
:10EAD00042491795FD1F0345E58C05616F20BF8EE8
:10EAE000F2406244D244424905618280011122CC45
:10EAF0002A84214506CE2EC6EF207F8105C9B24566
:10EB00009167938717E92310F500D1472303B500D8
:10EB10002301F500231285006244F240AA8517956F
:10EB2000FD1F0345258805616F20FF89F24062447F
:10EB300005618280011122CC2A84214506CE2EC691
:10EB400032C4EF20CFFC1DC5224693071059231075
:10EB5000F50023018500B2452303C5006244F2405D
:10EB60002312B500AA851795FD1F0345A5830561EE
:10EB70006F207F85F240624405618280011122CCC2
:10EB80002A84214506CE2EC632C4EF204FF81DC977
:10EB900022469167938727E92310F500A1472301B7
:10EBA000F500B24523038500A303C5006244F2408B
:10EBB0002312B500AA851785FD1F0345D57E056183
:10EBC0006F207F80F240624405618280011122CC77
:10EBD0002A84314506CE2EC632C436C23AC0EF2052
:10EBE0000FF315CD22468567938717C92310F500CB
:10EBF00023018500B2452303C500924602476244C3
:10EC0000F2402312B5002314D5002315E500AA8590
:10EC10001785FD1F0345057905616F20CFFAF24086
:10EC2000624405618280011126CAAE844AC82A89DD
:10EC30001385C40006CE22CC32C6EF204FED1DCD89
:10EC40008567B245938717E92301950023122501B3
:10EC50002A842310F500310508C426869720FD1F5D
:10EC6000E780E02CA2856244F240D24442491785F5
:10EC7000FD1F0345257305616F20EFF4F2406244E8
:10EC8000D244424905618280011122CC2A8419456F
:10EC900006CE2EC6EF20AFE705C98567938717F923
:10ECA0002310F500854723018500A301F500B24537
:10ECB0006244F2402312B500AA851785FD1F034563
:10ECC000656E05616F202FF0F2406244056182801D
:10ECD000411122C42A840D4506C6EF204FE305C525
:10ECE000930710F92300F500E947A300F50023017D
:10ECF00085002244B240AA851785FD1F0345856A19
:10ED000041016F204FECB240224441018280011149
:10ED100022CC2A84214506CE2EC6EF204FDF0DC916
:10ED20009167938727E92310F500930700032301D8
:10ED3000F500B245230385006244F2402312B5007A
:10ED4000AA851785FD1F0345156605616F20AFE78E
:10ED5000F2406244056182800111214506CE2EC633
:10ED600032C4EF20CFDA05C98567938707392310AE
:10ED7000F500B245224685472301F500F2402312F3
:10ED8000B5002313C500AA851785FD1F0345455906
:10ED900005616F204FE3F24005618280797122D4D2
:10EDA0004AD04ECE56CA06D626D252CC5AC8894A26
:10EDB000AA893284368963985513938AC1EA83C736
:10EDC000C1EA568A8944C1C783C7160003C7060033
:10EDD000A207D98F1787FD1F231EF75C1307C6FFF5
:10EDE000639DE70831452EC6EF206FD2AA8441C14A
:10EDF000B245420441802302B500231385009307E6
:10EE000000F91504A1652310F500231135018505CE
:10EE100022859730FD1FE780207288C421C583C7F3
:10EE20000A009305E9FF13562400FD172386F1EA33
:10EE30009720FD1FE780A0119C44A6851785FD1F24
:10EE40000345054E89079CC4EF20EFD78144B2509B
:10EE50002254268502599254F249624AD24A424BC0
:10EE60004561828026859730FD1FE780007A97876D
:10EE7000FD1F239207548544D9BF1307D6FFE3C86B
:10EE8000E7FE83C7C1EB99CB9787FD1F9387475256
:10EE9000884309C59730FD1FE78020771785FD1F40
:10EEA000035545511105A1654205850541819730FE
:10EEB000FD1FE78060681787FD1F232BA74E45DDE8
:10EEC00083470A002286CA85FD172386F1EA972028
:10EED000FD1FE780C0059787FD1F239E874C854750
:10EEE000238EF1EAA5B79787FD1F83D7C74C178BF1
:10EEF000FD1F130B4B4CC1D31787FD1F0357874BC7
:10EF0000178AFD1F130ACA4AB386C70011070325D3
:10EF10000A00634CD7063E95CA859720FD1FE780FF
:10EF2000000103560B0081443294420441809787CC
:10EF3000FD1F239287489787FD1F83D7A747910717
:10EF4000E317F4F03145EF208FBCAA850DCD930770
:10EF500000F92310F50083570B002311350123021C
:10EF600055012313F50083270A001CC51785FD1FD3
:10EF70000345053BEF202FC59787FD1F239D0742C3
:10EF8000238E01EAE9B503250A0009C59730FD1F64
:10EF9000E780A0679787FD1F239F0740238E01EA24
:10EFA000D9BD6FA030006FA050016FA0304A6FA094
:10EFB0005004411106C6EFA09000B2400145410146
:10EFC00082806FA0B0056FA0B0076FA0B0096FA0DE
:10EFD000900B6FA0900D6FA0700F6FA070116FA0BD
:10EFE00070136FA010158347160003460600A20792
:10EFF0005D8E6FA050166FA090176FA0501A6FA073
:10F00000101D6FA0D01F6FA0B0226FA0D0246FA0E2
:10F01000F0266FA010296FA0302B03430100030ED0
:10F020004100834E8100034FC100834F01018342A1
:10F030004101834381017EC816CA1ECC7AC676C4BC
:10F0400072C21AC06FA0B02A6FA0B02F6FA0D031CB
:10F050006FA0F0336FA010366FA030386FA0503A19
:10F060006FA0703C6FA0503F6FA070416FC0405BBD
:10F070001307A5FF420785672A8841831385A7C721
:10F08000636CE502138707C801456368B70263E64E
:10F0900005031307301F6362C702138766FF420729
:10F0A0004183938767C763EAE70005063306B60224
:10F0B0008E063325D60082800145828011C98327C0
:10F0C000050A93E707082320F50AFD572303F502F5
:10F0D00082809787FD1F23A3A72E82809787FD1F1D
:10F0E0009387C73BBC4B9C5799E33E85828003D7EF
:10F0F0008701E30CA7FE93878705FDB7011122CC9A
:10F1000006CE2A84034565029307F00F2E86630915
:10F11000F5002EC6EF209FA53246FD572303F402CB
:10F1200083479402035764049306640293E7070637
:10F13000A304F4028357E403A285F240BA97231292
:10F14000F404624417050000130585F705616F207C
:10F15000BF8D011122CC06CE2A8403457502930788
:10F16000F00F2E866309F5002EC6EF203FA0324631
:10F17000FD57A303F40293067402A2856244F24091
:10F18000171500001305C52105616F20FF890111C6
:10F1900022CC06CE2A84034585029307F00F2E86E3
:10F1A0006309F5002EC6EF207F9C3246FD572304ED
:10F1B000F40293068402A2856244F240171500000F
:10F1C0001305A52005616F203F8603467514ED47A2
:10F1D0009785FD1F83D5A52E9786FD1F83D6E62E26
:10F1E0001787FD1F0357872E2310F51C231EF51AC2
:10F1F000231CB51A231AD51A231BE51A8947630B5A
:10F20000F60693078014834865142311F51C0948FA
:10F210001786FD1F13068628639208070356860289
:10F22000231DC51A0566130606A9231FC51A6D48B6
:10F230002E866373B8006D46931506012314C51C12
:10F240006D48C18136866373D8006D462312C51C94
:10F250008356E51B0356A51B6373D600B2862315A0
:10F26000D51CBA8663F3E700BE862313D51C23069C
:10F27000B50482808567938707A971B70356660234
:10F28000231DC51A130680144DB70347651489461C
:10F290008357A51C631ED70283568514938787E87E
:10F2A00099C6B3C7E702938757FD214731A021478D
:10F2B000B3C7E702938757FDB3C7E7020357851C1F
:10F2C000C207C18363F3E7003E872306E50482801B
:10F2D00085466316D7009387C7FB1147F1BF938715
:10F2E00007FBE1B78357451B0357051C411106C6B1
:10F2F00063F3E7003E87931807018357251C0357E4
:10F30000651B93D808016373F700BA871398070148
:10F310008356C51B8357851B1358080163F3D70019
:10F32000BE860357A51B8357E51B13930601135392
:10F3300003016373F700BA8783467514C207094750
:10F34000C183639AE6000566130606A942876370C7
:10F35000C802328729A8032705109316470163CCFA
:10F3600006000566130686844287E36406FF1318C9
:10F37000070113580801834665140947639EE60692
:10F38000035785039306204E3307D70293F6F80FF1
:10F390009A061386F63C9386C64F6344060193068D
:10F3A000C812158F63D3E7003E8742070566418385
:10F3B000130606A9BA876373C700B287C207C18361
:10F3C0000356451C13F7F80F9376F30F6316E60404
:10F3D0000356651C631206050356851C631ED60280
:10F3E0000356A51C631AF602230D0506EFF0FFE98C
:10F3F0000945B24041018280032705109316470159
:10F40000E3C006FC056613068684BE856373F600BA
:10F41000B2859397050165B70546230DC5062312EE
:10F42000E51C2313051D2314D51C2315F51CEFF033
:10F43000DFE501457DBF0357A51B8357E51B411140
:10F4400006C66373F700BA8703466514139707016E
:10F4500089464183631BD6068566938606A9637336
:10F46000D700B6871397070141838357A51C63878D
:10F47000E70085472315E51C230DF5060357651B9B
:10F480008357251C6373F700BA87034675141397D7
:10F490000701894641836317D6048566938606A9CA
:10F4A0006373D700B6871397070141838357651CA1
:10F4B0006387E70085472313E51C230DF506EFF06E
:10F4C000DFDCB24001454101828085671386878475
:10F4D000E37DE6F88326051093870780F58FD1F743
:10F4E000328761B7856713868784E371E6FC8326DC
:10F4F000051093870780F58FD5FB328745BF0357EB
:10F50000850495470356C503B307F7028356850361
:10F5100093D537406355B600118F93173700B3C7A3
:10F52000D702C207C1832313F504828083274511C4
:10F530000D469306F00F03C707000D8BA306E500E9
:10F540006314C70083C62700A30BD50003C70700B9
:10F55000418B2309E50083C71700230BF500828048
:10F560008347C500CD9B2306F50082808327451184
:10F570000347C50083C70700935637408987B58F77
:10F58000858B99C7134787002306E50001458280D4
:10F5900005458280832745110347C50083C70700BF
:10F5A000935627408D87B58F858B99E71347470082
:10F5B0002306E50001458280054582808327450EAC
:10F5C00085072322F50E91E78327850E85072324DF
:10F5D000F50E8327850E93F7070891C785472322E9
:10F5E000F50E2324050E8347950293F7070491CF68
:10F5F0008357E50303576504BA972312F50483275D
:10F60000450A93F7F7BF2322F50A82808327C50EA8
:10F6100085072326F50E91E78327050F8507232805
:10F62000F50E8327050F93F7070891C78547232613
:10F63000F50E2328050E8347950213F7070409C723
:10F6400093E70702A304F50282809787FD1F938743
:10F65000E7E483A707090145054791E3828083C654
:10F66000B7006393E60005059C43C5BF411122C462
:10F6700091452A84014506C6EF205F9C231AA40405
:10F680001787FD1F0357C7EB854763F1E70603554F
:10F69000A41C8357641C37460F0013060624AA9740
:10F6A000938717271785FD1F0355C5B3B3A5A70279
:10F6B00081463305F502EF2031498357E4030357B0
:10F6C000C4058355640505461D8F3307B70283279C
:10F6D00004091383F5FF130E80023E979787FD1FE1
:10F6E0009387C7DB83A8070963666600B24022449C
:10F6F000410182803308C603C687FD563A9881E7E8
:10F70000231AC404E5B76314F4001C40F5DB83AE90
:10F71000C7086398BE0083A60709B306D840B3F6AE
:10F72000B60263E4A6009C43D9BF090675BF1787DC
:10F73000FD1F0357E7E0854763F1E70A411122C443
:10F740008357651C2A840355A51C37460F001306F2
:10F750000624AA97938717271785FD1F035585A8A9
:10F76000B3A5A702814606C63305F502EF20D13DB9
:10F77000034634059787FD1F938747D283A807095F
:10F780007D1685461303800263E6C600B24022441C
:10F79000410182803387660283270409FD553E9725
:10F7A000C68781E7231AD404D5B76314F4001C403C
:10F7B000F5DB03AEC7080328C408631A0E0103A8CB
:10F7C0000709B305E84063640701B305074163E433
:10F7D000A5009C43F9B7850645BF82801787FD1FAA
:10F7E000035707D6854763F5E70E41119787FD1F3D
:10F7F0009387C7CA22C403A4070906C626C2A287E4
:10F8000089EB09EC230E0500B240224492444101E9
:10F81000828003C7D7016DFB9C43DDB76314A4004E
:10F8200000406DD08347B400D5E30327C408832785
:10F83000C508630DF7080347C50193070008AA84AC
:10F84000631DF704835784031946930500082319A1
:10F85000F506231AF5068357A403231CF5048357E2
:10F86000C403231DF50403558500EF50B0288547D8
:10F87000A38EF40083C7C40193F7F707238EF40027
:10F88000130564062244B240924431469305F00FBA
:10F8900041011713FD1F6700036D83578503194648
:10F8A000930500082319F406231AF4068357A503C9
:10F8B000231CF4048357C50303558400231DF4045B
:10F8C000EF5050238947A30EF4005DBF004015BFE1
:10F8D000230E05008280411126C206C622C4178766
:10F8E000FD1F0357E7C58547AA8463F8E71A8327F6
:10F8F0008510898B6383071A9787FD1F938707BA43
:10F9000083A70709BE85ADED03D6841C01447D584D
:10F910001306260205862D067D55A5EB630E041001
:10F920008347B40003578403D5EB8947231BE404C2
:10F93000A309F4040357E4058357E4032285BA9727
:10F94000C1071D8B998F231EF4048357A403231C26
:10F95000F4048357C403231DF404EFF03FD183273D
:10F96000440A93E717002322F40A8547230AF40088
:10F970008D47A30EF400B24022449244410182809C
:10F9800003C7D5016DFB8C41BDBF984363949700BD
:10F9900051D7BA8783A6070903A7040963E2E602E1
:10F9A0003387E64083A6C40863F4E6003377D702C2
:10F9B0006376A7003A856373C700BE859C43B1BFD9
:10F9C000158F83A6C70863F4E6003377D702E37781
:10F9D00007FF3A88E374C7FE3E84CDB783D784031C
:10F9E000B3F7E702C9FB9D46994763F5E6009357D5
:10F9F00017008D0705672319F406130707C88A0740
:10FA00006353F700BA87231AF4068357A4030355F8
:10FA1000840013065002231CF4048357C403930587
:10FA20000008231DF404C947A30EF4002244B24089
:10FA3000924441016F50100CADC103D7840383D7AA
:10FA40008503B3F7E702B1EB8387C40163D70704EB
:10FA50009D46994763F5E600935717008D070567A4
:10FA60002399F406130707C88A076353F700BA8778
:10FA7000239AF40683D7A40303D584001306500207
:10FA8000239CF40483D7C40393050008239DF40446
:10FA9000CD47A38EF400EF50F005238E0400E1BDA6
:10FAA0001787FD1F0357C7A9854763F8E71C5D71DA
:10FAB0009787FD1F9387879EA2C466D203A4070978
:10FAC000AA8C8357651C0355A51C37460F001306E7
:10FAD0000624AA97938717271775FD1F035585706E
:10FAE000B3A5A7028146A6C2CAC0930400644EDE35
:10FAF00052DC56DA5AD85ED63305F50262D486C691
:10FB00006AD06ECE0569130909C8930B0032130A37
:10FB10000064854AEF205103B385B402AA891D4CC5
:10FB2000338BA402B3B4A402AE9405E0B6402644DD
:10FB300096440649F259625AD25A425BB25B225C41
:10FB4000925C025DF24D6161828063958C0003A43A
:10FB50000C0069DC8347D401DDE78327C40803A7D1
:10FB6000CC086362F70A03A50C0903270409636C38
:10FB7000E5081778FD1F0358E866198D3307280339
:10FB80001307071933577703637FE50663F4A7006C
:10FB90003375F50263793507858363F3F900CE8702
:10FBA0003E954286814642C6B3354503330545033B
:10FBB000EF2081790505630855058347B400035D8F
:10FBC00084033248B9E38357A4030581231BA405AA
:10FBD000231CF4048357C403231AA404231DF40430
:10FBE0008947A309F40483D7EC03230A5401A90726
:10FBF000231EF4048327440A93E717002322F40A00
:10FC00009147A30EF40000400DB783DD8C0363F22F
:10FC1000AD03B3FDAD03428681465A85A685EF202C
:10FC2000A1720505058163E6AD003305AD40E37CB7
:10FC3000B5FD99476376AC01135D1D0093073D0048
:10FC40002319F406139D27006353A9014A8D835796
:10FC5000A40303558400231AA407231CF404835728
:10FC6000C4031306500293050008231DF404D14772
:10FC7000A30EF400EF50006879B782809777FD1FDC
:10FC800083C7F753638B071C5D715ED686C6AA8B4C
:10FC9000A2C4A6C2CAC04EDE52DC56DA5AD862D41A
:10FCA00066D26AD06ECE7D55638B0B129777FD1F9F
:10FCB0009387C77E03AA070963030A12177BFD1FF8
:10FCC000130B4B55030D6B01374C0F0037490F00D9
:10FCD0001308FC23977CFD1F83DCCC509778FD1F15
:10FCE00083C8C854FD5A0547130C0C24B70DC0A88F
:10FCF0001D43130E204E1309092481498347BA007E
:10FD000003240A096393E70A8357EA07035FAA03F8
:10FD100063F6E70F83460A016392E60E83268A1193
:10FD2000F1EE83264A0AF9EA8346FA006398660CE4
:10FD300003558A03330FFF4083244A093305E50343
:10FD40004A86CE867AC646C43305C503B3549502A7
:10FD5000B3B5AC02C694C204C18023129A0833859D
:10FD6000AC02EF20615EB7470F002A94A248130E41
:10FD7000204E324F05471388F7231D43B70E4057D7
:10FD800063450D006363B4017694B3879403060F53
:10FD9000C297B3D78703FA9763540D001D8C31A027
:10FDA000E37EF4FEB387FD403E9463735401A28A60
:10FDB000032A0A00E3140AF49777FD1F9387C749C3
:10FDC0009C43829763E9AA04B387AA4023A0FB005F
:10FDD00083A70B0029476360F70623A00B00B640FA
:10FDE000264496440649F259625AD25A425BB25BA3
:10FDF000225C925C025DF24D6161828083574A0809
:10FE0000B3879703C297B3D78703E3490DF8E37726
:10FE1000F4F86E9461B7B307554163DB07008307BD
:10FE20006B01E3C307FAB707C0A8D697898F79BFDC
:10FE300023A00B0071BFD91723A0FB0083076B0120
:10FE400063D5070013856AFF59BFA547E3EC57FF49
:10FE50003705C0A85915569559B77D55828041116F
:10FE600006C6EF10A03619C983278511014581E721
:10FE7000B240410182809C430505D5BF7D55CDBF71
:10FE80009777FD1F938787539843011126CA06CEA3
:10FE900022CC4AC84EC6AA8449CFBE891777FD1F17
:10FEA0000357076A85476316F70803D44408977712
:10FEB000FD1F83D72733032505093304F402B74711
:10FEC0000F001387F723938707243A943354F402DF
:10FED0009777FD1F93870734038767013E89635532
:10FEE00007069777FD1F938727379C433304854088
:10FEF00082976361A406B307A4401774FD1F0344EF
:10FF0000F432058003A9090001456373F402374503
:10FF10000F0033848740130505241776FD1F035611
:10FF2000662C8146B335A4023305A402EF20C141FB
:10FF30000299F2406244930700FB2387F400424990
:10FF4000D244B24905618280E37D85F8B707C0A835
:10FF50003E9541BF330785408147E35007FA830749
:10FF60006901E3CA07F8B707C0A83E9469B7977755
:10FF7000FD1F9387A75283A7C709411122C426C238
:10FF800006C62A84AE846396A7009777FD1F23A533
:10FF9000075A8327041281CB035584000146930539
:10FFA0000008EF5020358357240481CB035584008B
:10FFB0004D4693051008EF50E03303558400154675
:10FFC00093051008EF5000332305040023080400B4
:10FFD000230994041777FD1F03578756854763E667
:10FFE000E70085450145EF10DFC6B2402244924448
:10FFF0000145410182808347A500638F07388357FD
:020000023000CC
:10000000E507411122C406C626C28507231FF5064F
:100010008347F500230C05002A8413F7270005E722
:100020000357E503954763E4E700014501A89305FD
:10003000E003EFF0DFF32305A4020945B2402244B8
:1000400092444101828013F7070239CF93F7F7FDFD
:10005000A307F5008327050A0347B500230505021A
:1000600093E747002320F50A8547631FF70283576C
:1000700085031306204E03274509B387C7029776E9
:10008000FD1F83C6A61A93860605B3D7E70203476A
:1000900055033307C702B697C207C1832311F5087A
:1000A0008607BA972310F50883471401858B638E62
:1000B000070E8357C4050357E4036392E72A835767
:1000C000A4038355A40503458402231FF404834736
:1000D0003405231EB4029205A30AF4028357440593
:1000E000F915231BF40283578405231DF402EF1036
:1000F0006FF58346B400231F040683576403177704
:10010000FD1F0357270E6398061EB387E7021307E8
:10011000003293870719B3D7E70203270409510771
:10012000BA971777FD1F1307E70E030767016349A7
:1001300007003707C0A863E5E70037074057BA97BD
:100140002328F40883576405231CF4028347D40151
:1001500081C72285EFF0AFDD835784031777FD1F3A
:100160000357470893060032B387E70223110402BE
:1001700033D6D702B3F7D7029306204E2326C408FE
:10018000B387D702B3C7E7022310F4028357E4030F
:100190002312F4028347F40093E70702A307F40055
:1001A00083471401F99BA308F40083471401898B4A
:1001B000B9C70357E4128357E403B306F740139615
:1001C00006016343061A631CF70281470148930442
:1001D0008413232CF412232E041315469305841242
:1001E00026859710FD1FE78080D42685EF10004EEE
:1001F00083471401A306A412F59BA308F4008347C8
:10020000140113F7070125CB8356C4140357E403E5
:100210003386E6409315060163C80514639DE60422
:10022000BD9BA308F4008347A41481CB13F72700D8
:100230006306071485472303F4148347B41481CB62
:1002400013F72700630307148547A303F4142285DB
:10025000EFF06F9E8347A40799C78327040A93E7AB
:1002600007102320F40A8327040A2305040293E7D6
:1002700007202320F40A8347140113F7070221C340
:100280001777FD1F13078721384B13068005834618
:1002900047001857B386C60236978356C7010357DF
:1002A000E4033387E64013160701634A0600035749
:1002B000C4146316D70093F7F7FDA308F40083472F
:1002C000940293F70704E38207D603574404835745
:1002D000E403E31CF7D4034704019307A004631568
:1002E000F70085472308F4008327440A93E7074073
:1002F0002322F40A1DBB8346441783556405A18A53
:1003000099CE0356E4038356641703558403918EF4
:10031000B386A602B3C6B602B296231BD4168DCFFF
:10032000B307F7021307003293870719B3D7E70221
:1003300003270409BA971777FD1F1307A7ED0307D3
:100340006701634907003707C0A863E5E70037077F
:100350004057BA972328F408231CB402F5BB998FA1
:1003600013970701E35307E4930580022285EFF01A
:100370001FC02305A40213058002C9B1918B99C344
:10038000894755BD230304144DBD918B99C38947FB
:100390006DBDA303041465BD0545828005C54111EB
:1003A0009305200222C406C62A84EFF05FBCFD57E5
:1003B0002305A40223080400A303F402B24022444C
:1003C0004101828082800DC9411122C406C6834743
:1003D000F5002A849305E003898B91C3A145EFF0D2
:1003E0001FB9FD572305A402230804002304F402C7
:1003F000B24022444101828082808327050A7971BC
:1004000022D406D626D24AD04ECE52CC56CA2A8400
:10041000638F073413F7270019CBF59B2320F50AC8
:1004200003558500194693050008EF40B06C8327FB
:10043000040A13F747004DC3ED9B2320F40A8347BA
:10044000940293F7070491CB8327440A228593E70C
:1004500007402322F40AEFF08F8A0347B400854750
:100460000346440183560406631DF76A83578403D9
:100470001307204EB387E70203274409B3D7E702E7
:100480001777FD1F034787DA13070705BA97C207D7
:10049000C1830347A4022311F40886072310F4083C
:1004A0009307000819C393070004230EF40019E60C
:1004B0008347940293E71700A304F40281EA0355EB
:1004C00084000D4693050008EF40D0622310040617
:1004D000230A0400A30E04008327040A13F78700ED
:1004E0000DC303558400DD9B2320F40A15469305B4
:1004F0000008EF4030608347940293E74700A3046D
:10050000F4028327040A13F7070139C7BD9B232090
:10051000F40A8347B40403558400214689C7A30520
:1005200004041306000393051008EF40B05C8347F2
:10053000A40489CF83278410C18B89CB835584047D
:1005400022859205C205C181EFE05FBB834794021B
:1005500093E71700A304F4028327040A13F70704A0
:1005600015CB0347D40493F7F7FB2320F40AA147E4
:1005700063FBE7008347B40099E78327440A93E7C6
:1005800007012322F40A035584003146930510081D
:10059000EF4050568327040A13F7070245C38346EA
:1005A000B40093F7F7FD2320F40A0327C410832730
:1005B000841099EA1377070801CB0327440A37060A
:1005C0004000518F2322E40A93F7070263860758FD
:1005D000A9EA8346741489470357641B6398F65647
:1005E0008567938707A963FAE7008327440A0567AD
:1005F00013070780D98F2322F40A8346641489479E
:100600000357A41B6397F6548567938707A963FA7A
:10061000E7008327440A056713070780D98F232241
:10062000F40A03558400114693050008EF40904CEE
:100630008347940293E71700A304F4028327040A74
:1006400013F7071005C70355840093F7F7EF23202E
:10065000F40A230D04061D4693050008EF40904957
:100660008347940293E71700A304F4028327040A44
:1006700013F7070809CF0355840093F7F7F72320F2
:10068000F40A1306700593051008EF40B04683275F
:10069000040A13F7072031C393F7F7DF2320F40A86
:1006A00083476414230F0400A29703856716A301F0
:1006B000A414EF60205F2301A4142285EFE0FFBCA7
:1006C00003558400314693050008EF40B04283474C
:1006D000940293E71700A304F4028327040A1397F4
:1006E00027016357070079777D17F98F2320F40AD4
:1006F0008327040A13970701635A07048345F4020A
:100700001775FD1F0345B5D9EF10FF8A8357840382
:100710001307204E232AA408B387E70261777D17C9
:10072000B3D7A7021775FD1F034545B0130505058F
:10073000AA972311F4088347940293E71700A304B0
:10074000F4028327040AF98F2320F40A8327040A7A
:10075000858B91CF8347940283452405228593E7B7
:100760001700A304F402EFF09F802305A40283077F
:10077000141685C70307240399463306F74063D44C
:10078000C63E8327440AB7061000D58F2322F40AF9
:10079000ED57A302F416A300E4168347A41613F73B
:1007A000270045C3830624030307241663DCE60001
:1007B0000327440A37061000518F2322E40A114709
:1007C000A302E41603073416635CD7000327440A28
:1007D00037061000518F2322E40A7157A302E41652
:1007E000030704161306F007630CC7020346D4166A
:1007F0000345E416158F62076187B306A640635070
:10080000D73893F60701639C063693F7F7F893E71A
:1008100007012305F4168357041785072319F416D7
:100820008357241799CFFD17C207C1832319F416E4
:1008300089EB035584001306000293050008EF407E
:10084000702B8347A40085CF8327041299CF834759
:10085000A40181EF03558400014693050008EF4091
:10086000702901E58547230DF4008357240481CBCB
:10087000035584004D4693051008EF40B027834789
:10088000441713F7070169CBBD9B230AF41683278E
:10089000440A898BF1E303470401D547630EF70A45
:1008A00083471401898BCDEB8144814901498D4AED
:1008B000130A5002139784016187937737000987E1
:1008C00022970347D7178607B397FA007D8F638B6C
:1008D000E700268605458145EF10B124B3E9A9005C
:1008E0003369B9008504E39744FD03258413832508
:1008F000C413337535012AC4B3F5250128002EC66B
:10090000EF00D05C8347541363E0A7020345240340
:100910007D578547591562052C0061853AC43EC64E
:100920009710FD1FE780206103278413A2476317F8
:10093000F7000327C413B2476300F70215462C00E3
:10094000130584129700FD1FE780605E8327440A29
:1009500093E727002322F40A83464417A54713F799
:1009600096006316F7040357E40383576417636024
:10097000F704B307F74013960701634A060283475B
:1009800054171306000A0507B387C70203568403EA
:10099000DD9A230AD416B3C7C702BA97231BF416ED
:1009A0008327440A37078000D98F2322F40A83471C
:1009B0009402E1CB918B91CF03460401C1659385ED
:1009C00005A02285EFE0EFF883479402ED9BA30496
:1009D000F40283479402858B8DC303457402930709
:1009E000F00F6307F500EF106F98FD57A303F402B3
:1009F00083479402F99BA304F40283479402898BF2
:100A000091CF8355C403034584029205F915EF0085
:100A10007FE383479402F59BA304F4028347940287
:100A2000A18B85C38355C4030D4622859205F91514
:100A3000C205C181EFE0EFF183479402DD9BA3047F
:100A4000F4028347940213F7070101CF03456402C0
:100A500093F7F7F8A304F402EF104F91FD57230327
:100A6000F4028347940213F7070201CF83558404ED
:100A70000345640293F7F7FDA304F4029205EF0027
:100A80007FDC8347C40193F7070C89CB0347B4008D
:100A9000854722856315F712EFE0FFE38357E403F0
:100AA000A5CB13074006B3F7E702BDE39777FD1F19
:100AB000938787909C43898BA1C79764FD1F93847C
:100AC0006475985815CF9777FD1F83D7279EC20767
:100AD0009775FD1F83D5A59DDD8D254502979C58F3
:100AE0009775FD1F83D5659C294582979C58831572
:100AF00004032D4582979C58830524033145829732
:100B00009777FD1F2393079A9777FD1F23A0079AD6
:100B1000B250225492540259F249624AD24A456173
:100B2000828093070004230EF40019E683479402A1
:100B300093E71700A304F402E39C0698035584008E
:100B40000D4693050008EF40E07A59B293078014F0
:100B500059BC9307801465BC8327440A7D7713072B
:100B6000F77FF98F6DBC998FE3D9F6C28327440ACA
:100B7000B7061000D58F2322F40A954719B983468A
:100B8000B4168345C4163388B600635BE80013F8D7
:100B900007046317080093F7F7F893E7070495B97C
:100BA0002A96E34FC7C68D8EE3CCE6C613F707023D
:100BB000E31807C693F7F7F893E7070299B9EFE050
:100BC000FFC1E9BD1776FD1F1306468D03270609F1
:100BD000630C075079714AD006D622D426D24ECE65
:100BE00052CC56CA5AC85EC61769FD1F13098962DE
:100BF000030E690103258609B7470F001763FD1F20
:100C00000353435E0148FD58938EF72393850724D1
:100C1000370FC0A88357470883260709B3876702A1
:100C2000F697B3D7B70263520E16B387F64063F553
:100C300017013A85BE880548184369FF6306080016
:100C40009777FD1F23A8A78E03248609B7440F00BA
:100C5000138BF4239769FD1F93890960370AC0A895
:100C6000B70A40579384042483A70900832B0409FF
:100C700082979766FD1F83D6E656637575370357CF
:100C800044089767FD1F83C7775AB38BAB40330780
:100C9000D7025A97335797023E976367772B83574C
:100CA000E403A30F040022858507231FF402834772
:100CB0000414E5C39710FD1FE78060A82285EFF0BC
:100CC0008FB34DE9835744081765FD1F03558551C0
:100CD00037470F00B387A702030A69019306F7237A
:100CE000230A04021307072483240409B697B3D701
:100CF000E70263550A0AB387F4402324F4088327E4
:100D0000C408BE9463490A00B707C0A863E5F400AD
:100D1000B7074057BE948347B4002328940805477B
:100D20006396E7080357E4078356A40363E0E608E5
:100D300083460401639CF60683278411A5EB832771
:100D4000440AADE78346F4009D476391F606835756
:100D50008403B387E7021307204EB387E702032714
:100D60004409B3D7E7021767FD1F0347274CBA971B
:100D70002312F408B250225492540259F249624AA2
:100D8000D24A424BB24B45618280E3F0F6EAFA96D2
:100D900069BD9710FD1FE78020900DB7E3FDF4F4C7
:100DA0003707C0A82697B307F74081BF83570402CF
:100DB000A9CB8356E4030357440237460F0023129E
:100DC000D4023387E640B387E702035724021306B1
:100DD000062481468145BA97C207C1833385A7029D
:100DE0002311F402EF10415609CDAA9463490A0079
:100DF000B707C0A863E5F400B7074057BE9423289F
:100E0000940883A709008297AA8483A70900829780
:100E1000E30D95FE83A70900832484088297830746
:100E2000690163D9070C3385A4406304050E832749
:100E3000C4086370F50EB7440F0093840424B335DF
:100E400095021766FD1F0356E63981463305950264
:100E5000EF10814F835724021767FD1F13070759AF
:100E600014433E95B567BD07DCC60F1000001C4358
:100E700003592402096798C7130700F89766FD1FF6
:100E8000238AE65406059769FD1F83D9A935E8D35F
:100E9000330539033D673D0737460F00D8C71306B2
:100EA000062481468145EF10214A05C1B3379502DA
:100EB0004E868146B385B4023385A402BE95EF10F9
:100EC000A1483305A9402311A402EF60601BEF6025
:100ED000C0280347B400854781456313F7021755BF
:100EE0000000130565FBEF00DFD6930700FD230725
:100EF000F40049B5E3F9A4F2B707C0A8BE9425B73A
:100F000017150000130565F0EF00BFD4930710FC20
:100F1000F9BF0347B4008547032309036317F700AC
:100F20009545E30903E4154529A0E30503E4954548
:100F300019452254B25092540259F249624AD24A97
:100F4000424BB24B4561028363D50B068357E403E2
:100F50008507231FF4028347041491E72285970035
:100F6000FD1FE78060732285EFF0EF880327C40838
:100F700083270409BA97030769016345070063E300
:100F80004701D6970347B4002328F4088547631523
:100F9000F7002285EF40500F8347F4018545850710
:100FA000A30FF40083270903E38007CC154582973C
:100FB00065B98357C403130700328E07B387D7027E
:100FC00093870719B3D7E702E3F677DBA1452285BC
:100FD000EFE0FFF92305A402032309038945E31485
:100FE00003F449BB8357C40313070032B30B7541A5
:100FF0008E07B387D70293870719B3D7E70263F742
:10100000FB0C83A7090082978357E403AA8B85070B
:10101000231FF4028347041491E722859700FD1FE4
:10102000E78080672285EFE01FFDE31505D40327E5
:10103000C40883270409BA970307690163450700B9
:1010400063E34701D6972328F4088347F40113F795
:10105000070F35C32285EFE0BFA4A30F0400832749
:101060000409E3F0FBFA8356E4078357840313076C
:10107000204EB387D702B387E70203274409B3D7CB
:10108000E7021767FD1F0347671A0607BA9703476A
:10109000B4002312F40885476313F7028357A403AF
:1010A000E3F4D7BC2285EF40207E83270903E38D3C
:1010B00007BA8D45E5BD8507A30FF4004DB783271B
:1010C0000903E38307BA8D451945D5B5E3C40BCAB7
:1010D000A1452285EFE0BFE92305A402032309030C
:1010E000E30A03C8914581B58280411122C406C636
:1010F0002A8483278411D9E783270412D5E703259F
:10110000041109C59710FD1FE780205003457402A4
:101110009307F00F6304F500EF005FA50345640239
:101120009307F00F6304F500EF005FA4034584020A
:101130009307F00F6304F500EF005FA303558400ED
:1011400059249767FD1F9387E70C9C4785CB9767CA
:10115000FD1F83D7E73E9DE39767FD1F9387070633
:10116000885309CD9710FD1FE780204A9767FD1F20
:1011700023A607069767FD1F23A40706B240224453
:1011800041018280C84309C59710FD1FE780E047F1
:101190008327841103D7A700136707F02395E7007F
:1011A0009C43232CF410B1B703D7A700C84313679F
:1011B00007F02395E70009C59710FD1FE780E0447D
:1011C000832704129C432320F4123DB79767FD1F29
:1011D0009387C72C83A7070999E33E85828003D7AD
:1011E0008700E30CA7FE9C43C5BF9767FD1F93874D
:1011F000E72A83A7070AC1669765FD1F83C57502A5
:101200000147FD1603D6A700630BA6006309D600AD
:1012100005071377F70FC107E3F6E5FE81473E8523
:1012200082809767FD1F9387672783A7070AD1EB03
:101230001765FD1F03556529130515029767FD1FE7
:1012400083C737FE15858507160592073E9542052B
:10125000411141819305B02006C69710FD1FE7801C
:10126000A02D1DC59766FD1F83C6B6FB138716000C
:101270009767FD1F23A4A72C1207939506012A97B1
:10128000C1818147130840F5930820F563D5F60026
:10129000B240410182808DE32315150158C1A3049A
:1012A000050041052A8663E3B70001468507C207AA
:1012B0002328C5FEC183D9BF2315050123220500BC
:1012C000F9BF828041119305A0201305001D06C6B9
:1012D00022C426C29710FD1FE78000261306001DBA
:1012E00081452A849700FD1FE780E0C7014551CC66
:1012F0009764FD1F9384841A03A6040931C683A64C
:10130000440983D7860013871700931707019315A5
:101310000701C18363D30500854732878355870062
:10132000E383F5FE18437DFB2314F400A1CB80C2B8
:101330009767FD1F23AE871E83D7440A850717676B
:10134000FD1F231FF71E15A085472314F400176700
:10135000FD1F232D871C1767FD1F232B871C176775
:10136000FD1F231FF71CEFF0DFEB83A7440923A029
:101370000700230504002307040031A022859710ED
:10138000FD1FE780802803558400B2402244924428
:101390004101828041119767FD1F9387271022C466
:1013A00003A4070A06C609E8B24022449767FD1F56
:1013B00023A607184101828022859710FD1FE78030
:1013C000C0240040CDB7411122C41764FD1F13048F
:1013D000E40C8326040906C60147B687A5C703D6D1
:1013E00087006317A60615EF98429766FD1F23AF87
:1013F000E6123E859710FD1FE780202183274409D0
:1014000023A007009767FD1F83D787139DE7EFF0A1
:101410007FF89767FD1F23AB0710B24022444101BC
:101420008280832644096397F6009766FD1F23A1F7
:10143000E610C1B7944314C36DBFFD171767FD1FB6
:101440002310F7109767FD1F83D7870FF9F7C1B7F0
:101450003E879C4361B7614681451765FD1F1305B3
:10146000E50C1703FD1F670003B08327C50803566B
:101470008508797193D60701BD8EC206C182358E6B
:101480001357764093575640898B058B5D8F935742
:101490003640918B5D8F93571640A18B5D8F9317CC
:1014A0001600C18B5D8F9317360093F707025D8F8F
:1014B000931756009355860093F707041E065D8F19
:1014C0001376F60F518F93D7554013D63540118AB6
:1014D000898BD18F13D67540D18F13D61540218AB1
:1014E000D18F13961500418AD18F1396350013764C
:1014F0000602D18F13965500137606049E05D18FF0
:1015000093F5F50FCD8FA20745465D8F3307C702D0
:1015100022D42A8426D252CC56CA032A8409832A8A
:10152000C4095AC806D63697420741839357774075
:10153000135557400989858BC98F13553740118939
:10154000C98F135517402189C98F13151700418979
:10155000C98F1315370013750502C98F131557006E
:1015600093558700137505041E07C98F1377F70F6E
:10157000D98F13D5354013D755401189098B498F21
:1015800013D57540498F13D515402189498F13957F
:1015900015004189498F1395350013750502498F50
:1015A00013955500137505049E05498F93F5F50FA6
:1015B0004D8F2207D98FB387C7024AD04ECE5EC661
:1015C00062C4B697C207C18313D7774013D557407B
:1015D0000989058B498F13D537401189498F13D558
:1015E00017402189498F139517004189498F139519
:1015F000370013750502498F1395570093D587005F
:10160000137505049E07498F93F7F70FD98F13D5EC
:10161000354013D755401189098B498F13D5754033
:10162000498F13D515402189498F1395150041899C
:10163000498F1395350013750502498F1395550091
:10164000137505049E05498F93F5F50F4D8F2207FD
:10165000D98FB387C702130650025285D685B69735
:10166000BD8E93940601C18033F6C402137BF60F3E
:10167000EF00D14805891DE98347140801498149D4
:10168000B3849702130C5002C1804A865285D685D6
:10169000EF00D1460589937BF90F11C563863403AA
:1016A000850993F9F90F0509E31189FF230F6407F1
:1016B000B250225492540259F249624AD24A424BE1
:1016C000B24B224C456182805E8BCDB783471500BB
:1016D0000347250083464500A2074207BA97034700
:1016E0000500FD8A0548BA970347350093050002B7
:1016F00001456207BA9701473316E8007D8E01C69F
:1017000005051375F50F0507E318B7FE8147214658
:1017100033D7F640058B01C705051375F50F85070F
:10172000E398C7FE8280011152C656C4032A85136E
:10173000832AC51322CC26CA4AC806CE2A84A30B04
:101740000512A3060512814413095002268652850C
:10175000D685EF00B13A058911C58347D4128507B4
:10176000A306F4128504E39324FFF2406244D244BA
:101770004249324AA24A056182808347651393D663
:101780003700AA9683C5061313F7770033D6E540D2
:10179000058A6304061083471501898B6396071039
:1017A0008327450A898B63910710011122CC2A8473
:1017B0001305851306CEEFF07FF1034754138347DB
:1017C00024036360A70A138567FF62057D56FD4603
:1017D0002C00618532C436C69700FD1FE780A075D6
:1017E0000326841322478326C413B247718FF58FD3
:1017F0006314E600638AF6002800EFF03FEDA5478A
:1018000063EFA702A30AA412834744178DE7034698
:1018100064132245B245EF00712E058909CD832757
:10182000C41093F7070881CB8327440A3707400089
:10183000D98F2322F40AF2406244056182806D153B
:10184000A30AA41215462C001305841297F0FC1F5E
:10185000E780E06D8327440A93E727002322F40AF8
:1018600065B7138547FF8345641362056185EF50B3
:10187000C04959F90346641305458145EF00712AB3
:10188000032784138327C4131345F5FF93C5F5FF7E
:10189000698FED8F3AC43EC675B78547B397E700A9
:1018A000CD8F2388F61282808280411122C426C205
:1018B00006C64AC0834745032A849764FD1F938464
:1018C000E4B28507230AF502834735016393075283
:1018D0008347C50013070004A309E500034715016A
:1018E000B19B93E737002306F50093178701A30DFB
:1018F0000500E18763D907001377F707A308E50020
:10190000EF30C01D39A88327850A93F62700B9CA8E
:10191000F59B2324F50A83270510918BA9C3EF10AB
:1019200060110347B4018547631DF70C83278411B9
:101930000347C400DC432380E70083278411034767
:101940005401DC43A380E700032784119C405843E3
:10195000B2402244B8DB9244024941018280EF1038
:10196000000BC1B793F6170099C6F99B2324F50A1B
:10197000EF00307A7DB78346050105466392C624A1
:10198000CDC313F7070119C7BD9B2324F50AEF1038
:10199000A06341BF13F7070401CB93F7F7FB2324A0
:1019A000F50AEF10A00EB5BF13F7070801CB93F7A8
:1019B000F7F72324F50AEF20500BA5B713F70720FC
:1019C00001CB93F7F7DF2324F50AEF10702391BFC3
:1019D00013F7074009CB93F7F7BF2324F50A2285B5
:1019E000EF1000303DBF13973701635A07007D7732
:1019F0007D17F98F2324F50AEF10C0411DB723246A
:101A0000050A832704110347C4002380E7008327C6
:101A1000041103475401A380E7009C4003270411ED
:101A200005BF8327450A6385072893F6070199C6F2
:101A3000BD9B2322F50AEF102054E5B593F6070469
:101A400081CA93F7F7FB2322F50AEF00F073D1BDAB
:101A500093F607208DCA4D8B631F071883278518BF
:101A600089EF8327440A23240418228593F7F7DF9C
:101A70002322F40AEF10405F6DB59700FD1FE78049
:101A8000809465F179BD93F6170099CA4D8B631464
:101A90000716F99B2322F50A2285EF00B05251B5B3
:101AA00093F6270091CA4D8B63170714F59B2322E9
:101AB000F50AEF108040B5B593F6074081CA93F759
:101AC000F7BF2322F50AEF009079A1BD9396470155
:101AD00063DB06007D771307F77FF98F2322F50A72
:101AE000EF20806B3DBD93F607028DC29700FD1F6E
:101AF000E780608DE30705E28327440A228593F798
:101B0000F7FD2322F40AEF00306321BD93F687002E
:101B100081CADD9B2322F50A2285EF10E07B11B5F7
:101B200063DD0700860785832322F50A8327050ADC
:101B300093E727002320F50AE9B59396370163DC84
:101B400006004D8B4DEB7D777D17F98F2322F50A2B
:101B5000EF007075F9B313972701635A070079777F
:101B60007D17F98F2322F50AEF10A0055DBB1397AF
:101B7000E700635A070001777D17F98F2322F50AE2
:101B8000EF10401379BB1397B700635B070037076B
:101B9000F0FF7D17F98F2322F50AEF10801F51B354
:101BA00013979700635B07003707C0FF7D17F98F16
:101BB0002322F50AEF10A02CADB32322050A91B51C
:101BC0009DCA9307600463EAD7089307500463FB38
:101BD000F6169307C0026382F61C63E7D7029307E9
:101BE0003002638AF60063EAD700E9476385F61698
:101BF000F5476388F616228521B393076002638C4C
:101C0000F61A93077002F5B793077003638AF61606
:101C100063EBD7009307E002638FF6189307100376
:101C2000E387F6D6C9BF930780036388F61493074A
:101C30001004E392F6FC8347A50279476392E70C10
:101C400083270510918BD5CBBD47A305F502EF0087
:101C5000705E85472308F400E9B19307700563E0DF
:101C6000D70693076005E3F1F6F09307B0046383AA
:101C7000F61663E7D70293077004E39EF6F6034770
:101C8000A502F9476315F70AEF0070588547230846
:101C9000F4008347940293E71700A304F40251B1C0
:101CA00093071005E389F6D093075005E395F6F402
:101CB00097F0FC1FE7802071E30505C62DBF930751
:101CC000B00663E1D7029307A00663FBF610930703
:101CD00010066384F61093076006E39EF6F0EF109B
:101CE000207285BF93076007E38BF6CE93076008E9
:101CF000E393F6F0EF100012A9BFEF00505191BF2F
:101D00000549639B27018357250703574507BA9762
:101D10008587231BF50449B3EF20505C8327040A11
:101D20002308240193E727002320F40ADDBE83570C
:101D3000250703574507BA978587231BF504EF004E
:101D4000702881BF8357250703574507BA978587B2
:101D5000231BF504EDB7EF007034D9472309F404D1
:101D6000C9B62285EF2090578327040A2308040070
:101D700093E717002320F40A6DB6EF00D03E55B666
:101D80008547A305F5049305C50A41461305C50C0F
:101D900097F0FC1FE780A01941B38D472305F50498
:101DA0002322050E2324050E2326050E2328050EC7
:101DB000EF001034BDB62285EF2050528347140146
:101DC000DD9BA308F4008327040A93E7070123207F
:101DD000F40A41B5EF00904BADBDEF20305095BDFA
:101DE000EF20D04F8327040A056713070780D98F98
:101DF000F9BF9757FD1F83D7676B85071757FD1FDF
:101E00002316F76A39BE79714ECE9759FD1F938913
:101E1000E96822D403A4890952CC56CA5AC8216A57
:101E2000B72A0200370B008226D24AD006D65EC6F9
:101E300062C41759FD1F1309A9599754FD1F9384B4
:101E4000E45A7D1A938A4A067D1B8347E4001307F0
:101E5000100C6396E71A9C4098430D8B05C3B84B52
:101E6000619BB8CB98431367870098C39C438D83CD
:101E7000858B89C701000100010001002285EFF078
:101E8000DFA2930700F81757FD1FA304F7549757D5
:101E9000FD1F2382075483472414975BFD1F938BF8
:101EA0006B5283A60B0093F7F70313979701DC5649
:101EB000B3F76701D98FDCD6371700409307700559
:101EC0002300F704930780FA2300F70483462414C1
:101ED000B54763FED7048357270293E70701231111
:101EE000F7020327840983A70B0098C70327C409B7
:101EF000D8C39840544393E6160054C37453FDFE70
:101F00009306000A74D3D457F19A93E61600D4D7F7
:101F100083465401CDCE8346A404898ACDCAA285C6
:101F20000545EF40B03401CDEF502023CDAB8357B2
:101F30002702C207C183BD9BC207C1834DB703A758
:101F40000B00B70633001C4393F7F7E71CC31C4391
:101F500093F7F7E793E707101CC39757FD1F938785
:101F6000A74D98431C47D58F1CC79C401307A00F53
:101F7000B8CB9757FD1F9387274C98435C57F59B29
:101F80005CD78347641383A60B0013F7F7079C42C3
:101F900093F707F8D98F9CC203465401930730FC8E
:101FA000834564142307F40095471757FD1FA304C6
:101FB000F742894711066396F5008345841493E53B
:101FC000250001459700FD1FE780A0E4BDBD9443B7
:101FD0003706330093F6F6E794C3944393F6F6E797
:101FE00093E6061094C39757FD1F9387E7449443E5
:101FF0009C46D18F9CC69307A00D3CCB9DBF130779
:10200000400C639FE75683473900858B63870752EF
:1020100083473900E207E18763D3070283476413EC
:1020200013D7370093F6770022978547B397D700E9
:102030008346071393C7F7FFF58F2308F7128347EB
:10204000F40013F7270009EF93E72700130700F8C0
:10205000230EE400A307F4009757FD1F23AE074C9F
:102060008345A404032544119306040313062403A3
:1020700085899700FD1FE780A0CF9757FD1F238C10
:10208000A7348347240303C76904998F2309F40203
:1020900083476900858B6390073A83479402A30CBA
:1020A0000400231F040693E72700A304F4022285FB
:1020B000EFD0CFCB35E183278411A3090400B9C346
:1020C0000347B40121C303C79700058B05EF03D76E
:1020D000A700C843136707F02395E7009700FD1F8B
:1020E000E780A0528357240485072311F404832733
:1020F00084119C43232CF4108327841881C7FD1777
:102100002324F4188347540181CB8347A404898B8B
:1021100081C72285EFD08FCA83476900898B63828C
:1021200007128347A404858B638D071083479401AE
:102130008507A30CF40022859757FD1FA38B072862
:1021400097F0FC1FE780A04885476310F53422858F
:10215000EFF0AFF58347A404898B638B072E834789
:1021600054016387072EA2850545EF403010E31D1B
:1021700005DA9757FD1F9387E7249843B706330086
:102180001C4393F7F7E71CC31C4393F7F7E793E768
:1021900007101CC39757FD1F9387072A98431C47B6
:1021A000D58F1CC79C401307A00FB8CB83455401A3
:1021B00003456414894791056316F50003458414AB
:1021C00013652500EF40D0419757FD1F9387871F68
:1021D0009C43B70680009843558F98C3D857719B8E
:1021E000D8D7930730FC2307F40083270412B9C320
:1021F0000347F400058B1DCFD44303C6C70083C536
:102200008700035584008906EF90204E05E583275B
:10221000041203D7A700A3840700136707F02395D0
:10222000E7009C432320F4128357040481C7FD1761
:102230002310F40403465401834564140945110630
:1022400051B32285EFD00FB5E31705EE2285EFD00D
:10225000EFAD8347140113F7870031C303476401CF
:102260001DCF03477401C54663E6E60033D7EA0095
:10227000058B15E79307D0032309F4049307700235
:102280002308F4008347A404858BE38607EA834789
:102290006401E38207EA2285EFD04FB769BD834628
:1022A000D4000D476391E60483477401130790023D
:1022B0006370F702834774011D47E385E7FC23063B
:1022C000F4028327840A93E717002324F40A5DBFEE
:1022D0008A07175701001307E7F2BA979C43228534
:1022E000829769F945B7034734011DEF034704019D
:1022F000C146631AD70093E71700A308F400854787
:102300002308F40015A0D5466315D70093E72700EE
:10231000EDB7F1466315D7028327040A23080400AA
:1023200093E717002320F40A83476401A1DF228585
:1023300097F0FC1FE780A01BE31F05DEA1B7930603
:1023400090056310D70A0347A41401CB0346641415
:102350008546B396C600631CD7000346B41415CE59
:10236000834574148546B396B6006308D60293E796
:102370000701A308F40041D7937647008357A41CB4
:10238000A1CA03578414938787E815C30947B3C7C5
:10239000E702938757FD214705A08347E401E1DF6A
:1023A0008327040A93E707202320F40AE9B721478B
:1023B000B3C7E702938757FDB3C7E7020357841CEF
:1023C000C207C18363F3E7003E872306E40405BF29
:1023D000058B01C7938707FB7DBF9387C7FB114719
:1023E000E1BF93077006631DF7029757FD1F9387A0
:1023F00067FD98437C53ED9B7CD39757FD1F238E3D
:1024000007FC3717004083578701B377FA00231C76
:10241000F7008347C40093F7F7FD2306F400C5B522
:1024200093075009E312F7F08347441793E74700F7
:10243000230AF416E9B5834784018507230CF400C9
:1024400083D7E90085071757FD1F2310F706E5B16D
:102450009757FD1F938707F79843B70633001C4330
:1024600093F7F7E71CC31C4393F7F7E793E70710CD
:102470001CC39757FD1F938727FC98431C47D58F94
:102480001CC79C401307A00D0DB3EF40104D8327D0
:102490000412A9C30347F400058B0DCFD44303C630
:1024A000C70083C58700035584008906EF90E023A9
:1024B00015E18327041203D7A700136707F02395BC
:1024C000E7009C432320F4128357040481C7FD17BF
:1024D0002310F4042285EFD05FF2834794018DC767
:1024E00093F7070F81CB9305D0032285EFD03FA848
:1024F0002305A4029757FD1F9387C7D19C5B89C70B
:1025000095451305600882978347840189CB9757C7
:10251000FD1F83C767FD81C72285EFF00FA62285C7
:102520002254B25092540259F249624AD24A424B62
:10253000B24B224C45616FD0BF949C40FC53E39654
:1025400007909757FD1F238707E8EF401041834707
:102550003900E207E18763D9070083D7290185079E
:102560001757FD1F2315F7F42285EFD01FE9834786
:102570003900E207E187E3D407FAEFF0BEB241BFCA
:102580001307300CE392E79A83472900858BE5C354
:102590009757FD1F238F07E28327040A858B95C376
:1025A000EF40B03B03457402EFF04EDC8345240559
:1025B000FD57A303F4022285EFD07F9B2305A402DD
:1025C000B9BF8355441C0356641C0345741491051C
:1025D000C205C181EF40F0138347A404175CFD1FBF
:1025E000130C4CDE975BFD1F938B0BE5858BA9CB02
:1025F000A2850145EF40E04F03270C00B7063300EA
:102600001C4393F7F7E71CC31C4393F7F7E793E7E3
:1026100007101CC303A70B001C47D58F1CC79C4089
:102620001307900F0356441CB8CB930740FC1106C8
:1026300042062307F400418283457414054559B2CC
:1026400003270C00B70633001C4393F7F7E71CC3BE
:102650001C4393F7F7E793E707101CC303A70B008E
:102660001C47D58F1CC79C401307900D65BF9C402D
:10267000FC53639C07FC9757FD1F238D07D46DB057
:10268000411126C206C622C4AA84EFE03FB419C590
:102690002A842685EFD0AFFC2324A418B24022441C
:1026A000924441018280834665010D47AA87638475
:1026B000E6000545828003274511034647002305B0
:1026C000C502034737006316D7020347B50075F309
:1026D00003470501930600026307D7009306300203
:1026E00001456317D700130760022388E7000145FF
:1026F0008280BD466310D70203470501930600049C
:1027000001451377B70FE315D7FE1307500423884D
:10271000E7008280B946631AD70083460501130794
:102720000003E398E6F80547C9B7D1466317D70019
:102730008346050113070005EDB7D9466318D70294
:102740008346050113075005E395E6F60327050ABE
:10275000136707202320E50A05472308E50003C780
:102760001701136707F8A388E70051B7E946631B11
:10277000D7008346050113075006E39CE6F21307D2
:10278000A006A5B7FD46631BD700834605011307C6
:10279000A007E390E6F2130710F881BF930630021A
:1027A000E319D7F08346050113075008E393E6F0D9
:1027B00005472308E5000347950213671700A304A4
:1027C000E50271BFB147A30AF50083270511E9C7E8
:1027D0000947A309E5048356C5050357E503835557
:1027E000E50563E7E60013865500998E6343D6023C
:1027F0009756FD1F83D6C6D40D4811466365D80091
:10280000850613F6F60F2E972107A309C504231E8C
:10281000E5042381070003473505A381E70003474B
:10282000450503566505835685052382E700034762
:1028300055052383C7002384D700A382E7001357DD
:102840008600A383E70013D78600A384E70003571D
:10285000A505935587002385E700A385B700834529
:10286000C5052386B7008345D505A386B7008355E4
:1028700085038147639BC5000356A5036317D600F4
:102880008357C503998F93B717002310F506C147E7
:102890002308F500014582800545828083270511C4
:1028A0000947A30AE50095C32381E70003472505EF
:1028B000A381E7008347950293E78700A304F5020D
:1028C000F1472308F500014582801D458280854738
:1028D000A30AF5008327051191CB15472381E70053
:1028E0009307B0022308F5000145828005458280E8
:1028F0008547A30AF5008327051191CB194723814A
:10290000E7009307D0022308F500014582800545C2
:1029100082808947A30AF5008327051181CF1D47CF
:102920002381E700832705110347C5020145A381E1
:10293000E7008280054582808547A30AF50083274A
:10294000051185C329472381E7008347950293E753
:102950004700A304F502930750032308F50001453F
:102960008280054582808547A30AF50083270511EB
:1029700091CB2D472381E700930770032308F500CF
:1029800001458280054582809947A30AF500832787
:10299000051131472381E7001757FD1F130707B0C3
:1029A00083564701A381D7009756FD1F83C666B0A3
:1029B0002382D7009756FD1F83D6A6AFA182A3829C
:1029C000D700834687012383D70003479701A3835A
:1029D000E7008347D50213F7070409CF9307A00345
:1029E0002308F5008347D50293F7F707A306F502FE
:1029F00001458280858BFDD78327050A23050502C3
:102A0000A306050293E707042320F50AE1BF8947DF
:102A1000A30AF5008327051181CF35472381E700FD
:102A2000832705110347A5020145A381E7008280A2
:102A3000054582808D47A30AF5008327051191CFB4
:102A400045472381E7000347B502A381E700034719
:102A5000A50201452382E7008280054582808547E3
:102A6000A30AF5008327051185C349472381E700A1
:102A70009307A0042308F5008347950293E74700D6
:102A8000A304F50201458280054582808547A30A9B
:102A9000F5008327051191C74D472381E7000145C4
:102AA000828005458280032705118D47A30AF50022
:102AB000D9472301F70083464514A301D700834774
:102AC0005514918A2302F7000357A51CB1C693063B
:102AD000F034814763FDE600930787E803578514C8
:102AE00015CB8587938757FD8D87C207C183035711
:102AF000851C63F3E7003E87834795022306E504C0
:102B000093E74700A304F502930750052308F50057
:102B1000014582808D87F9B7858B99C7930707FB9D
:102B20002147B3C7E702D1B79307C7FB1147D5BF0A
:102B3000032705118D47A30AF500DD472301F700A0
:102B400083474514A301F700834655142302D70099
:102B50000347B514F98F93F647000357A51CB1C678
:102B60009306F034814763FDE600930787E8035737
:102B7000851415CB8587938757FD8D87C207C18341
:102B80000357851C63F3E7003E87930780052308FE
:102B9000F500834795022306E50493E74700A30465
:102BA000F502014582808D87F9B7858B99C7930718
:102BB00007FB2147B3C7E702D1B79307C7FB11470C
:102BC000D5BF9547A30AF5008357E50303270511F1
:102BD000E146A107C207C1832316F5142301D700DC
:102BE0008346A514A301D7000346B514A30207002A
:102BF000230307002302C7008325851441766D8EC9
:102C000011C6A302F700A1832303F70093F7460040
:102C10000357A51CA1C39306F034814763FDE6006A
:102C2000930787E80357851405C78587938757FD62
:102C30008D87C207C1830357851C63F3E7003E8776
:102C4000930790052306E5042308F50001458280DB
:102C50008D87E9BF858A99C6930707FB2147B3C7CC
:102C6000E702C1BF9307C7FB1147D5BF83260511F4
:102C70008D47A30AF500E5472381F60083477514C5
:102C8000034665140547B317F7003317C700D98FFC
:102C9000A381F600834715142382F600834795022B
:102CA00093E74700A304F502930700062308F50005
:102CB000014582808947A30AF500832705117547DE
:102CC0002381E7001747FD1F1307477D03473700A0
:102CD000A381E700930750072308F5000145828090
:102CE0008947A30AF5008327051179472381E70067
:102CF0000347E502A381E7008327050A2167D98FEF
:102D00002320F50A85472308F5000145828097476F
:102D1000FD1F9387A778B84B93078005834647002C
:102D2000B387F602145703270511BE96A547A30AD9
:102D3000F500930700022301F7000356A51C8357F3
:102D4000651CB297D05A9387C71263F3C700B28746
:102D5000A301F70013D68700C1832302C700A30293
:102D6000F7009C5E2303F70013D68700C183A303FB
:102D7000C7002304F70083C7C601A304F70083C775
:102D8000D6012305F7009307C0072308F500014586
:102D9000828083270511114613073002A30AC5005C
:102DA0002381E70003478515118B05CF0347A51540
:102DB000238207009306F7FF05473317D700A38147
:102DC000E70003473514A382E7008347950293E7A2
:102DD0004700A304F502930750F82308F5000145C6
:102DE00082808346751409476392E6021747FD1FE8
:102DF0000347B75E09C72147A381E70019A0A38154
:102E0000C700034755162382E70065BF0547331700
:102E1000D700DDB79547A30AF500832705111307EF
:102E200040022381E700A3810700030735148306CE
:102E3000F5156395E6008946A381D7008306E5155D
:102E40006398E60083C6370093E61600A381D70097
:102E50008306D5152382D7000346C515A382E70054
:102E60002383C70083478515858B81CB99C683272C
:102E7000050A4167D98F2320F50A014582809147D1
:102E8000A30AF50083270511130780022381E700B9
:102E90001747FD1F130787600347C704A381E70097
:102EA00029472382E70013072003A382E700930743
:102EB00050F92308F50001458280411126C2832480
:102EC000051106C622C4A147A30AF500A1C883576D
:102ED000E5030357E5052A8493058512BA97A907E8
:102EE0002317F51285472381F40013853400154616
:102EF00097E0FC1FE780A0038347E4120145238489
:102F0000F4008357E412A183A384F400D547230877
:102F1000F400B24022449244410182800545D5BF6D
:102F2000411126C28324051106C622C4B547A30A4F
:102F3000F500A9C091472A842381F4009305851ADE
:102F400021461385340097E0FC1FE78040FE13857F
:102F5000B40011469305041B97E0FC1FE78020FD99
:102F6000930720022308F4000145B2402244924412
:102F7000410182800545D5BFA547A30AF5008327F7
:102F80000511A9C3411122C406C621472381E700C8
:102F90002A84032505119305840F21460D0597E02A
:102FA000FC1FE780C0F883479402014593E7470080
:102FB000A304F402930700032308F400B240224460
:102FC000410182800545828083270511A1C74111F7
:102FD00022C406C62547A30AE5002381E7002A8408
:102FE000032505119305840F21460D0597E0FC1F6D
:102FF000E780E0F38327040A23050402014593E7F1
:1030000007022320F40A85472308F400B240224433
:103010004101828005458280A547A30AF5008327E8
:103020000511A9C3411122C406C639472381E7000F
:103030002A84032505119305840F21460D0597E089
:10304000FC1FE780C0EE83479402014593E74700E9
:10305000A304F402930700032308F400B2402244BF
:103060004101828005458280E147A30AF50083275C
:103070000511D1CF411122C406C63D472381E70087
:10308000034725072A8493056506A381E7000357B4
:103090002507314621832382E70003474507A382A2
:1030A000E700034755072383E70003478505A3830C
:1030B000E700034795052384E7000347A505A3849C
:1030C000E7000357A50521832385E700035725065D
:1030D000A385E700034745062386E7000347550617
:1030E0001385E700A386E70097E0FC1FE78020E454
:1030F00083479402014593E74700A304F402930732
:1031000000042308F400B2402244410182800545B6
:103110008280E147A30AF50083270511C1CB411145
:1031200022C406C641472381E700034725072A84B6
:1031300093056506A381E7000357250731462183E0
:103140002382E70003474507A382E70003475507AB
:103150002383E70003478505A383E700034795051D
:103160002384E7000347A505A384E7000357A505CB
:1031700021832385E70003572506A385E70003473E
:1031800045062386E700034755061385E700A38617
:10319000E70097E0FC1FE78080D9930740042308ED
:1031A000F400B240224401454101828005458280FD
:1031B000411106C6AD47A30AF50083270511130781
:1031C00090029305D5172381E70013853700294620
:1031D00097E0FC1FE780A0D5B24001454101828005
:1031E00083254511411126C206C622C483C7450066
:1031F00003C735000568A207D98F1387A7FF4207C9
:1032000041839306A8C7F94463E2E60C03C765004F
:1032100083C65500130808C82207558FF944636711
:10322000E80A6365F70A03C6850083C675002206AF
:10323000558E9306301F63EBC60883C6A50083C86E
:103240009500A206B3E616016362D80813081600BB
:103250003308F80293983600635A180783C8B500FC
:103260001398080113580801638408006360070776
:10327000835885038144639D1701631BF7008358BE
:10328000A5036397C8008354C503958C93B41400B9
:10329000231CC5042319F506231AE506231DD504AE
:1032A0002311050783C7D50003C7C5002A84A207D9
:1032B000D98F2312F5063146B9051305650697E047
:1032C000FC1FE780C0C69147A30EF400B240224421
:1032D0002685924441018280797126D2832405118A
:1032E00006D622D44AD04ECEDD47A30AF500638726
:1032F00004108D472381F4002A84EFE0AEA6130961
:1033000094192AC4EFE00EA621462C002AC64A854D
:1033100097E0FC1FE780A0C18347B4190347A419B5
:103320009309141AA2074207BA970347C419BA9718
:10333000034794196207BA972324F40C0347E4194E
:103340008347F4194207A207BA970347041ABA97AA
:103350000347D4196207BA972322F40CEFE08EA03A
:103360002AC411462C004E8597E0FC1FE78020BC44
:103370008347241A0347341A2146A2074207BA9703
:103380000347141A9305F41813853400BA970347BA
:10339000441A6207BA97232EF40C97E0FC1FE780CB
:1033A00000B983478419034774192146A207D98FAE
:1033B000A385F400A1832386F400CA851385D40075
:1033C00097E0FC1FE780A0B6138554011146CE8517
:1033D00097E0FC1FE780A0B583479402014593E77F
:1033E0004700A304F402930700022308F400B2503C
:1033F000225492540259F249456182800545C5BF65
:10340000411122C406C68547A30AF5002A848345D4
:1034100035150327051103454515854693176500A6
:10342000CD8F2301F700ED47A301F7008347C400C8
:103430000346241593E707022306F400EF30F03E1D
:10344000930770062308F400B2402244014541016D
:103450008280832745111303000E03C6470003C76C
:1034600037002206598E130756FE420741836367D1
:10347000E30683C6670003C757001168A206D98E0A
:10348000138786EB42074183130888146368E804B6
:1034900003C7870083C877002207336717019308A3
:1034A00057FEC20893D80801636A130383C89700C4
:1034B00083C7A700A207B3E71701938887EBC20869
:1034C00093D80801636C1801231EC51A231FD51A4F
:1034D0002310E51C2311F51C6FB0DFE00545828049
:1034E0008346B5000547AA8705456395E60C83C664
:1034F000670131470545639FE60A03A747118346E5
:103500003700A389D7048346570003464700A20625
:10351000D18E239AD7048345770083466700A2059E
:10352000D58D239BB7040346970083468700220668
:10353000558E239CC7048346B7000345A700A20607
:10354000C98E239DD7040345C7000347D700220730
:10355000498F03D58703239EE7040147631BB5000A
:1035600083D5A7036397C50003D7C703158F133708
:1035700017002390E70603C70701930600046304BE
:10358000D702930640046315D70005472388E70058
:1035900003C717019546A38ED700136717F8A388B2
:1035A000E7000145828003C7970213671700A384D1
:1035B000E702E1BF8280034765018947631DF70089
:1035C0008327451183C737002309F504F5472308EE
:1035D000F500014582801D4582808347B5002A871A
:1035E000D9EB83466501B54705456397F6088346E1
:1035F0000701930700026391F608832747110145ED
:1036000083C6570003C64700A2064206B29603C609
:103610006700B29603C637006206B2962320D70C25
:1036200083C6970003C68700A2064206B29603C669
:10363000A700B29603C677006206B296232ED70A79
:1036400083C6C70003C6D700A2064206B29603C6C9
:10365000B70083C7E700B296E207B6972320F70EBC
:103660008347170193E78700A308F7009307300209
:103670002308F7008280054582808347B5009DE3DB
:10368000034765018547631DF7008346050113075E
:1036900030026397E6009307C0022308F5008147D4
:1036A0003E8582808547EDBF834665010547AA8731
:1036B0000545639CE60203C707019306B002631A3F
:1036C000D7001307E0022388E7002385070201459E
:1036D00082809306D00205456319D7001307E002E4
:1036E000238507022388E700DDB782800347650151
:1036F0008947631EF704E9472305F502832745112F
:10370000394783C737006392E702034705019307F0
:103710000003631EF7028327050A93E707022320AD
:10372000F50A85472308F500B9A03D476393E702F2
:103730008327851003470501F59B2324F510930784
:1037400000046316F700930760042308F5000145A1
:10375000828049476398E702034705019307A00465
:10376000E317F7FE85472308F5008347950293E7A3
:103770001700A304F5028347150193E707F8A30890
:10378000F500F1B751476392E7020347050193073C
:103790000005E31EF7FA85472308F5008327050A8D
:1037A00093E707102320F50AF9B75947639DE7000F
:1037B0000347050193075005E31BF7F88327050A24
:1037C00093E70720A9BF6947639FE7000347050107
:1037D00093075006E31DF7F68327050A05671307CD
:1037E0000780D98F2DBF7147E383E7F67547639C48
:1037F000E7000347050193075007E31AF7F483270F
:10380000050A2167F9BF13073002E392E7F4034783
:10381000050193075008A9B70347B5008547631111
:10382000F70203476501631BF700034705016317B0
:10383000F700930760032308F50081473E858280E7
:103840008547EDBF834665010547AA870545639314
:10385000E60603C70701930670036315D70203C783
:103860009702238507049376070499C61377F7FB1D
:1038700013670701A384E702130780032388E70087
:10388000014582809306500305456315D70213074F
:1038900080032388E70003C79702238507040145B7
:1038A0009376070481CA1377F7FB13670701A38494
:1038B000E70282808280034765019947631EF7080B
:1038C0000327451183473700A306F50483475700B4
:1038D00083464700A207D58F2317F5048347770057
:1038E000834667001307A003A207D58F834605010F
:1038F0002318F5048347D5026395E604858B99CB9D
:103900008327050A23050502A306050293E707049A
:103910002320F50A8347950293E71700A304F502D5
:1039200085472308F5008347150193E707F8A308A7
:10393000F5008347D50293F7F7FBA306F50201458F
:103940008280E207E187E3D007FE8327450A93E7F9
:1039500007042322F50AC1BF05458280034765019C
:1039600089476304F70005458280832745111307C3
:10397000000483C737002305F5028347050193F64A
:10398000B70F6397E600930750042308F50025A0BE
:10399000130750056393E7028327050A93E707207F
:1039A0002320F50A85472308F5008347150193E78F
:1039B00007F8A308F50001458280130750066395B8
:1039C000E7009307A006D1B713075008639CE700F0
:1039D00085472308F5008347950293E71700A30462
:1039E000F502E1B70347B5003DFF13070002638608
:1039F000E700130730026395E7009307600271B791
:103A00001307A007E391E7F6930710F8BDBF8346BD
:103A100065010547AA8705456394E60403A7871057
:103A20000545418B15CF03C707016318A70013078E
:103A3000B0042388E700014582801306A004631ABE
:103A4000C70003C797022388D70013671700A38412
:103A5000E70203A7870A1367070423A4E70AE1BF65
:103A60008280834665010547AA8705456393E60280
:103A700083C607011307A0040545639CE60003C73E
:103A800097022388A700014513671700A384E70264
:103A900082808280034765018D47631DF718834745
:103AA00015018D8B91EB834605012147938706FC19
:103AB00093F7F70F636FF70085679387A762231566
:103AC000F5028327850A93E727002324F50A014599
:103AD00082808347B500032645116390071493073E
:103AE00050056396F600856793873762C9BF97478D
:103AF000FD1F9387A79A8345460003C7A70383C783
:103B0000B703834865146D8F2305E514034636001B
:103B1000F18F0546A305F514331616016314C7008B
:103B200023050514034875148545B3950501639471
:103B3000B700A30505140347A5148347B5145DCF4B
:103B4000D9CB93752700B1C113F627001DCE93077B
:103B500020202315F5140347A5148547B3971701B3
:103B60006314F700230505140347B5148547B3977D
:103B700007016314F700A305051485476398F60849
:103B8000930760052308F50099B71376470001CA2B
:103B900013F3470063050300930740405DBF058BA7
:103BA00019C713F7170001C7930710105DB709472E
:103BB00081E5114711E205472305E51413F72700B6
:103BC00009C78947A305F51479B7918B99C3914724
:103BD000D5BF8547C5BFB3570741858B81C723052F
:103BE000B51495BF9377270089C789472305F51436
:103BF0009DB7118B91477DFB8547CDBFA9DF33D79B
:103C00001741058B45DFA305C514B1B78327450AC6
:103C10000967D98F2322F50A5DBD85476397F600B2
:103C200083474600A305F514A1BF8327850A93E7C0
:103C3000071061BD05458280834665010D47AA874F
:103C400005456394E61483C607011307500505452F
:103C5000639DE61203C7B7006319071283C64714B2
:103C600003C7571403A6471133F5E6008345460002
:103C700019ED6396B60003453600630AE500239507
:103C80000714130770052388E70001458280ED8E35
:103C90002385D7140346360003C86714718F054681
:103CA000A385E714331606016394C6002385071421
:103CB00003C577148545B395A5006314B700A385A4
:103CC000071483C6A71403C7B714C5CA41C793F521
:103CD00026009DC91376270005CA130720202395C7
:103CE000E71483C6A7140547331707016394E6005A
:103CF0002385071483C6B71405473317A700E3923B
:103D0000E6F8A3850714B5BF13F6460001CA9378F9
:103D100047006385080013074040D1B7858A99C6DC
:103D20009376170081C61307101055BF894681E5A9
:103D3000914611E285462385D7149376270089C6DC
:103D40000947A385E71471BF118B19C31147D5BF6C
:103D50000547C5BF33D7A640058B01C72385B714D8
:103D600049B713F7260009C709472385E71495BF0C
:103D7000918A1147FDFA0547CDBF25D7B3560741B4
:103D8000858AC5DEA385C714A9BF82808346B50096
:103D90000547AA870545639FE60683C66701154761
:103DA00005456399E60603C70701930650056306B8
:103DB000D70093068005631FD70403C7970283A526
:103DC000471113671700A384E70203C64500114794
:103DD000636EC70083C63500636AD7001307F6FF1A
:103DE0001385F6FF718F758D498F11C7054723889D
:103DF000E7000145828003C7650003C555002385A0
:103E0000C7142207498F2396E714A385D7141307F5
:103E1000A005F1BF82808347B50095E38346650125
:103E20000D478547639BE600034705016317F700CD
:103E3000930710062308F50081473E858280854759
:103E4000EDBF0347650189476310F70683274511D6
:103E50009735FD1F83C5256983C7370013F6F70122
:103E600013D767009737FD1F83C7D76763EAC7007B
:103E70008346E514A18A89C6B3D6E540858A9DE6C6
:103E8000E947A305F5028547B397E700ED8F8D8BD2
:103E9000794799C3130700028327850A2305E502A2
:103EA00093E727002324F50A05458280230AE514B9
:103EB00003470501A309C51485476318F700930755
:103EC00060062308F500014582808327850A93E771
:103ED00007202324F50AC5BF034765018947631AF4
:103EE000F702832745110347050183C73700A3075E
:103EF000F50285476318F700930760072308F5006C
:103F0000014582808327850A93E707402324F50A29
:103F1000C5BF05458280834665010947AA870545D7
:103F2000639FE60283C607011307500701456398A4
:103F3000E60203A74711A16603473700A387E702FC
:103F400003A7070A558F23A0E70A05472388E70040
:103F500003C71701136707F8A388E70082808280F0
:103F6000834665011547AA8705456399E60C83C614
:103F700007011307500805456392E60C03A7471194
:103F800083463700A38DD71483064700A382D71634
:103F9000030657002380C716034767002382E716EE
:103FA00003C7871593754700B5CD8946A38CD714F1
:103FB00083A6070AC1656D9BCD8E23A0D70A238CEB
:103FC000E71403C7A7169376170085C29306F00778
:103FD0006306D600136727002385E71603A7070AA1
:103FE000B7060200558F23A0E70A1737FD1F1307F6
:103FF000E74A0347370001452387E70203C7270342
:10400000A380E71605472388E70003C797021367D5
:104010001700A384E70203C71701136707F8A388F3
:10402000E7008280098B51DFC9DE03A7070AC1665A
:10403000A38CA714558F23A0E70A61B7828083461B
:1040400065011547AA8705456390E60A83A64711CF
:10405000014503C636001377060F59E71737FD1FD2
:1040600003479747718F49C303C7660011482380F0
:10407000E716838556000147A382B716130517007C
:104080003357E640058B9378F50F15CF238D171521
:1040900003C74600A38DE71403C78715937647002F
:1040A0009DC68946A38CD71483A6070A41666D9BDB
:1040B000D18E23A0D70A238CE71403C72703014519
:1040C000A380E71682802A87E31A05FBD1B7098B04
:1040D0006DD7E5D50547A38CE71403A7070AC1668A
:1040E000558F23A0E70AD1BF82808346650111471F
:1040F000AA8705456391E60A83C5B7000545639C19
:10410000A50883A6471103C836006366050303C7E5
:104110004600130510091306B7FF1376F60F636CFC
:10412000C50003C656009306B6FF93F6F60F636408
:10413000D500637FE6000D671307E7812395E7024B
:1041400003A7870A01451367270023A4E70A828093
:1041500083A6C710014593F6060895CE83C6471778
:104160006317B80293E61600238AD7169306000A4F
:10417000A38AE7163307D70283D687033347D702CC
:1041800083D6E70385063697239BE7168280D99A64
:10419000238AD7168280828083270511E9C72547A5
:1041A000A30AE50051472381E7000347451B8355D8
:1041B000651B0356A51BA381E7000347551BA3827C
:1041C000B7002382E70013D785002383E700034766
:1041D000851BA383E7000347951BA384C7002384A3
:1041E000E700135786002385E700834675140947C7
:1041F0006386E602032705109316470163C0060293
:104200008566938686842E8763F3B60036874207D9
:104210004183A382E70021832383E700834665145B
:1042200009476386E602032705109316470163C01A
:104230000602856693868684328763F3C6003687D6
:1042400042074183A384E70021832385E700834756
:10425000950293E74700A304F5029307000523089E
:10426000F500014582800545828083270511CDCF69
:104270002547A30AE50055472381E7000347451B6F
:104280008355651B0356A51BA381E7000347551BF8
:10429000A382B7002382E70013D785002383E700BA
:1042A0000347851BA383E7000347951BA384C7002F
:1042B0002384E700135786002385E700834675149F
:1042C00009476380E6028566938686842E8763F3BA
:1042D000B600368742074183A382E7002183238308
:1042E000E7008346651409476380E6028566938686
:1042F0008684328763F3C600368742074183A384EE
:10430000E70021832385E7008347A50723050502EE
:1043100099C78327050A93E707102320F50A8547E5
:104320002308F50001458280054582800347650129
:10433000AD476318F702411106C683474517832529
:104340004511294693E70701230AF5168D05130544
:10435000D51797D0FC1FE78080BDB24001454101D1
:104360008280054582808347B500EDE7411122C474
:1043700006C603476501E1472A8405456318F70C23
:1043800003470401930700046312F70C83254411CB
:1043900005659306A5C703C7450083C735002207F7
:1043A0005D8F9307A7FFC207C18363ECF60883C73D
:1043B000650083C65500130505C8A207D58F636243
:1043C000F50863E0E70803C6850083C6750022068A
:1043D000558E9306301F63E6C60683C6A50003C844
:1043E0009500A206B3E60601636DD5041305160019
:1043F0003305E502139836006345A80403C8B500E9
:104400001315080141816304080063ECA702231C13
:10441000C4042311A4062319E406231AF406231D59
:10442000D40483C7D50003C7C5003146A207D98F7E
:104430002312F406B9051305640697D0FC1FE78024
:1044400000AF930770042308F4000145B2402244F2
:104450004101828005458280411126C206C622C4E0
:1044600003476501E14785446318F70483278510F6
:104470002A848544898BA9C38347B5006391970635
:10448000EFE01FD6834704012305A402639797003A
:10449000930710042308F40039A81307000463935A
:1044A000E702930710042308F4008347940293E77C
:1044B0001700A304F4028144B240224426859244AA
:1044C000410182808327040A93E727002320F40A0E
:1044D0008347140193E707F8A308F400E9BF834773
:1044E00015018D8B89CF85679387A7F22315F40279
:1044F0008327840A93E727002324F40A6DBF8347A8
:10450000050163979700EFE0BFCD2305A40249B7EB
:10451000130700026390E702EFE09FCC2305A4029B
:10452000814459F98327440A37070080D98F232211
:10453000F40A59B713070004E390E7F885679387F7
:1045400037F26DB7411126C206C622C48347B500B3
:104550008544A5E703476501A5478544631FF70424
:104560008327850FA18BB1CB832545112A84214652
:104570008D051305051097D0FC1FE780409B83270E
:104580000410B73678089386060DDD8E8327441015
:1045900013E707018327840FF58F2324F410832763
:1045A000C40FF98F2326F41083470401639D9700FD
:1045B000930710032308F4008144B2402244268567
:1045C0009244410182808327840A93E707012324D0
:1045D000F40ADDB7411126C206C622C403476501AD
:1045E000A5478544631AF7060347050193070003AF
:1045F00085446313F706832545112A8421468D05DA
:104600001305051097D0FC1FE780609283270410E4
:10461000B73678089386060DDD8E8327441023086D
:1046200094002305040213E707018327840F8144C4
:10463000F58F2324F4108327C40FF98F2326F41059
:104640008327040A93E707022320F40A834714010F
:1046500093E707F8A308F400B24022442685924469
:10466000410182800347B5008547631FF70641116A
:1046700022C406C603476501A5472A840545631A77
:10468000F70483470401639AA70483254411214654
:10469000130504108D0597D0FC1FE7804089832700
:1046A0000410B73678089386060DDD8E83274410F4
:1046B00013E707018327840FF58F2324F410832742
:1046C000C40FF98F2326F410930710032308F40076
:1046D0000145B2402244410182808327840A93E746
:1046E00007012324F40AEDB7054582800347B5008E
:1046F0008547631CF704411122C406C626C203473E
:104700006501A1472A840545631CF70283244411EF
:104710001305841215469385340097D0FC1FE7805B
:10472000008183C7940003C784000145A207D98F85
:104730002317F4128347140193E727F8A308F40022
:10474000B240224492444101828005458280034761
:10475000B50085476310F716834665015D47639C86
:10476000E614011126CA8324451122CC21462A844D
:10477000938534001305F51806CE97C0FC1FE7801B
:10478000007B83C7C40003C7B400A207D98FA30B63
:10479000F418A183230CF418EFC0DEDC2AC4EFC0A8
:1047A0007EDC2AC62C001305841A214697C0FC1F04
:1047B000E780E07783C7F40003C7E4001305041B18
:1047C000A2074207BA9703C704012C001146BA9703
:1047D00003C7D4006207BA972324F40C83C73401BB
:1047E00003C72401A2074207BA9703C74401BA9737
:1047F00003C714016207BA972322F40C0347941AE3
:104800008347A41A4207A207BA970347B41ABA9774
:104810000347841A6207BA972320F40C0347D41A7B
:104820008347E41A4207A207BA970347F41ABA97D4
:104830000347C41A6207BA97232EF40AA2473747E0
:1048400003001307D73FB387E70237A726001307F4
:1048500037ECBA973EC497C0FC1FE780406D83C712
:10486000640103C77401A2074207BA9703C7540142
:10487000BA9703C784016207BA97232EF40C034743
:10488000241B8347141B4207A207BA970347041B44
:10489000BA970347341B6207BA972320F40E930795
:1048A00010022308F400F24062448147D2443E855E
:1048B0000561828085473E85828003476501914777
:1048C000631DF712411126C28324451106C622C476
:1048D00003C7340001CB9307F7FFF98F81E7937784
:1048E000070F95C38967938707322315F50283273E
:1048F000850A93E727002324F50AB2402244924414
:1049000001454101828083C554009306E007814739
:1049100011466399D50089679387E731F9B7B68760
:10492000638CC60093861700B357F740858B93F5C9
:10493000F60FF5D7230DB514838744002A84ADC73D
:10494000A30EF514030535143387A7001375F50F6F
:10495000635AF0008307F41563DAE700898FA30E2A
:10496000F41429A08307E415E34AF7FE8347D4151E
:104970003E9562056185EF20E0322301A414EF200B
:10498000A02B83473414A301A414B307F540A30E4E
:10499000F414EF2020318347A41503473414230176
:1049A000A414A297A382E716830724038306241680
:1049B000014763D5F600958F13F7F70F230EE41424
:1049C00083C7540005472300F41683470401639707
:1049D000E700930760F82308F40005B713075008B1
:1049E0006396E700FD57230EF414E5B78327840A86
:1049F0000567D98F2324F40A09B705458280034748
:104A00006501A547631EF704411122C406C683460B
:104A10000501130700052A8485476397E602EFE046
:104A20005FA305E98327040A2305040293E707101F
:104A30002320F40A8347140193E707F8A308F4003E
:104A400085472308F4008147B24022443E85410156
:104A500082808347940293E71700A304F402D9BF2E
:104A600085473E85828003476501A5476309F700B6
:104A7000054582800545B24022444101828083275A
:104A80008510411122C406C693F707022A84FDD37C
:104A9000EFE03F9C8547E30FF5FC034704016318F3
:104AA000F700930710052308F4000145E9B78327B1
:104AB000840A93E707082324F40AC5BF05458280CA
:104AC00005458280054582800545828005458280B6
:104AD0000545828005458280054582808347C50063
:104AE000A30A0500F19B93E717002306F5000325B1
:104AF000051113351500828001458280411106C6DB
:104B0000EFC0CFECB240133515000605410182809D
:104B10006FF0DFFE411106C6EFC04FEB0DC103572A
:104B2000A505835685050356450783552507035577
:104B30008500EF60703D0145B2404101828009452A
:104B4000E5BF011106CE22CCEFC04FE859C10346A4
:104B5000B50005472A849737FD1F9387279463166E
:104B6000E604B853094515CF0346F40283465704BB
:104B70008358C4030358A4038357840383558400D4
:104B80000345A4021307670432C00546EF603036C0
:104B90008347F40023050402014593E71700A307A8
:104BA000F400F24062440561828003A7870809454A
:104BB0006DDB834657078358C4030358A403835708
:104BC0008403835584000345A4021307670702C0CA
:104BD00075BF0945F9B7011122CC06CE2A84EFC072
:104BE000EFDE2DCD8347A5020347A51523138100D2
:104BF000A302F10083479515A304E1002304F1000B
:104C0000A9E38347D5150307F5152306F1008307AC
:104C100035142305F100631DF7008947A305F10052
:104C20004800EF6030320145F24062440561828005
:104C30000307E5156314F7008547CDB7A305010009
:104C4000C5B7834705162305F1008347B515A305AE
:104C5000F100834755162306F100D9B70945E9B796
:104C6000011122CC06CE2A84EFC04FD629CD83076E
:104C70000516A30481002180230581001307F00796
:104C8000638FE70203472503998FA305F10083474C
:104C9000A51613F7070101C72306010039A093F7F2
:104CA000070281CF85472306F1002800EF607029B5
:104CB0000145F2406244056182808947EDB7FD57A6
:104CC000A305F100D1BF0945EDB7411106C6EFC0FC
:104CD000EFCF19C98345051403558500EF603026D1
:104CE0000145B240410182800945E5BF9375F50F4A
:104CF00001112E8506CE22CC2EC6EFC020360DC166
:104D00002A848346E506B245034575010546EF60F2
:104D100090220145A30B0400F240624405618280A9
:104D20000945DDBF411106C6EF60B020B240014524
:104D30004101828041119727FD1F9387277622C466
:104D4000A05F06C6094511C80355240BEF60301E4D
:104D50009307F00F2319F40A0145B24022444101A0
:104D600082809727FD1F93876773BC5F99CB4111A2
:104D70001385070B06C6EF60501BB2400145410189
:104D8000828009458280411106C622C4EFC00FC44B
:104D90000DC983467514034665142A84835585001E
:104DA0000345A5028506050693F6F60F1376F60F62
:104DB000EF607017014523050402B240224441010F
:104DC00082800945DDBF397106DE22DC26DA4AD849
:104DD000EFC0CFBF630A05168346B50005472A8496
:104DE0009727FD1F9387876B6391E60CA4530945B2
:104DF000D9C483C744041946898BC1CB8C5883C757
:104E0000A500C1C7B105280897C0FC1FE780201284
:104E100083C75404138964041946898BB5CFCA85A6
:104E2000081097C0FC1FE78080108C581946910528
:104E3000281097C0FC1FE780800F8347F402835837
:104E4000840383C654040346B40083558400034599
:104E5000A4023EC48357C4031308010238103EC2A3
:104E60008357A4033EC03C08EF60900A8347F400D8
:104E700023050402014593E71700A307F400F2504D
:104E80006254D2544259216182808145280897C0DA
:104E9000FC1FE780400DADBF8145081097C0FC1F87
:104EA000E780600C1946CA8561B783A48708094565
:104EB000F9D483C744061946898BB5C39385640624
:104EC000280897C0FC1FE780800683C74407138922
:104ED00064071946898BB9CBCA85081097C0FC1F97
:104EE000E780E00483A5440819462810910597C07F
:104EF000FC1FE780C00383A7440883C7370093E7FC
:104F00002700A38AF4068358840383C65407034604
:104F1000B400835584000345A40202C425BF814523
:104F2000280897C0FC1FE780000445B7081081459A
:104F300097C0FC1FE78020031946CA85281097C038
:104F4000FC1FE780C0FEC1B7094515BF411106C669
:104F5000EFC0CFA70DC10357651C8356451C0356F0
:104F6000A51C8355851C03558500EF60207A0145FB
:104F7000B240410182800945E5BF411106C622C405
:104F8000EFC0CFA40DC92A840357A5058356850514
:104F9000035645078355250703558500EF60807646
:104FA00083471401014593E74700A308F400B2408A
:104FB0002244410182800945DDBF411106C6EFC090
:104FC000EFA00DC183478519034675199305F518A0
:104FD00003558500A2075D8EEF6080720145B240E7
:104FE000410182800945E5BF411106C622C4EFC0D8
:104FF000EF9D0DC12A8413060510835585000345D6
:10500000A502EF60A06F014523050402B2402244CF
:10501000410182800945DDBF411106C622C4EFC0AF
:10502000EF9A0DC52A840357A505835685050356B7
:105030006505835585000345A502EF60E06B0145DA
:1050400023050402B2402244410182800945DDBFAC
:1050500001111375F50F06CEEFC0400039C997272F
:10506000FD1F9387A74383A7070D93F707209DC3D1
:1050700002C402C202C081480148814701478146FB
:10508000054681451305C003EF6080680145F24085
:10509000056182808346D5031307E50302C081487A
:1050A00001488147054681451305C003EF60206430
:1050B000F1BF0945E9BF9727FD1F9387273E03A747
:1050C0008708094529CB83A7070D011106CE93F761
:1050D00007208DC302C402C202C081480148814733
:1050E0000147814601468145EF608062F2400145FB
:1050F00005618280835807020358A701835707057B
:1051000083465707014602C01307670781450945D3
:10511000EF60E05DE1BF82800145828001458280D1
:10512000014582800145828001458280014582805F
:10513000014582800145828001458280014582804F
:10514000014582800145828001458280014582803F
:105150000145828001458280411106C622C426C2D3
:1051600083470500130700086395E702834715008E
:105170001307500205446364F7068A0717270100E6
:105180001307C712BA979C43035525008297014421
:10519000B9A01307100805446393E704834715007B
:1051A0004D476389E70E6363F7022147638EE70883
:1051B0003147638EE70A15476393E70203552500DD
:1051C000EFC0CF802A841DE9094411A8130700030A
:1051D000638FE70E636BF7006947638FE70C2285E7
:1051E000B240224492444101828013077005638ECD
:1051F000E70E138417F033348000D5B78327851169
:1052000095C7035625040506420641829C431307B1
:105210001600420741839DE72311C40401CA835548
:1052200084000545EF60804B231104040345A4026C
:105230000346240583558400EF6000492285EFB0C2
:10524000DFEAB1B73A86D9B703552500EFB01FF8AA
:105250002A843DD90346A504835585000345A5024C
:105260003336C000EF608046230504020DB70355B6
:105270002500EFB0BFF52A8421D9035705058356D1
:10528000E5040346D504835585000345A502EF6078
:105290002044D9BF03552500EFB05FF3AA840DD594
:1052A00003562504014405DE835585000545EF605E
:1052B000E0422391040425B703552500EFB01FF108
:1052C000E30405F00345A502EF608041C9B503552D
:1052D0002500EFB0BFEF2A84E30805EE8355850073
:1052E0000345A502EF60004041B703552500EF607C
:1052F000A03F71BD011122CC2A84114506CE2EC6D5
:1053000032C4EFC0CE801DC1B245224623118500B4
:105310002300B500A300C5006244F240AA8517250A
:10532000FD1F0345D5E905616FC0EE89F240624477
:10533000114505618280411106C622C4EFB01FE904
:1053400041C183270512230D05002A84A5C3034705
:10535000F500058B19EB0355840001469305000801
:10536000EFF05FF939C5014581A8D44303C6C700F2
:1053700083C58700035585008906EF60003705E582
:105380008327041203D7A700A3840700136707F03D
:105390002395E7009C432320F4128357040481C71C
:1053A000FD172310F40483270412D5F723100404F7
:1053B0005DBF8547230DF400B24022444101828045
:1053C0000945DDBF41119727FD1F9387270D26C291
:1053D0009724FD1F9384840122C4A05F9C4006C6CD
:1053E0004AC098430D8B05C3B84B619BB8CB98431B
:1053F0001367870098C39C438D83858B89C7010001
:105400000100010001009727FD1F9387A7FB94432C
:1054100037C7898E130767ED98C6375755001307AE
:105420005755D8C2034724029306F00F3E896307FD
:10543000D700FD57A300E4022301F4020345140240
:1054400089476303F500014598405C4393E71700E3
:105450005CC3930710FA2305F4009727FD1F83C749
:10546000B7F781CF1727FD1F034707F79947631643
:10547000F7009727FD1FA38107F61727FD1F034796
:1054800097F5A1476318F700930780101727FD1FB2
:105490002314F7F499471727FD1FA30EF7F20146CF
:1054A0009727FD1F238607F29305F00F9727FD1F0F
:1054B000238207F2EF10F02590409727FD1FA38B62
:1054C00007F09727FD1FA38507F085471CC2832798
:1054D0000900B705330098431377F7E798C398435B
:1054E0001377F7E71367071098C31727FD1F1307F4
:1054F000A7F418431447CD8E14C79306900D34CAF1
:105500005457F59A54D7034794009376F707984376
:10551000137707F8558F98C3B2402244924402494A
:105520004101828041119727FD1F938727F722C4ED
:1055300006C6A05F9727FD1F83C717EA81CF1727ED
:10554000FD1F034767E989476316F7009727FD1F8B
:10555000A38407E89726FD1F83C6F6E7938796FF87
:1055600093F7F70F0547636AF7009727FD1F238519
:10557000D7E69727FD1FA381E7E6EF10103E6840AE
:10558000231504002304040097D0FC1FE780E007E4
:105590009145231004042322040423240404172522
:1055A000FD1F0345D5C1EFC04ED7A1451725FD1FEF
:1055B0000345F5C0EFC06ED6034514039307F00F03
:1055C0006307F500EFC08EDAFD57A308F402034528
:1055D00004039307F00F6307F500EFC02ED9FD57C2
:1055E0002308F402B240224441018280411126C2C4
:1055F00006C622C4EFB01FCDAA843DC5EFB01FBDC3
:105600002A84630A0512930710112315F5009307E6
:1056100000FB2307F50085472308F5009727FD1FAA
:1056200083D747C0A5073E85C207C1831307401033
:105630006374F700130540101317050141839307A6
:1056400000046374F70013050004420593057020FD
:10565000418197D0FC1FE78020EE2328A41019E990
:1056600003558400EFB03FD6B240224426859244D1
:10567000410182809727FD1F938787D59C4F228504
:1056800023130414232AF4109727FD1F938707E19F
:1056900003A6870C83A6C70C03D7A70383C7A70459
:1056A000232CC40E232ED40EA307F414FD57231F5E
:1056B000F4022313F4022304F4028347D4022324C4
:1056C000C4102326D41093E707FCA306F4028567D1
:1056D000938787BB2314F4042312E414EF905FE84C
:1056E0001725FD1F034545B42301A414EF10C05432
:1056F000D147A306F41693078002A305F416930777
:10570000006F231FF4149307F0072300F416F577B6
:105710009387A7EB2311F416A301A4142303A41663
:10572000A303A4162304A416A304A4169727FD1FFD
:10573000239A07D615BF854405BF411122C42A8488
:105740008345F4021725FD1F034575D52307A402E1
:1057500006C626C24AC0EFC01E8683578403172898
:10576000FD1F035828A8930600323307F802972438
:10577000FD1F83C4A4AB232AA4081729FD1F130906
:1057800069A93356D7023377D7029306204E2326D2
:10579000C40837460F0013060624B387D702B3D7D1
:1057A000A7023307D702BE94835764039384C417B8
:1057B000C2048507C1802311940833470703B387C8
:1057C000D7022310E4028146858FB3B507033385E2
:1057D0000703EFC07037832784083E95830769016C
:1057E00063C90700B707C0A86365F500B70740574E
:1057F0003E95834754031307204E8604B387E70280
:105800002328A4082285BE9423109408EF90FF9BC0
:105810002285EF90DFCE8355C40322859205F915CA
:10582000C205C181EF90BF962285EFB0DFEF8545BD
:1058300017B5FFFF130545399727FD1F23AE87CE08
:10584000EFC02EC19727FD1F938707B79C43898B15
:1058500091CF8327090399CB832584093545829706
:10586000832709038325C40939458297B24022441E
:105870009727FD1F239B07C29727FD1F23A807C259
:1058800092440249410182800357E50789468357C4
:10589000250863F3E6000947B397E7002312F508EC
:1058A0006FC05E80011122CC26CA4AC806CE4EC601
:1058B00052C4834745032A841729FD1F130909B3DE
:1058C0008507230AF502834735019724FD1F93843A
:1058D00064AF6397075A8347C50013070004A30901
:1058E000E50003471501BD9B93E737002306F5004C
:1058F00093178701A30D0500E18763D9070013778C
:10590000F707A308E500EFF06F9D39A88327850A04
:1059100093F62700BDC6F59B2324F50A83270510BF
:10592000918BA9CFEFD00F910347B4018547631046
:10593000F706832784110347C400DC432380E70074
:105940008327841103475401DC43A380E700032726
:105950008411832709005843B8DB9C40B7068000B8
:105960009843558F98C3D857719BD8D7F24062445B
:10597000D2444249B249224A05618280EFD02F8940
:1059800065B793F617008DC6F99B2324F50A832784
:1059900004110347C4002380E70083270411034751
:1059A0005401A380E70083270900032704116DB782
:1059B00083490501054A6396491DE9C713F70701A5
:1059C00019C7BD9B2324F50AEFD00FE0B1BF13F731
:1059D000070201CB93F7F7FD2324F50AEFD06FF30D
:1059E000A1B713F7070401CB93F7F7FB2324F50ABC
:1059F000EFD0CF8915BF13F7070809CB93F7F7F757
:105A00002324F50A2285EFE05F8639BF13F70710DC
:105A100009CB93F7F7EF2324F50A2285EFD04F91B6
:105A200021B713F7072001CB93F7F7DF2324F50AFB
:105A3000EFD01F9DD5BD13F7074009CB93F7F7BFF4
:105A40002324F50A2285EFD0AFA9F9BD13974701AA
:105A5000635B07007D771307F77FF98F2324F50A2F
:105A6000EFD0EFAAD1B513973701635A07007D77BE
:105A70007D17F98F2324F50AEFD0CFB975B523240C
:105A8000050A31B78327450A638E071A93F6070480
:105A900081CA93F7F7FB2322F50AEFC0FFEE69B541
:105AA00093F6071081CA93F7F7EF2322F50AEFD098
:105AB000AFD69DBD93F6072099CA4D8B631F070E85
:105AC00093F7F7DF2322F50AEFD00FDAB1BD93F693
:105AD000074081CA93F7F7BF2322F50AEFC03FF8CA
:105AE000A1B59396470163DB06007D771307F77F27
:105AF000F98F2322F50AEFE02FEA3DB5939637019F
:105B000063DC06004D8B55EB7D777D17F98F2322E3
:105B1000F50AEFC05FF909BD13971701635A070033
:105B200071777D17F98F2322F50AEFD02F94EDBB03
:105B30001397E700635A070001777D17F98F232237
:105B4000F50AEFD02F97CDB31397B700635B07002B
:105B50003707F0FF7D17F98F2322F50AEFD06FA3E7
:105B6000E1B313978700635B0700370780FF7D175A
:105B7000F98F2322F50AEFD0AFE37DB32322050A84
:105B800039B5638C09029306600463EF3607130787
:105B9000500463F6E9141307A0026387E91C6367E6
:105BA000370393071002638DF91863EA3701ED4755
:105BB0006384F914F5476387F9142285A9B3930721
:105BC0005002638CF91C93077002F5B7130760034A
:105BD0006386E914636B37019307E0026381F91E62
:105BE00093071003E382F9DEC9BF13070004638C37
:105BF000E908930710046384F90A93078003E39E7E
:105C0000F9FAEFE0BFED01AA9307A0056384F91E3E
:105C100063E13705930750056385F90263EB3701AC
:105C20009307B0046385F91C93071005E38CF9DC36
:105C300069B793076005E382F9DE93078005E39E69
:105C4000F9F6228597B0FC1FE780E077E30E05CCDC
:105C5000ADB79307B00663ED37019307A00663F86D
:105C6000F92093076006E39AF9F4EFD06FF981A069
:105C700093076007E388F9DC93076008E39FF9F274
:105C8000EFD04F992DA013F7074005DB93F7F7BF2F
:105C90002324F50AEFD0CF842308340171B1834760
:105CA000A5028DC705476398E700EFD08FC68547EB
:105CB0002308F40095B983270510918BD5C3BD4700
:105CC000A305F4022285EFC0FFD6D5B7EFE01FE1B0
:105CD0008327040A93E727002320F40AC9BFEFE0D3
:105CE000FFDF8327040A230844012310040693E7F7
:105CF00047002320F40A0DB9EFC05FBAD947230942
:105D0000F4041DB12285EFE07FDD8327040A93E7C9
:105D100017002320F40A2308040039B197B0FC1FB0
:105D2000E780606AE30205C08547A305F404228585
:105D3000EFC07FC38347A404F99B2305F404EDB6A9
:105D400083278510858B81C7EFD08F9DF1BEE947F2
:105D50002305F50283270510918B99C38D478DB7D5
:105D60002285EFC0DFCAA1B7EFC07FB68347B40476
:105D700091CB41469305C40A1305C40C97B0FC1F90
:105D8000E780E01A8347A4042326040E2328040E88
:105D900093E717002305F40441BE83270510918B78
:105DA00081CF8D47A305F502EFC0DFC883471401FB
:105DB000DD9BA308F400E5BDEFC07FC5C5BF8347E9
:105DC000A5042322050E2324050E93E727002305AF
:105DD000F504EFC0FFB18347140123050402DD9BE6
:105DE000A308F4008327040A93E70701F5B5EFC081
:105DF000FFC975BD8347A51499CB83466514331A33
:105E0000DA006306FA0013670701A308E5000347F9
:105E1000B41411CF834674148547B397D7006388B1
:105E2000E7008347140193E70701A308F4008347C1
:105E3000E40199CF83471401C18B99EB8327040AAE
:105E400093E707202320F40A2285EFE03FC985B5B8
:105E500083071416F5DB83274410898BF5D7832736
:105E6000440A37071000D98F2322F40AF1BFEFE06C
:105E7000FFC68327040A056713070780D98FA9BDCA
:105E80009717FD1F83D7876285071717FD1F231FED
:105E9000F76059BC397126DA9714FD1F93840460AA
:105EA00022DC03A484094AD84ED652D456D235698E
:105EB000BD69216AB70A008206DE5AD05ECE62CC86
:105EC00066CA3D09BD097D1AFD1A8347E400130720
:105ED000000D6392E722171BFD1F130B2B51832725
:105EE0000B0098430D8B05C3B84B619BB8CB98430F
:105EF0001367870098C39C438D83858B89C70100F6
:105F00000100010001008347A404858B89C7A28595
:105F10000545EF00103E83472414971BFD1F938B0C
:105F20006B4A83A60B0093F7F70313979701DC5690
:105F3000B3F75701D98FDCD63717004093077005A8
:105F40002300F704930780FA2300F7048346241400
:105F5000B54763FDD7108357270293E70701231145
:105F6000F70283A70B000327840998C70327C409F6
:105F7000D8C383270B00D84313671700D8C315472E
:105F80009716FD1FA389E644130710FD2307E400BD
:105F9000130700FC9716FD1F238CE642F8537DFF84
:105FA0008355441C0356641C034574149105C205B3
:105FB000C181EF00107603467414894683570408A4
:105FC00003574408631CD60A060793879718BA97A5
:105FD00003270B00232627010F10000003270B00C7
:105FE0008966860714C7930600F81716FD1F23035A
:105FF000D63E7CD3232637019717FD1FA38C073C81
:1060000003260B009717FD1FA384073C85471CC27E
:106010008346A4041717FD1F1307074283A70B002D
:10602000858A1843DDC69443B705330093F6F6E737
:1060300094C3944393F6F6E793E6061094C314478B
:10604000CD8E14C79306900F34CA5457F59A54D77F
:10605000034764139376F7079843137707F8558F30
:1060600098C397C0FC1FE780C0CC85B58357270233
:10607000C207C183BD9BC207C183D5B583260B0070
:106080008545060723A626016316B6020F100000F9
:1060900083260B0009669387570390C6130600F802
:1060A0009715FD1F2388C532BA978607FCD223A611
:1060B000360199B70F10000083260B0009669387FD
:1060C000970490C6130600F89715FD1F2384C5306A
:1060D000E1BF9443B705330093F6F6E794C39443C6
:1060E00093F6F6E793E6061094C31447CD8E14C7D3
:1060F0009306900D91BF1307100D6398E7689717EB
:10610000FD1F83C7E72C858B971BFD1F938B4B2CA3
:10611000638A074C83C70B00E207E18763D7070A4E
:106120008347F40093F7070285C783578403130757
:10613000204EB387E70203274409B3D7E7021717B6
:10614000FD1F0347A70E13070705BA972311F4088D
:106150009717FD1F938707279C438326C4081716AC
:10616000FD1F1306260B984303AB0B01030C6601BE
:1061700031830D8B0946835724081715FD1F0355DE
:106180006506369B631FC71493879718B3A5A702AC
:1061900037460F001306062481463305F502EFC08B
:1061A000A01A3305AB4063490C00B707C0A863656C
:1061B000F500B70740573E95835744082328A408A5
:1061C000231F040685832312F4088345A4040325B2
:1061D00044119306040313062403858997C0FC1F0A
:1061E000E78000B99717FD1F2387A71E8347240365
:1061F00003C76404998F2309F40283C76B00858B5E
:106200006398072C8347940293E72700A304F402C2
:1062100083C70B00E207E18763D307028347641358
:1062200013D7370093F6770022978547B397D700A7
:106230008346071393C7F7FFF58F2308F7128347A9
:10624000F400898BDDCF2285EF904FB25DE9834763
:10625000F400A309040093E74700A307F400832791
:1062600084118DCF0347B40115CB03C79700058B6D
:1062700015E703D7A700C843136707F02395E70086
:1062800097C0FC1FE78060388357240485072311DB
:10629000F404832784119C43232CF4108347540176
:1062A00081CB8347A404898B81C72285EF900FB1EE
:1062B00083470401130720026398E7028327040A37
:1062C0002305040293E787002320F40A834714017F
:1062D00093E78700A308F400930740022308F40023
:1062E0000DA0938797045DB5130700066399E70C2B
:1062F00085472308F4008347940293E71700A3041B
:10630000F40283C76B00898B638507108347A4045D
:10631000858B63800710834794018507A30CF400E5
:106320008347F40013F7270029E793E72700A30723
:10633000F400930700F8230EF40083578403130737
:10634000204EB387E70203274409B3D7E7021717A4
:10635000FD1F0347A7ED13070705BA97C207C183BF
:106360002311F40886072310F4089717FD1F23A5AF
:10637000071C22859717FD1F238C0704EFF08FD28F
:10638000034564148947834554016310F51603459A
:106390008414910513652500EF0090248347540170
:1063A000638107208347A404898B638C071EA28521
:1063B00001456D2D630D0512EF00305A69AE1307CC
:1063C0007006639EE7029717FD1F9387A7FF984308
:1063D0007C53ED9B7CD39717FD1F23800700371755
:1063E000004083578701B377FA00231CF7008347E7
:1063F000C40093F7F7FD2306F4008547C5B5714740
:10640000E391E7F08327040A93E717002320F40AB7
:10641000CDBD2285EF900F98E31405F0A30C040086
:106420002285EF90AF9083471401A18B85CF8347DE
:1064300064018DCB83477401094793F7B70F6383DA
:10644000E7029307D0032309F4049307700223089B
:10645000F4008347A404858BE38407EC2285EF9046
:10646000EF9A7DBD0347D4008D476317F704834738
:106470007401130780026373F702834774011D4799
:106480006388E7022306F4028327840A228593E7C0
:1064900017002324F40AEFC0CFC719A88A071717DB
:1064A0000100130727D6BA979C432285829771F57E
:1064B00083476401D9FFADB583476401E38207E6F2
:1064C000228597B0FC1FE7808002E31B05E4CDB76F
:1064D000834784018507230CF40083D7E4008507F4
:1064E0001717FD1F2313F7FC25BD910575B59717E9
:1064F000FD1F938727ED9843B70633001C4393F79E
:10650000F7E71CC31C4393F7F7E793E707101CC397
:106510009717FD1F938747F298431C47D58F1CC7D9
:106520009717FD1F938787EC9C431307A00FB8CBE9
:106530009717FD1F938707E99C43B7068000984390
:10654000558F98C3D857719BD8D7930720FD230741
:10655000F40083270412E38607B00347F400058B99
:10656000E30107B0D44303C6C70083C587000355C2
:1065700084008906EF506017E31505AE83270412E7
:1065800003D7A700136707F02395E7009C43232058
:10659000F41283570404E38607ACFD172310F404B8
:1065A000C9B49717FD1F9387E7E19843B7063300F7
:1065B0001C4393F7F7E71CC31C4393F7F7E793E7F4
:1065C00007101CC39717FD1F938707E798431C47C5
:1065D000D58F1CC79717FD1F938747E19C4313076F
:1065E000A00DB1B79717FD1F938747E09C43FC535D
:1065F000E39D078C9717FD1F238E07DCEF00F03516
:1066000083C70B002285E207E18763D1072EEFF0F5
:10661000AFA783D7240185071717FD1F2319F7E8B4
:1066200083474417858BD5CF8347641393D63700B0
:10663000A29683C5061313F7770033D6E540058A83
:10664000630E0612034524037D57FD475915620565
:106650002C0061853AC43EC697C0FC1FE780A08D20
:106660000326841322478326C413B247718FF58F04
:106670006314E6006387F6062800EFB02F8589478C
:1066800063F1A706294681451305D41797B0FC1F6F
:10669000E780608D224AB24A81490D4C854C930BAC
:1066A000500293948901E1844E865285D68513DB8E
:1066B0002440EFB0B0448D88229B058986040309ED
:1066C000DB1755C9B3949C00B3649900A30E9B16C5
:1066D0008509E39879FD8347441793E78700230AE8
:1066E000F4168357E403A5CB13074006B3F7E7027C
:1066F000BDE39717FD1F938727CC9C43898BA1C7C8
:106700009714FD1F938404B1985815CF9717FD1F58
:1067100083D7C7D9C2079715FD1F83D545D9DD8D0E
:10672000254502979C589715FD1F83D505D8294507
:1067300082979C58831504032D4582979C588305A6
:106740002403314582979717FD1F239007D697178B
:10675000FD1F23AD07D42285EF908FF2F2506254D3
:10676000D2544259B259225A925A025BF24B624CAD
:10677000D24C21618280B3149C00B9B78547B3978E
:10678000E700CD8F2388F612A9BF1307200DE395EC
:10679000E7C29717FD1F83C7B7C3858B638B0714A9
:1067A0009717FD1FA38607C28327040A13972701A3
:1067B00063440710228597B0FC1FE78040E18547BE
:1067C000631CF50E8355441C0356641C0345741466
:1067D0009105C205C181352F8347A404171BFD1FF6
:1067E000130BCBC0971BFD1F938BCBBD858B171C49
:1067F000FD1F130C6CC4BDCFA2850545DD2C03A77E
:106800000B00B70633001C4393F7F7E71CC31C4388
:1068100093F7F7E793E707101CC303270C001C4707
:10682000D58F1CC783270B001307900FB8CB930796
:1068300010FD2307F40083270B0023A627010F1068
:10684000000083270B000967094698C7130700F863
:106850009716FD1F2380E6B883A60B00984231836C
:106860000D8B6311C7041307E043F8D323A6370148
:106870006FF02FFF03A70B00B70633001C4393F7FD
:10688000F7E71CC31C4393F7F7E793E707101CC314
:1068900003270C001C47D58F1CC783270B00130749
:1068A000900D69B7984231830D8B01E7130760198A
:1068B0006DBF1307E01B55BFEF00300A83479401FB
:1068C0008DC793F7070F81CB9305D0032285EF90F7
:1068D0000FEA2305A4029717FD1F9387A7939C5BDC
:1068E00089C795451305500882972285EF90FFB020
:1068F0009DB59717FD1F938767AF9C43FC53639625
:1069000007DC9717FD1F238707ACEF001005F1BFC9
:10691000411106C6EFB0202A9717FD1F938707B8CD
:1069200017F7FFFF1307C7CCB24023A4E70A17F7F6
:10693000FFFF1307C7E023A6E70A41018280011188
:1069400026CA9714FD1F938464B522CC03A4440B7C
:106950004AC84EC652C456C206CE2A898149130A75
:106960002500854A29E893058020314597C0FC1F02
:10697000E78080BC2A8401453DC083471900194641
:1069800093052900A300F4001305240097A0FC1F21
:10699000E780E05983A7440BA1EF9717FD1F23A9B8
:1069A00087BA2324040083C7040B85071717FD1F2C
:1069B000230EF7B825A00347140083471900630589
:1069C000F700A289004479BF1946D2851305240037
:1069D00097A0FC1FE780A05EE31555FF0545F24038
:1069E0006244D2444249B249224A924A05618280B5
:1069F000E38909FA23A489006DB79717FD1F9387D0
:106A0000E7A903A5470B11E99717FD1F23A207B4B8
:106A10009717FD1F238C07B28280411106C622C43E
:106A2000004597C0FC1FE78040BE228575F8B24044
:106A300022449717FD1F23AD07B09717FD1F23872B
:106A400007B0410182809717FD1F938727A523AACE
:106A5000070A2388070A8280411106C697B0FC1FE7
:106A6000E78080F9B2400145410182801717FD1F80
:106A70001307C7971443BC4A93F7F7F7BCCA010042
:106A8000010018431605136505083C4B93E70708FA
:106A90003CCB9717FD1F9387A7929C4303A7450EF6
:106AA00088C398CB03A7850E0145D8CB03A7C50B98
:106AB00098CF03A7050CD8CF03A7450C98D303A7FD
:106AC000850CD8D303A7C50C98D703A7050DD8D735
:106AD00003A7450D98DB03A7850DD8DB03A7C50DDC
:106AE00098C703A7050ED8C798431367070498C330
:106AF00082801717FD1F1307678F1443BC4A93F753
:106B0000F7F7BCCA01000100184316051365050814
:106B10003C4B93E707083CCB9717FD1F9387478AA9
:106B20009C4303A7C50E88C398CB03A7050F014557
:106B3000D8CB03A7C50B98CF03A7050CD8CF03A7C5
:106B4000450C98D303A7850CD8D303A7C50C98D7B9
:106B500003A7050DD8D703A7450D98DB03A7850D1F
:106B6000D8DB03A7C50D98C703A7050ED8C7984360
:106B70001367070498C3930700F81717FD1F230C2A
:106B8000F78482801716FD1F1306C6831C42B706C2
:106B90008000B71501809843938585E7558F98C38A
:106BA0009843B7060010558F98C31307001DD8DB14
:106BB0001707FD1F0347476793169701CD8ED4D75C
:106BC000D457B70500821377F703FD15ED8E6607DE
:106BD000558FD8D737170040930770052300F70467
:106BE000930780FA2300F7049706FD1F83C6C66348
:106BF000B54763FBD7028357270293E707012311A9
:106C0000F7021842B7070900938737081CD337E704
:106C100000E0D147A309F70497B7FC1F9387C70C7F
:106C200093E717007CD7828083572702C207C1836E
:106C3000BD9BC207C183E1B79307C00363E2A70608
:106C4000130780029547636BA704714791476367F9
:106C5000A70459478D476363A70449478947636F72
:106C6000A70239478547636BA702314781476367AE
:106C7000A7022947FD576363A7022147F557636FB2
:106C8000A7001947ED57636BA7000D47E1576367EE
:106C9000A7000547C1576373A700D1573E8582807F
:106CA0009947EDBFC5576340F50655578947634A75
:106CB000E504655791476346E50471579D47634274
:106CC000E5047957A547634EE502AD47634B0502DE
:106CD000B54705C90547BD476305E5020947CD47E7
:106CE0006301E5020D47DD47630DE5001147F547F8
:106CF0006309E50015479307D0036314E500930784
:106D000090023E8582808547EDBF9707FD1F9387E0
:106D1000676B9C433706CEFF7D16984375787D18C8
:106D20001377F7E71367070898C31707FD1F1307C3
:106D3000A77018431375F51F93F5F5071447F18EE7
:106D400014C79706FD1F9386666A90429306000853
:106D500034CA23A40700944B93E6F60394CB9443E0
:106D6000B3F6060194C3F44F93F606E0C98EF4CF50
:106D7000239C0704239007065457F59A54D794434D
:106D800093F606F8CD8E94C39306401F74D29443B5
:106D9000B705330093F6F6E794C3944393F6F6E70A
:106DA00093E6061094C31447CD8E14C71307900DB5
:106DB00038CAD853B7060400558FD8D3A5467852A1
:106DC00009C703D78705E3FCE6FED853B706FCFFE7
:106DD000FD16758FD8D303D507061335450082807D
:106DE0009707FD1F9387875E9C4399CB944BD04BAD
:106DF0009842518F98C294439C479842D98F9CC225
:106E00009707FD1F9387075C1706FD1F1306065E95
:106E1000937625009843032806009707FD1F83C734
:106E2000C75BD9C61443F578FD18B3F6160109639C
:106E3000B3E6660014C3D1769388F6FF1443890540
:106E40000D4E8E059387E70BB3F61601631EC5033F
:106E50001165C98E14C335673D072326E8000F105E
:106E600000001842930600F89385750D23246700EF
:106E70001706FD1F2300D6568605BE958605BD67FD
:106E80006CD3BD075CC7828014C335673D072326DA
:106E9000E8000F1000001842930600F89385A5043F
:106EA000232467001706FD1F2306D6528E05F1B76F
:106EB000F5769388F6FF144305899387E709B3F6BF
:106EC000160105C514C335673D072326E8000F10DA
:106ED000000018428966AD0514C7930600F817062E
:106EE000FD1F2309D64E8A0549BF0565C98E14C307
:106EF00035673D072326E8000F1000001842896619
:106F0000A90514C7930600F81706FD1F2304D64CE5
:106F100071BF9707FD1F9387674B9C4389CFD4436D
:106F200003A8870098423367070198C2D447DC4B17
:106F30009842D98F9CC29707FD1F9387A748970651
:106F4000FD1F83C66648137725009C43858A25CBA1
:106F5000984375757D15698F0965498F98C3370703
:106F600009001307670898D3372730084517D8CB8F
:106F7000371703001307976198CF0D671307E78D45
:106F800098D73767000113070731D8D385C637A7CD
:106F90003F001307F74D9E0598CB9385453697071D
:106FA000FD1F23ADB74211C606069707FD1F23A795
:106FB000C7428280372737001307F72DE9BF37070D
:106FC00009001307370898D33727100813071790BD
:106FD000D8CB371703001307476298CF0D67130705
:106FE000E78B98D73767000113070731D8D385C6D9
:106FF00037A73F001307E72C98CB75779306F7FF69
:10700000984305489505758F631C050198C38E0547
:107010009385C50369B7372737001307072DE9BFE5
:107020008566558F98C39205E5B711C9371700409B
:10703000835787012168B3E70701231CF7008E05FA
:107040009707FD1F238BB7389707FD1F9387873757
:1070500022069C43498E4D8EB70510004D8EF0D30D
:10706000F85313674700F8D3984391C6B70600203A
:10707000558F98C38280B70600E0FD16758FD5BF87
:107080009707FD1F83C757358DE71707FD1F034778
:1070900097349307A7FF93F7F70F894663EBF60042
:1070A0009707FD1F238AE73285471707FD1FA305B2
:1070B000F7328280411106C61707FD1F0347C7310B
:1070C000A1476311F7049707FD1F83C76732858BBC
:1070D0001706FD1F0346F6339706FD1F83C666336A
:1070E000BDC79707FD1F9387A732C8432DC18345AE
:1070F00015000905EF00103C11C585471707FD1F56
:10710000A30CF72C1707FD1F0347072D9947631C96
:10711000F7009707FD1F93876738BC5F83C7B700E9
:1071200095CBEFE02FAA1707FD1F0347E72A9D47DE
:107130006312F7029707FD1F9387473683A78708D7
:1071400083C7770081CBB24041016FA0102D8145EC
:1071500001454DB7B240410182801707FD1F13075B
:10716000E7281C4394438D8A85C2B44BE19AB4CB83
:10717000944393E6860094C39C438D83858B89C793
:1071800001000100010001009707FD1F938787237D
:1071900094439C4293F7F7E793E707089CC297074D
:1071A000FD1F938767299043B706CEFFFD161C4647
:1071B000F58F1CC61C4313070008B8CB9707FD1FAB
:1071C0009387C7209C4399CBD44390479842518FD3
:1071D00098C2944BDC4B9842D98F9CC29707FD1FF5
:1071E000A38B071E82801707FD1F130727201C4350
:1071F000411106C683A8070022C43A8893F83800D4
:1072000063810802B84B619BB8CB98431367870032
:1072100098C39C438D83858B89C7010001000100C1
:1072200001009707FD1F9387E7199C431704FD1F73
:107230001304041A37033300D857719B13671700E0
:10724000D8D70328080058482328E806984313771E
:10725000F7E798C398431377F7E71367071098C3C6
:107260001707FD1F1307471D184383288700B3E83E
:107270006800232417019308A00D232818059308FC
:10728000000A23221807D9CD4C5713650504F59938
:107290004CD71377F5078843137505F8598D374791
:1072A000767188C31307971298C73757550013078D
:1072B0005755D8C39707FD1F238D07109707FD1F4C
:1072C000A38907109707FD1F23860710832748000F
:1072D000B6850145F99B2322F80091471707FD1F4A
:1072E000A30BF70E97B0FC1FE780A0B29707FD1F16
:1072F0009387C70D984311C7544318479C42D98FB1
:107300009CC283473400858B91CB9707FD1F83D7A1
:10731000671985071707FD1F2316F718B240224487
:10732000410182804C57F5994CD71377F507884374
:10733000137505F8598D37C7898E88C3130767ED14
:10734000A5B7011126CA4AC84EC6C1643709006AEA
:10735000B70900AC22CC52C406CE0544FD14130973
:10736000690E9389E90C130A000205E49305000FE6
:107370004145EFA0BECCB7B7006A4205938767CE00
:107380005D8DF2406244D2444249B249224A0561CD
:107390008280A6850145EFA0BECC9317850013F728
:1073A000071033E5270119C333E53701814701474A
:1073B000E145B356F50085073356F500858A058A01
:1073C0006307D60005071377F70F63E4E504E3923C
:1073D00047FF81471306F003ED463357F500137757
:1073E000F70305CB6307C7028507E398D7FE13575A
:1073F00085009377F50F1377F70FE394E7F81357AA
:1074000005011377F70FE39EE7F613578501E39A1B
:10741000E7F605041374F40F89BF9707FD1F83C7B0
:1074200097FB25476388E70C11476385E70C9707AF
:10743000FD1F9387E7F89843B7C70040938707304D
:10744000631AF70A411106C622C426C24AC03D2269
:107450001709FD1F130909F7EF10C03DEFF08FF278
:1074600083270900F576FD1698439704FD1F938442
:10747000A4FC1704FD1F130464F7758F98C3984389
:10748000B70633001377F7E798C398431377F7E706
:107490001367071098C398401C47D58F1CC71C4022
:1074A0001307D00DB8CBEF10E05BEF20602EEF108C
:1074B000C04FEF108057032709001C4393F7F7E7ED
:1074C00093E707081CC394403707CEFF7D179C46FF
:1074D000F98F9CC61C4013070008B8CBEFF05FBAC9
:1074E000B24022449707FD1FA38707EE924402494A
:1074F0004101828082809707FD1F238707EC970751
:10750000FD1F23A507ECB7C7004013870730970678
:10751000FD1F23A7E6EA138707209706FD1F23A771
:10752000E6EC9387071037D7004041119706FD1FFF
:1075300023A4E6F01707FD1F2326F7E806C6170762
:10754000FD1F1307E7E88547A303F7009707FD1F13
:10755000938747CC9C431CCF938707115CCBEFF0FC
:10756000DFEBB7E700E037071000B24023A0E710D9
:107570003707200023A0E710410182809707FD1FF5
:107580009387C7E69C431307C00893066007D8CBD0
:10759000D4CFD8D31306C003D0D7D8DBD0DFF8C3FD
:1075A0001707FD1F1307C7E2184FF4C7F8DB416741
:1075B0007D1798C73D673D07D8C737E700E0D54737
:1075C0002309F70497B7FC1F938787D393E7170026
:1075D0003CD782809707FD1F938707E69443970760
:1075E000FD1F938727DE9C436387051037B7240070
:1075F0001307F7E96366A7089843137707F813673B
:10760000570298C313F7150001CB93F505034147C3
:107610006390E50E13050583D856370810FE7D18D4
:1076200013672700D8D64167130707A03356E50232
:107630003375E5021307A00F7D8A93154601F042CA
:10764000337606014D8EF0C23706FCFF2A0533550E
:10765000E502F842718F3A053981598DE8C2170762
:10766000FD1F0347E7D8098B19CB98431377F7071A
:10767000936607049843137707F8558F98C3828061
:10768000370725001306F7486363A6023767DBFF59
:10769000130707932A971306007D3357C7027D17F8
:1076A00090431377F707137606F8518F99BF1307A6
:1076B00007496318E5009843137707F813676702D3
:1076C00089B737D725001307F777636DA7003767AA
:1076D000DBFF130707932A971306007D3357C70272
:1076E00079177DBF9843137707F81367770211BFA7
:1076F000130585C115B7D8561375F507759BD8D6F0
:107700009843137707F8598D88C391BF411106C676
:107710009707FD1F238507D0EFF03FA40145814562
:10772000EFA02ED3B2400145410182809707FD1F93
:107730009387C7CB984379711705FD1F034545CB48
:1077400022D426D206D64AD04ECE93761500BE84D9
:107750001704FD1F1304C4C7638F06128347240058
:10776000858B63860710118501469705FD1F83C52C
:10777000E5C90D899707FD1F238D07C4EFF06FF949
:107780009705FD1F83C5C5C691851306F00F8D892A
:10779000054597A0FC1FE780C067EFF03FF717098A
:1077A000FD1F1309E9C483270901014681450545E9
:1077B000829783473400CA89858BC1CF084C9707CD
:1077C000FD1FA38807C0814581461306F100A3076A
:1077D00001009707FD1F238F07BE97A0FC1FE780BE
:1077E000205993158501E1858DE11C4C9306F00F1E
:1077F00003C70700630BD7009707FD1F83C757C157
:107800006385D7006303F70089458387090063C751
:1078100007001C4C0347F1002380E70083A7090100
:10782000104C93F5F50F094582979707FD1F83C705
:10783000E7BE898B81CB85451705FD1F034545BEF6
:10784000EF905EFAB250225492540259F2494561C7
:1078500082809C40FC53FDF79707FD1F238C07B6E1
:10786000832709010146814549458297E1BF7C5341
:10787000E39407EEEFF09FE9EFA0DE829707FD1F8C
:10788000238A07B49707FD1F938787B69C4B014651
:1078900081454545D9BF83473400858B85C7EFF0C7
:1078A000FFE69707FD1FA38607B29707FD1F2383F7
:1078B00007B29707FD1F9387A7B39C4B01468145ED
:1078C000054565B77C53E1FBEFF05FE445BF1C491C
:1078D000638C0710411122C406C6834705002A8421
:1078E00093F7070481C75C410945FDCB13060002ED
:1078F00081451705FD1F1305A5AF9790FC1FE78075
:107900008066A285130600021705FD1F130545AE0C
:107910009790FC1FE780A0619707FD1F83C7D7AE34
:107920001704FD1F1304C4AC99E7930780021707DF
:10793000FD1FA30BF7AC9707FD1F83C707AD91E7AA
:10794000A1471707FD1F2302F7AC9707FD1F83C749
:10795000D7AB91E7C5471707FD1FA308F7AA9707FD
:10796000FD1F83C7A7AA91E7ED571707FD1F230F38
:10797000F7A89707FD1F83C777A991E7ED5717076A
:10798000FD1FA305F7A89707FD1F938767A8C843A6
:1079900009C597B0FC1FE78040C79707FD1F23ABC1
:1079A00007A683470400858B85C31705FD1F034584
:1079B000F5A593059004090597B0FC1FE780C0B7B3
:1079C0009707FD1F23A8A7A48347140001451707A5
:1079D000FD1FA306F7A41C441707FD1F2324F7A4CB
:1079E000B24022444101828005458280797122D4CF
:1079F0001704FD1F1304C49F1C4406D626D24AD088
:107A00004ECE52CC56CA5AC85EC662C466C26381A4
:107A1000072A170CFD1F130CEC9A03270C00170AFA
:107A2000FD1F130A6AA1B68A1C439709FD1F93899B
:107A3000E99B1709FD1F1309A99D93F7F7E793E742
:107A400007081CC383260A003707CEFF7D179C4614
:107A5000AA8BAE84F98F9CC683A709001307000880
:107A6000328BB8CB8347C900BD4C898B6391071E0D
:107A700003270C005C57F19B93E717005CD7834703
:107A8000C900898B6384071E81451705FD1F0345C7
:107A90003596EFF03FB483270C0037063300984348
:107AA0001377F7E798C398431377F7E7136707103F
:107AB00098C383260A009846518F98C603A70900E9
:107AC0009306A00D34CB9706FD1F83C6669213F66E
:107AD00006046306061A4C403796DBFF1306068140
:107AE000B29561661306066A637BB6181306800CAE
:107AF00070D31044858A90C75044D0C354C3834781
:107B0000E90093E727001707FD1F230AF79097075F
:107B1000FD1FA38F578F9707FD1F238B678F970A32
:107B2000FD1F938AEA8A03A54A01638D0B14230083
:107B30006501A30095002686DE8509059790FC1F48
:107B4000E780E03E83A7090003A74A0181451705A6
:107B500000001305E5BDB8DB9707FD1FA38B078663
:107B60009707FD1F23880786EFA0AE8EEFF04FD159
:107B70008D471707FD1FA300F7868347C900898B30
:107B8000A9C703A709007C53FDFF97F7FC1F938744
:107B9000A76C9C43829717F7FC1F1307A76703077F
:107BA0006701832789006352070E1D8D0347040078
:107BB0000D8183A74A01218B6DC3370780006205C1
:107BC0001307F72F598D88C389449705FD1F83C577
:107BD00025829185014526868D8997A0FC1FE78027
:107BE000402303270A0001455C578583858BB9C371
:107BF0005C40C165938505A0938787C1B3D6B70262
:107C0000370810FE7D18B3F7B702FD8A13964601B8
:107C10007443B3F60601D18E74C39306A00F3706E2
:107C2000FCFFAA07B3D7D7027443F18EBA07B98312
:107C3000D58F7CC3B250225492540259F249624A01
:107C4000D24A424BB24B224C924C4561828097A063
:107C5000FC1FE7806076E3FCACFE97F7FC1F83C750
:107C6000C77A9607C117E3E4A7FE19B58347040056
:107C700093F70704E38A07E08945484019BD1306D6
:107C8000000ABDB52320650175BDE370F5F2370725
:107C9000C0A8B307F7403E9511BF890493F4F40FD1
:107CA000A3809700A69723800700A380A70031BF79
:107CB000054549B797F7FC1F9387477E83A7C709F8
:107CC00091CF054582800545F2406244D244424945
:107CD000B249224A924A024B05618280011126CAAA
:107CE00097F4FC1F9384C4709C4406CE22CC4AC8EF
:107CF0004EC652C456C25AC0F9D717F9FC1F130911
:107D0000E96E8327090098430D8B05C3B84B619B2F
:107D1000B8CB98431367870098C39C438D83858BAA
:107D200089C7010001000100010017F4FC1F1304C2
:107D3000246E8347C400B68A328B918BAE892A8A1F
:107D400089EB97F5FC1F83C5A56A93F70504639C2F
:107D50000714814517F5FC1F03459569EFF09F87D0
:107D600017F5FC1F0345C5681185014697F5FC1FF3
:107D700083C5C5690D89EFF0CF9917F7FC1F13076D
:107D8000676494441C4394C7D444D4C383C7040099
:107D900083260900BA84858BDCC297F7FC1FA38A6F
:107DA000676797F7FC1F23865767DC42858BB1CF47
:107DB0005C4085E317F5FC1F03455565930590046A
:107DC000090597A0FC1FE780207797F7FC1F23A3E6
:107DD000A7645C40E38907EE17F7FC1F034767635E
:107DE0002380E7005C4063060A0C6384090CA380CF
:107DF000370148404E86D28509059790FC1FE780E1
:107E00000013832709005840B8DBEFF06FA78347C2
:107E1000E40093E7470017F7FC1F2302F76093077E
:107E2000000417F7FC1F2305F75A97F7FC1F23835D
:107E3000075AA14717F7FC1FA30FF75897F7FC1F26
:107E40009387473D9C5791CB13060064C14517F5B6
:107E5000FC1F0345E55CEF903EAB97F7FC1FA38B3F
:107E600007568326090097F7FC1FA38307569840FF
:107E700085479CC21C4337063300014593F7F7E75B
:107E80001CC31C4393F7F7E793E707101CC397F74E
:107E9000FC1F9387675A98431C47D18F1CC79307D1
:107EA000900DBCCA15B593F5050393E51500C840C0
:107EB00075B5A3800700B1B7797126D297F4FC1F7E
:107EC0009384045383C7040022D406D64AD04ECEEE
:107ED00052CC858B17F4FC1F1304844F6386073044
:107EE00083470400858B6388072C97F7FC1F9387D3
:107EF000A7549843A3070100032984015C57858395
:107F0000858BA1C3DC40C165938505A0B3D6B702BC
:107F1000370510FE7D15B3F7B702FD8A13964601AB
:107F20007443E98ED18E74C39306A00F3706FCFF0D
:107F3000AA07B3D7D7027443F18EBA07B983D58F96
:107F40007CC381461306F10081454A8597F7FC1FE3
:107F50002380074897A0FC1FE78080E1131A850162
:107F6000135A8A4163120A0297F7FC1F83C7774AA4
:107F70009306F00F638AD700184C03470700630588
:107F8000D7006303F700094A8387040097F9FC1FB1
:107F90009389094863CB0712631B0A128347F100D8
:107FA0002300F90083C7C900918B95C78347190047
:107FB000CA9703C7070093070008631EF7005C48D1
:107FC0001307F00F98C383C7040093E7870017F7E0
:107FD000FC1F230FF74097F7FC1F9387A73E9C4396
:107FE000B70680009843558F98C3D857719BD8D750
:107FF00083A7490017F5FC1F0345853F118583C5FD
:1080000017000D89EFE0DFDD97A0FC1FE78060D24D
:10801000EFF0AF9497F6FC1F83C6464093F74600F7
:10802000638D071417F7FC1F1307C71E03066701AC
:108030001C48635F060CF11717F7FC1F2322F73A61
:108040001C4803A78900635D060C3387E74083471C
:10805000190093958601E185CA9783C717008E079B
:1080600063DF050C63F4E70C1D8F9306000263EBDE
:10807000E6001848635F060AB307F74017F7FC1FCE
:10808000232CF738894517F5FC1F03456539EF9018
:108090006EF583C70400A18BE1CF03A5490017F655
:1080A000FC1F0346163797F6FC1F83C6863655CD50
:1080B000834515000905EFF0FFBF83C70400DD9B72
:1080C00017F7FC1F2306F73225A8E30D0AECEFF0A3
:1080D000CF88104C9C480D459375FA0F829703A5E5
:1080E000490017F6FC1F0346D63297F6FC1F83C6DD
:1080F000463263050526834515000905EFF09FBB51
:10810000B250225492540259F249624A4561828027
:108110000D47E362F7F23707C0A87117BA9729BF76
:10812000E3F5E7F2B705C0A8AE9705B73387E74098
:108130002DBFE373F7F4B706C0A8369735BF1848CC
:10814000635F0600B307F74093E606F817F7FC1FD6
:108150002324F72C97F7FC1F2382D72C25B7E37332
:10816000F7FE3706C0A83297F1BF81450145A1B798
:1081700083471900F917A300F900EFF02FD99C48A5
:10818000104C81450D45829783471400858B99CB10
:1081900097F7FC1FA38E07229C4801468145114595
:1081A0008297B9BF97F7FC1F238607229C48014698
:1081B00081455145F5B7EFE0BFEC97F7FC1F93877A
:1081C00067209843B70680001C43D58F1CC3EFF08F
:1081D000EFD397F7FC1F9387E7039C5B89458DD30B
:1081E00013051008829729BF83471400858B638885
:1081F000072297F7FC1FA38D071CA3070100032983
:108200008401EFF0AFD097F6FC1F83C6262193F7C9
:108210004600638A071A83471900CA9703C70700F5
:1082200093070008631AF70083C7040093E78700E9
:1082300017F7FC1F230EF71A17F7FC1F130787FD0C
:10824000030667011C48635E0610F11717F7FC1F51
:108250002328F7181C4817F7FC1F1307671B18473C
:10826000635906103387E7408347190093958601C9
:10827000E185CA9783C717008E0763DB051063F09B
:10828000E7101D8F9306000263EBE6001848635B5E
:10829000060EB307F74017F7FC1F232FF716894583
:1082A00017F5FC1F0345C517EF90CED383C7040015
:1082B000A18B6385071097F7FC1F938727139443BF
:1082C0009307800C1307F00FFCD25C48370633008D
:1082D000014598C397F7FC1F238D070E97F7FC1FE6
:1082E000A389070E97F7FC1F2386070E97F7FC1F3D
:1082F000A382070E97F7FC1F9387C70C98431C4374
:1083000093F7F7E71CC31C4393F7F7E793E70710CE
:108310001CC397F7FC1F93872712984397F5FC1F00
:1083200083C5050D91851C478D89D18F1CC7930787
:10833000A00DBCCA054697A0FC1FE78080AD83C78F
:10834000040097F6FC1F83C6C60C17F6FC1F0346F5
:10835000560CDD9B17F7FC1F230CF70881450145E0
:1083600071BB0D47E363F7EE3707C0A87117BA97E3
:10837000F1BDE3F9E7EEB705C0A8AE97E5B53387E1
:10838000E74009B7E377F7F0B706C0A8369711B70B
:108390001848635F0600B307F74093E606F817F73F
:1083A000FC1F232BF70697F7FC1F2389D706C5BDB3
:1083B000E373F7FE3706C0A83297F1BF8347190071
:1083C000F917A300F900084C814681451306F10016
:1083D00097A0FC1FE780C0991C4C9315850193065C
:1083E000F00F03C70700E185630CD70097F7FC1F68
:1083F00083C737026386D7006304F70093E525003F
:108400008387040063C7070089E58347F1002300E1
:10841000F9009C48104C93F5F50F0D4551B3EFE072
:108420003FC697F7FC1F9387E7F99843B70680008C
:108430001C43D58F1CC3EFF06FAD97F7FC1F9387DC
:1084400067DD9C5BE38E07CA854559BB97F7FC1F28
:10845000238707FC97F7FC1F938787FBC8434111CD
:1084600006C609C597A0FC1FE780201A97F7FC1FD6
:1084700023A207FA97F7FC1F83C717F681CF17F7D8
:10848000FC1F034767F5A1476316F70097F7FC1F2A
:10849000A38407F497F6FC1F83C6F6F39387A6FF21
:1084A00093F7F70F0547636AF70097F7FC1F2385DB
:1084B000D7F297F7FC1FA381E7F2EFE01FCAC1458F
:1084C00017F5FC1F0345C5F5EF902EE501458145E5
:1084D000EF902EF8B240014541018280411106C65D
:1084E00022C4EFF0BFF697F7FC1F938767F203C72C
:1084F000F700DC4BA14517F5FC1F034565F297F625
:10850000FC1FA387E6EE17F7FC1F2327F7EEEF907B
:10851000CEE0914517F5FC1F034585F0EF90EEDFA7
:1085200097F7FC1F83C787EF13F7270017F4FC1F8B
:10853000130404EC19CF1C480146814513052002A1
:108540008297B240224497F7FC1F238907EC410130
:108550008280918BFDD71C4801468145130540025E
:10856000C5B7797126D297F4FC1F938464EA83C758
:10857000C40006D622D44AD04ECE52CC56CA5AC8CF
:108580005EC6898BE1CB17FBFC1F034B6BE6936741
:108590009B00B569056ABD6A17F7FC1F230AF7E45B
:1085A000014497FBFC1F938BABE217F9FC1F1309E7
:1085B000E9E3BD09130A2AF9BD0A97F6FC1F83C631
:1085C00036E517F6FC1F0346A6E481450145EFF0AA
:1085D000EFC183C72B00858BEDD317F5FC1F034537
:1085E00025E1118501469305F00F0D8997F7FC1FD2
:1085F000238107DEEFE0FF91F9470100FD17F5FF4A
:1086000097F5FC1F83C5C5DE91851306F00F8D8994
:1086100005459790FC1FE780C07F83C73B00858B93
:10862000A9C797F7FC1FA38607DAEFF02F8E83C741
:10863000C400854517F5FC1F034585DE93E707F861
:1086400017F7FC1F230CF7DCEF90CE9997F7FC1F70
:10865000238067DBB250225492540259F249624A95
:10866000D24A424BB24B45618280EFF02F8A05041B
:108670001374F40FA1476315F400EFF03FE6F9B768
:108680008327090023A637010F1000008327090064
:10869000096798C7130700F897F6FC1F238CE6D2EA
:1086A00023A2470723A6570183270900FC53E3862B
:1086B00007F00100D5BF411122C406C693F715008B
:1086C0002E84B9C397F7FC1F83C747D513F727003C
:1086D00015C7E207E18717F5FC1F034565D41306AC
:1086E000000563DA070017F6FC1F0346F6D193076F
:1086F000000A3306F6029145EF900EA113451400CF
:10870000B24022444101828093F72500B1C397F71C
:10871000FC1F83C7A7D013F7470005CBE207E1870B
:1087200017F5FC1F0345C5CF1306000A63DC0700DD
:1087300017F6FC1F034656CD9307000A3306F602D0
:1087400013068602A145EF902E9C134524004DBFD1
:1087500093F7450091C7EFF0DFE0134544004DB7B4
:1087600093F7850081CF97F7FC1F83C727CB918BA9
:1087700099C3EFF0BFD61345840059B793F70501AD
:108780000145BDDFEF901E9217F7FC1F0347B7C4EA
:10879000A147631BF70013060064C14517F5FC1FD2
:1087A000034505C8EF904E961345040191BF411152
:1087B00006C622C4EFE03FD47146814517F5FC1F81
:1087C000130505C59780FC1FE780E07917F4FC1FAF
:1087D000130404C4FD5717050000130505EE1CC063
:1087E000EF906EDB2308A400954517F5FFFF1305F6
:1087F000E56CEF900EC6B2402244014541018280F3
:1088000097F7FC1F938747C3944305671307171017
:10881000D8C6514701007D1775FF984323260700EE
:10882000514701007D1775FF98438567938717109F
:108830005CC78280411106C6EFF09FFC97F7FC1FD2
:10884000938787BF9C43130700483703009098D74E
:10885000B8477D13370E0020337767003367C701B1
:10886000B8C7B847B70600F9FD16758F370600047C
:10887000518FB8C7B8473706F9FF7D16419B13677C
:108880009700B8C7B847B7080080B70E0002718FCD
:10889000B8C7B847370600FF7D1633671701B8C75A
:1088A000F84745757D1E619B13673700F8C7F84789
:1088B0001377F7F813670703F8C7EC4793F5F58FBD
:1088C00093E50530ECC7F847718FF8C7F847116694
:1088D0003367D701F8C703A807051307F5FF7D75B0
:1088E0003378E8003368C80023A8070503A84705C4
:1088F0007D15137808FF1368C80023AA0705F04BFD
:1089000013660608F0CBF04B698EF0CBC85F798D0B
:108910002167598DC8DFCC5F37070040F58DB3E57F
:10892000D501CCDFD05FB70570003376C601598E14
:10893000D0DFD05709674D8ED0D7D057F18ED4D71E
:10894000D45775767D16F18ED98ED4D7D457370685
:10895000FDFF7D1637070200F18ED98ED4D7945BC8
:10896000C19A94DB945B93F6F6F094DB945B93F6F8
:10897000F68F94DB985BB70600504D8F98DB985BC1
:1089800033776700558F98DB985FB70608FFFD16B1
:10899000758FB7068800558F98DF985FB368170109
:1089A00023AC1703B2404101828017F7FC1F130765
:1089B000A7A81C4341767D16B44BF18EB4CB9447E7
:1089C00037062000D18E94C7D44793E60601D4C75A
:1089D000D447BD9AD4C7010001000100010014432F
:1089E0000566DC4693E70701DCC6DC42D18FDCC2BA
:1089F00083A7C609A183858BE5DF01000100010083
:108A000001001C43416603A7C709B44BD18EB4CB08
:108A10009376F701B84B019B558FB8CB9847B706B3
:108A2000E0FFFD16758F98C7828097F7FC1F93872C
:108A3000A7A09C4341777D17B44F4166F98EB4CF10
:108A40009447D18E94C7D44793F6F6EFD4C7D44356
:108A5000758FD8C3D44793E60610D4C7D843518F37
:108A6000D8C38280397122DC17F4FC1F1304C49C24
:108A70001C4006DE26DA4AD84ED652D456D25AD0F8
:108A80005ECE62CC66CA6AC86EC6D843FD76FD1655
:108A90001377F7EFD8C39857758F98D7D857B7067D
:108AA00002003D9BD8D79847558F98C7D843136786
:108AB0000701D8C317F7FC1F1307879714433757CD
:108AC000341213078767E38FE64AD843817493848F
:108AD000F40F799BD8C3985FB166938606F0658FD3
:108AE000558F98DFD84313671700D8C397A0FC1F92
:108AF000E78080A11C4003A707091377F703A38E23
:108B0000E1EA03A7470929831377F707238FE1EAEF
:108B1000D843B96693860670799BD8C3985F658FF2
:108B2000558F98DFD84313671700D8C397A0FC1F51
:108B3000E780809D1C4003A707091377F70397F68A
:108B4000FC1FA38DE68E03A7470929831377F70738
:108B500097F6FC1F2380E68ED843B56693860630D1
:108B6000799BD8C3985F658F558F98DFD84313677B
:108B70001700D8C397A0FC1FE780009918408327EF
:108B8000070993F7F70397F6FC1F2389F68A8327D3
:108B90004709A98393F7F70717F7FC1F2308F788FE
:108BA0001C4017FCFC1F034C6C8983C6D1EB03A748
:108BB000070AB386864113F6F600419B518F23A026
:108BC000E70A130760023387E6021306700283A5E3
:108BD000070A7D7E130EFE0F93F5F5F01305400294
:108BE00045737D13130430023347C702B708F1FF02
:108BF000FD1813082002930E10027D4FF94FF54225
:108C0000F1436D4DD14B454BBD443949314AAD4AD5
:108C1000B5493D8B12074D8F9305500223A0E70AFB
:108C20003387B60283A5070AB3F5C5013347C702E8
:108C30003D8B22074D8F23A0E70A3387A60283A529
:108C4000070A370500F17D15B3F565003347C70204
:108C50003D8B32074D8F23A0E70A3387860283A519
:108C6000070A6144B3F515013347C7023D8B42073C
:108C70004D8F23A0E70A3387060383A5070A370829
:108C800010FF7D18B3F505013347C7023D8B52072E
:108C90004D8F23A0E70A3387D60383A5070AB70EB3
:108CA0000010FD1EE98D3347C7023D8B62074D8FD3
:108CB00023A0E70A139756003347C7029315C7014D
:108CC00003A7070A3377D7014D8F23A0E70A33871D
:108CD000E6035D4F3347C7029375F70003A7470AC2
:108CE000419B4D8F23A2E70A3387F60383A5470AEA
:108CF000D94F93F5F5F03347C7023D8B12074D8FDF
:108D000023A2E70A3387560283A5470AD542B3F563
:108D1000C5013347C7023D8B22074D8F23A2E70AC7
:108D20003387760283A5470ACD43B3F56500334701
:108D3000C7023D8B32074D8F23A2E70A3387A60374
:108D400083A5470A494DB3F515013347C7023D8B4B
:108D500042074D8F23A2E70A69473387E60283A5BE
:108D6000470AB3F505013347C7023D8B52074D8FC4
:108D7000E54523A2E70A3387B60283A5470AE98DB2
:108D80003347C7023D8B62074D8F23A2E70A338723
:108D900086020D443347C7029315C70103A7470A4C
:108DA0003377D7014D8F23A2E70A3387E603254F98
:108DB0003347C7029375F70003A7870A419B4D8F7E
:108DC00023A4E70A3387F60383A5870A9D4F93F50B
:108DD000F5F03347C7023D8B12074D8F23A4E70AF6
:108DE0003387560283A5870A9942B3F5C5013347F5
:108DF000C7023D8B22074D8F23A4E70A33877603F2
:108E000083A5870AB3F565003347C7023D8B320758
:108E10004D8F23A4E70A3387760283A5870A9543FB
:108E2000B3F515013347C7023D8B42074D8F23A48D
:108E3000E70A3387A60383A5870A294DB3F5050101
:108E40003347C7023D8B52074D8F23A4E70A338770
:108E5000660383A5870AE98D3347C7023D8B620706
:108E60004D8F93954600B3C5C50223A4E70A03A717
:108E7000870A3377D701F2054D8FB385960223A475
:108E8000E70A03A7C70A419BB3C5C502BD894D8F39
:108E900023A6E70A3387260383A5C70A93F5F5F0CF
:108EA0003347C7023D8B12074D8FB3C5860223A6F9
:108EB000E70A03A7C70A3377C701BD89A2054D8F0B
:108EC00023A6E70A3387460383A5C70AB3F56500DF
:108ED0003347C7023D8B32074D8F23A6E70A3387FE
:108EE000560383A5C70AB3F515013347C7023D8B67
:108EF00042074D8F23A6E70A3387A60383A5C70A37
:108F0000B3F505013347C7023D8B52074D8F23A6AA
:108F1000E70A3387E60383A5C70AE98D3347C7020B
:108F20003D8B62074D8F93953600B3C5C50223A6CE
:108F3000E70A03A7C70A3377D701F2054D8FB38538
:108F4000F60323A6E70A03A7070B419BB3C5C50297
:108F5000BD894D8F23A8E70A3387560283A5070BE7
:108F600093F5F5F03347C7023D8B12074D8F23A8C9
:108F7000E70A3387760283A5070BB3F5C5013347AC
:108F8000C7023D8B22074D8F23A8E70A13972600BF
:108F90003347C70283A5070BB3F565003D8B320746
:108FA0004D8FB3C5360323A8E70A03A7070B337712
:108FB0001701BD89C2054D8F23A8E70A1397160034
:108FC0003347C70283A5070BB3F505013D8B520755
:108FD0004D8FB3C5C60223A8E70A03A7070B698F05
:108FE000BD89E2054D8F23A8E70A03A7070B930568
:108FF00080023377D70123A8E70A17E7FC1F03474E
:10900000F7433307EC40B34DB70283AC470B93FCF7
:109010000CFFB34B770393FDFD00B3ECBC0123AA17
:10902000970B83AC470BCD4D93FCFCF093FBFB00FF
:10903000920BB3EB7C0123AA770BB30B870283ACB3
:10904000470BB3FCCC01B3CBBB0293FBFB00A20BE1
:10905000B3EB7C01B34CA70323AA770B83AB470B7D
:10906000B3FB6B0093FCFC00B20CB3EB9B0123AA97
:10907000770BA14BB34B770383AC470BB3FC1C01BD
:1090800093FBFB00C20BB3EB7C0123AA770BB30B62
:10909000570283AC470BB3FC0C01B3CBBB0293FB71
:1090A000FB00D20BB3EB7C0123AA770BB30BF703C6
:1090B00083AC470BB3FCAC00B3CBBB0293FBFB0010
:1090C000E20BB3EB7C01B34C770223AA770B83ABA3
:1090D000470BB3FBDB01F20CB3EB9B01B30CE703D3
:1090E00023AA770B83AB870B93FB0BFFB3CCBC029C
:1090F000B30A570393FCFC00B3EB9B0123AC770B43
:10910000914B83AC870B93FCFCF0B34B7703330A92
:10911000470393FBFB00920BB3EB7C0123AC770B73
:1091200083AB870BD54CB3FBCB01B3CABA02B309EF
:10913000370393FAFA00A20AB3EA5B0123AC570B98
:1091400083AA870BD94BB3FA6A00334ABA023309B0
:109150002703137AFA00320A33EA4A0123AC470B99
:1091600003AA870BE14A337A1A01B3C9B902B304DF
:10917000970293F9F900C209B3693A0123AC370B9E
:1091800083A9870B654AB3F909013349B902B3C40E
:10919000B4021379F900520933E9290123AC270BF2
:1091A00003A9870BE9493379A900330B6703BD880D
:1091B000E204B36499001319470023AC970A83A40F
:1091C000870BB3F4D4013349B902334BBB027209A4
:1091D000B3E4240123AC970A83A4C70BC198137B83
:1091E000FB0033EB6401C944B304970223AE670B61
:1091F00003A9C70B5D4B1379F9F0B3C4B402BD8862
:109200009204B364990023AE970AB304B70303A989
:10921000C70BF54D3379C901B3C4B402BD88A204AC
:10922000B364990023AE970A8944B344970203A913
:10923000C70B33796900BD88B204B364990023AECB
:10924000970AB304970303A9C70BF94C33791901A3
:10925000B3C4B402BD88C204B364990023AE970AB4
:10926000B304770303A9C70BFD4B33790901B3C4DA
:10927000B402BD88D204B364990023AE970AB30444
:10928000670303A9C70B130B10023379A900B3C4FA
:10929000B402BD88E204B364990023AE970AB30414
:1092A000570303A9C70B930A20023379D901B3C42A
:1092B000B402F204B364990023AE970AB3044703DF
:1092C00003A9070C130A3002137909FFB3C4B402CF
:1092D000BD88B364990023A0970CB304370303A996
:1092E000070C930940021379F9F0B3C4B402BD88A6
:1092F0009204B36499006D4923A0970CB30427032B
:1093000003A9070C3379C901B3C4B402BD88A20410
:10931000B364990023A0970CF144B304970203A906
:10932000070C33796900B3C4B402BD88B204B364D6
:10933000990023A0970CB304B70303A9070C337952
:109340001901B3C4B402BD88C204B364990023A058
:10935000970CB304970303A9070C33790901B3C42D
:10936000B402BD88D204B364990023A0970CB3045F
:10937000770303A9070C3379A900B3C4B402BD88ED
:10938000E204B364990023A0970C93145700B3C46C
:10939000B4021399C40183A4070C3306C702B3F4C3
:1093A000D401B3E4240123A0970C03A9470C13793B
:1093B00009FFB3046703B3C4B402BD88B364990062
:1093C00023A2970CB304570303A9470C1379F9F0B0
:1093D000B3C4B402BD889204B364990023A2970C6D
:1093E000B304470303A9470C3379C901B3C4B402DA
:1093F000BD88A204B364990023A2970CB304370379
:1094000003A9470C33796900B3C4B402BD88B20420
:10941000B36499001309500223A2970CB3042703E5
:1094200003A9470C33791901B3C4B402BD88C2043F
:10943000B364990023A2970C93046002B3049702CB
:1094400003A9470C33790901B3C4B4023346B60209
:10945000BD88D204B364990023A2970C83A4470C5F
:10946000E98C3D8A6206458E23A2C70C03A6470CF1
:109470009314C7013376D601458E23A2C70C130679
:1094800090023306C70283A4870CC1983346B60204
:109490003D8A458E23A4C70C1306A0023306C702DB
:1094A000B345B60203A6870C1376F6F0BD89920584
:1094B000D18D23A4B70C97E5FC1F83C525F717E6CC
:1094C000FC1F034626F73386C540B304A60303A951
:1094D000870C3379C901B3C4E40293E48400BD88E6
:1094E000A204B364990023A4970CB304E60303A970
:1094F000870C33796900B3C4E40293E48400BD8827
:10950000B204B364990023A4970C93143600B3C437
:10951000E40203A9870C3379190193E48400BD8820
:10952000C204B364990023A4970CB304F60303A9FF
:10953000870C33790901B3C4E40293E48400BD8845
:10954000D204B364990023A4970CB304560203A970
:10955000870C3379A900B3C4E40293E48400BD8886
:10956000E204B364990023A4970CB304760203A920
:10957000870C3379D901B3C4E40293E48400F20484
:10958000B364990023A4970C93142600B3C4E40297
:1095900003A9C70C137909FF93E48400BD88B36461
:1095A000990023A6970CB304860203A9C70C13796C
:1095B000F9F0B3C4E40293E48400BD889204B36478
:1095C000990023A6970C93141600B3C4E40203A9D0
:1095D000C70C3379C9013347E60293E48400BD88A0
:1095E000A204B364990023A6970C03A6C70C337694
:1095F0006600136787003D8B3207518F23A6E70C67
:1096000003A7C70C3377170123A6E70C03C7E1EBC9
:109610000D8F3346D70293F5F507E2053D8A931483
:10962000460103A6C70C3304870233760601458E34
:1096300023A6C70C1316170083A4C70CE98C334666
:10964000D6023D8A6206458E23A6C70C03A6C70C28
:109650003344D402B37ED60113162700B303770236
:10966000720433E48E0023A6870C3346D602B3027D
:109670005702937EF60003A6070D419A3366D60182
:1096800023A8C70C03A6070DB3C3D3021376F6F0C5
:10969000B3C2D20293F3F3009203B363760023A81C
:1096A000770C03A6070D337EC601B30FF70393F2C1
:1096B000F200A202B3625E0023A8570C03A6070DB6
:1096C0003373660013163700B3CFDF02330FE7039F
:1096D00093FFFF00B20FB36FF30123A8F70D03A3AD
:1096E000070DB37813013346D602330DA7033D8A25
:1096F000420633E6C80023A8C70C03A6070D33783B
:109700000601334FDF02B346DD02137FFF00520F25
:10971000336FE80123A8E70D03A7070D798DBD8AF4
:10972000E206C98E23A8D70CD84385663D9BD8C3D3
:10973000D843799BD8C39857558F98D7D857B70631
:109740000081FD1613670701D8D71377FC0303AC1C
:109750008703137C0CFC336CEC0023AC8703985F0D
:10976000758FD98D8CDF6254F250D2544259B25960
:10977000225A925A025BF24B624CD24C424DB24D8D
:109780002161828097E7FC1F23A407CA6FF04FC1B5
:1097900097E7FC1F938747CA98435C4393E70710FA
:1097A0005CC38280411106C6C12D93056040EF1055
:1097B000B072B2400145410182806F00A07119C5AD
:1097C00091C509C68357060001459DE30111056552
:1097D000C9471306F100130555C3854506CEA307F7
:1097E000F100EF10306FF2400345F1000561828017
:1097F0008280011197E7FC1F2388A7CE0565130619
:10980000F100130595C4854506CEA3070100EF10AE
:10981000706CF2400345F10005618280011113056F
:10982000910006CEE12D2304A10005653000250539
:109830009D45EF10306AF24003458100056182804A
:1098400001111305D10006CEE12D2306A100096503
:10985000700009059145EF10F067F2400345C10023
:1098600005618280011106CEF92DA307A1000965CB
:109870001306F10015058545EF10D065F24003454C
:10988000F10005618280011106CEEF00C076A307CA
:10989000A10009651306F10029058545EF109063C5
:1098A000F2400345F10005618280011106CEEF0010
:1098B0003004A307A10009651306F10039058545A9
:1098C000EF105061F240014505618280011106CE22
:1098D000EF00703CA307A10009651306F1004105E4
:1098E0008545EF10305FF2400345F100056182804D
:1098F000011106CEEF00501AA307A1000965130657
:10990000F10045058545EF10F05CF2400345F1009C
:1099100005618280411106C622C4EF00B02089652E
:10992000CD052A84EF10505B2285B24022444101CC
:10993000828001111305510006CEEF00103B230277
:10994000A100096550006105A545EF10B058F2402F
:10995000014505618280411106C6EF00703C8965B2
:10996000E505EF107057B2400145410182800111B9
:1099700006CE22CC2A84EF00D04F2306A100096531
:10998000A30681007000218069058D4523078100B1
:10999000EF105054F240624401450561828001118C
:1099A00006CE22CC2A84EF00905F2306A100096531
:1099B000A3068100700021806D058D45230781007D
:1099C000EF105051F240624401450561828001115F
:1099D00006CE22CC2A8489272306A1000965A30686
:1099E000810070002180130505028D452307810049
:1099F000EF10504EF2406244014505618280011132
:109A000006CE22CC2A84EF0030052306A10009658A
:109A1000A306810070002180130515028D452307E0
:109A20008100EF10304BF2406244014505618280B5
:109A3000011106CEEF00705BA307A10009651306B4
:109A4000F100130575028545EF10D048F24003453B
:109A5000F10005618280011106CEEF005064A3077A
:109A6000A10009651306F100130595028545EF1065
:109A70007046F2400345F10005618280011106CE77
:109A8000EF00B066A307A10009651306F1001305F6
:109A9000D5028545EF101044F2400345F100056101
:109AA0008280011106CEEF00506AA307A10009656C
:109AB0001306F1001305E5028545EF10B041F240B1
:109AC0000345F10005618280011106CEEF00D06CE4
:109AD000A307A10009651306F100130515038545C9
:109AE000EF10503FF2400345F1000561828039716B
:109AF0001303D1021ACE0343810506DE1ACC0343B9
:109B000041051ACA034301051AC80343C1041AC612
:109B1000034381041AC4030341041AC2034301042A
:109B20001AC0EF00F06B2306A1020965701013053F
:109B300065038945EF10103AF2500345C1022161D7
:109B40008280011106CEEF104017A307A10009651E
:109B50001306F100130575038545EF10B037F24089
:109B60000345F10005618280011106CEEF10202A25
:109B7000A307A10009651306F100130585038545B8
:109B8000EF105035F2400345F1000561828001116C
:109B900006CEEF10A040A307A10009651306F1004F
:109BA000130595038545EF10F032F2400345F100AF
:109BB00005618280011106CEEF10C058A307A100F5
:109BC00009651306F1001305E5038545EF10903094
:109BD000F2400345F10005618280011106CEEF10CD
:109BE000A065A307A10009651306F1001305F5039D
:109BF0008545EF10302EF2400345F100056182806B
:109C0000011106CEEF108079A307A10009651306A4
:109C1000F100130505048545EF10D02BF2400345F4
:109C2000F10005618280011106CEEF105008A307F4
:109C3000A10009651306F100130525048545EF1001
:109C40007029F2400345F1000561828097E7FC1F0F
:109C50002396A78801458280011106CEEF10D00F10
:109C6000A307A10009651306F10013051505854535
:109C7000EF105026F2400345F1000561828001118A
:109C800006CEEF10B016A307A10009651306F10078
:109C9000130525058545EF10F023F2400345F1003B
:109CA0000561828097D7FC1F83D7E77F99E79307E9
:109CB000F01F17D7FC1F2318F77E97D7FC1F83D7F9
:109CC000877EA146014513F707108607C207335761
:109CD000D740C183598D13D6574013D79740318F42
:109CE000058BFD161375F50FD98FF1FE17D7FC1FE5
:109CF000231BF77A828097D7FC1F83D7E77A81EB03
:109D0000E17793C7F7FF17D7FC1F231FF77897D783
:109D1000FC1F83D76779B94601451168194633F7A7
:109D200007018607C2073357D740C183598D13D720
:109D3000E74093D5F700058B2D8FFD161375F50FB2
:109D4000D98FE39EC6FC17D7FC1F231FF7748280B0
:109D5000011126CA4AC84EC656C297D7FC1F938720
:109D6000276706CE22CC52C45AC0AE893289B68A41
:109D7000C44B35C9AD472A8463EEA7021304F5FF2F
:109D80001374F40F631D0906268A338B990063123E
:109D90004B071379F9009386FAFF2285238024016B
:109DA000A380340193F6F60F4E868545EFD0AFC3FE
:109DB000014505A0B147630BF5029307600263E517
:109DC000A7001304E5FF6DBF930770024945E30B3D
:109DD000F4FAF2406244D2444249B249224A924AD9
:109DE000024B056182801304500269BF13046002B4
:109DF00051BFEFF03FEB2301AA00050A49BF854799
:109E0000631CF9004E869305000F1385240097709C
:109E1000FC1FE7804015B5BF89476316F9004E86E1
:109E20009305A00ADDB78D47631DF900268A338BA1
:109E30009900E3004BF7EFF01FEC2301AA00050A9D
:109E4000CDBF91476316F9004E869305F00F75BF9D
:109E500095476315F9004E86814545BF99476315BF
:109E6000F9004E86BD4555B79D474945E313F9F6C0
:109E70004E869305500551BF011106CE931745013B
:109E800063D40702EF508FA5894719C9834605009F
:109E90001147B1476396E60095472300F500C9478F
:109EA000F2403E85056182802EC6EF702FB2C94711
:109EB00065D90347A500418B65D7B2458347B500F7
:109EC0002309B50491E7E9472308F5008147C9BF95
:109ED000ED47DDBF011106CE22CC2EC6EF700FAFCD
:109EE00001CDB2452A84EF608F882305A402014585
:109EF000F2406244056182804945DDBF17D7FC1FEF
:109F00001307C759814799468345870D3306F500E6
:109F100085072300B6000507E398D7FE0145828038
:109F200097D7FC1F9387072F03D707012300E5006E
:109F300003D707012183A300E50083C7F7002301AE
:109F4000F5000145828019E14945828097D7FC1FC1
:109F50009387C754F84B411122C406C62A8409C707
:109F60000347C700314525E3B85F09C70347B7007A
:109F7000314531EB83A7870889C783C7770031450F
:109F8000B9E385471946A28517D5FC1F1305E55E81
:109F900017D7FC1F2305F7509770FC1FE78020F9A7
:109FA000834754001307000C93F7070C6391E702F3
:109FB0001946A28517D5FC1F1305855C9770FC1FF9
:109FC000E780E0F60145B24022444101828081EB06
:109FD0001946A28517D5FC1F1305E55AC5B7130707
:109FE00000044945E391E7FE1946A28517D5FC1FF9
:109FF0001305C559E1B7411126C297D4FC1F9384BC
:10A00000E44922C4E04806C611C47C4813974700BF
:10A01000634C070CFC5099E74945B24022449244F6
:10A020004101828009ED1305000FEF7020036DD50B
:10A030008347C500F5D3EF7000260145F9BF0547FA
:10A04000E31CE5FC15EC014582972A8445C1856730
:10A05000938707802310F502930700702317F500FC
:10A060008D47230CF500A30A0502194697D5FC1F5E
:10A0700093854550130565039770FC1FE78020EB1F
:10A080000347C4008547E309F7F88347E400B98B29
:10A0900095C30347E40085476318F70289472310F7
:10A0A000F402224403A38406B24092441305000F35
:10A0B00041010283EF506FD997D7FC1F83C7F71672
:10A0C0008D8BE318F5FC89BF835704021167637514
:10A0D000F7002310E402F1B7930600023E87E3FA8B
:10A0E000D7FE13070002F5B7314505BF1D4535B74B
:10A0F00097D7FC1F9387873A83A78708314581CF7D
:10A1000083C7770089CB411106C6EF70B04BB240D0
:10A110000145410182808280011126CA4AC84EC68B
:10A1200052C456C25AC02E89368BBA89BE8A06CE10
:10A1300022CCB284428AEF706F891307A9FF4207CD
:10A14000856741839386A7C763E6E610938707C8B0
:10A150002A84494563E8970A63E6240B1307301FF6
:10A160006362670B63E0370B93071B00B3879702AB
:10A1700013973900860763D7E70849C4834714015A
:10A1800013F747003DC7ED9BA308F4008347B400D5
:10A1900023192407231A9406D5E703576406C167D9
:10A1A000FD17630BF7066319990683578403231A77
:10A1B000E404231BF40497D7FC1F83D767388D462C
:10A1C000114763E5F600850713F7F70FA309E404C9
:10A1D0002285EF50AFC98357E403A907231EF40477
:10A1E0008327440A93E717002322F40AC547A30EE6
:10A1F000F400231B5407231C4407231C6405231D60
:10A2000034050145F2406244D2444249B249224AEF
:10A21000924A024B056182808357240691C7B3D4CA
:10A22000F402B387970271B7B305990085814A8517
:10A23000EF701EE3231BA404930564052685EF40FD
:10A24000807595BF8327840A93E707022324F40AC5
:10A25000C14771BF49457DB701112EC606CEEF60DB
:10A26000FFF6B24509E54945F24005618280834722
:10A2700015012305B50213F7470075D7ED9BA30819
:10A28000F500BD47A305F5028327850A93E727005C
:10A290002324F50A0145C9BF17D7FC1F1307072060
:10A2A0007C4B81CB83C6C70089C683C6D700C9470C
:10A2B000A1E23C5F89CB83C6B70091C683C6070184
:10A2C000C947858A95E68327870881CB03C777002E
:10A2D00009C703C7D700C94701EF17D7FC1F0347BA
:10A2E000E72697D7FC1F83C77726636AF7009D4749
:10A2F0003E8582809D47F2403E8505618280011146
:10A30000A304A10019461305A10006CE9770FC1FF7
:10A31000E780E0C12800EFC08FE28547E31CF5FC31
:10A320008147D1BF797126D24AD04ECE06D622D4EB
:10A330002E89B28936C63AC43EC242C0EF601FE9D8
:10A34000C94455C99305A9FFC20505662A84C18180
:10A350001305A6C7C9446360B50A130606C8636C33
:10A36000360963EA2909B2469305301F63E5D5082B
:10A3700022476362E6081386160033062603931508
:10A380003700635AB60603461401B144058A25E630
:10A390000326440A1376162039EE92470248231DFD
:10A3A000E4040347B400231BF40623192407231AEB
:10A3B0003407231C0407231CD4048347D40181449D
:10A3C00059EF95EB83270410898B95CF3146930580
:10A3D000F00F130564069770FC1FE780C0B8832751
:10A3E000440A2313040693E707202322F40AC947EB
:10A3F000A30EF4008144B25022542685025992548F
:10A40000F2494561828063093905B3852901858157
:10A410004A85EF70FEC4231BA404930564054E8592
:10A42000EF40605797D7FC1F83D787118D461147A0
:10A4300063E5F600850713F7F70FA309E404228507
:10A44000EF50CFA28357E403A907231EF404832708
:10A45000440A93E7170051BF231B2405E1B7C1FF4E
:10A4600083278410898B95C731469305F00F130518
:10A4700064069770FC1FE78000AF8327440A23130C
:10A48000040693E707202322F40ACD47A30EF40025
:10A490009DB7E9448DB797D7FC1F93872700F84BEA
:10A4A00001CB8346C70089C60347D70049450DEF56
:10A4B000B85F09CB8346B70091C6034707014945FA
:10A4C000058B1DE383A7870881CB03C7770009C7E6
:10A4D00083C7D700494589EB411106C6EFC0EFD1CC
:10A4E000B2400145410182808280411122C426C2CE
:10A4F0004AC006C62A890144A1449305F00F0545C8
:10A50000EF70DEB3B30789002380A7000504E316CC
:10A5100094FEB240224492440249014541018280A6
:10A52000011122CC4AC806CE26CA2EC632893684EC
:10A53000EF60DFC9630D05128347B500AA84B245F9
:10A540000945DDEB21461385F4189770FC1FE78061
:10A55000009EA38B241913598900238C2419834747
:10A56000E4000346D4008345F4008346C400A207F8
:10A57000420603C5A404B297AE97E20603A7440AB5
:10A58000B69749C123A6F40A8347A40083469400E2
:10A5900013670702A207C206B6978346B400B697B0
:10A5A00083468400E206B69723A8F40A8347640032
:10A5B00083465400A207C206B69783467400B69736
:10A5C00083464400E206B69723AAF40A8347240090
:10A5D00083461400A207C206B69783463400B69796
:10A5E00083460400E206B69723ACF40A8547A385A8
:10A5F000F40423A2E40A0145F2406244D2444249F1
:10A600000561828023A6F40C8347A400834694004E
:10A6100013678700A207C206B6978346B400B697B1
:10A6200083468400E206B69723A8F40C83476400AF
:10A6300083465400A207C206B69783467400B697B5
:10A6400083464400E206B69723AAF40C834724000D
:10A6500083461400A207C206B69783463400B69715
:10A6600083460400E206B69723ACF40C59B70945BB
:10A6700061B7011106CE2EC6EF605FB5630F0510FE
:10A680008346B5000547AA87B24505456391E60AAA
:10A6900083C60701130740020145639AE60803C712
:10A6A000E50083C6D5002207C206369783C6F500AB
:10A6B000369783C6C500E206369783C6B704BDCA7F
:10A6C00023A6E70A03C7A50083C695002207C20692
:10A6D000369783C6B500369783C68500E20636975F
:10A6E00023A8E70A03C7650083C655002207C206F0
:10A6F000369783C67500369783C64500E2063697BF
:10A7000023AAE70A03C7250083C615002207C2064D
:10A71000369783C63500369783C60500E20636971E
:10A7200023ACE70A1307A0022388E7000145F240A3
:10A730000561828023A6E70C03C7A50083C69500A8
:10A740002207C206369783C6B500369783C68500B2
:10A75000E206369723A8E70C03C7650083C65500B9
:10A760002207C206369783C67500369783C6450012
:10A77000E206369723AAE70C03C7250083C6150017
:10A780002207C206369783C63500369783C6050072
:10A79000E206369723ACE70C71B7054549BF411176
:10A7A00006C6EF60BFA221C18346B5000547AA8750
:10A7B00009456397E60283C60701130740026391C8
:10A7C000E602130760302395E7021307500223883F
:10A7D000E70003C79702014513671700A384E70248
:10A7E000B240410182800945E5BFAA8717D8FC1F06
:10A7F0000348D8CA17D5FC1F130545CA2A87630822
:10A800000802684911C50348C500314563180808A6
:10A81000285F11C50348B5003145631108080325B9
:10A82000870811C50348750031456319080697D894
:10A83000FC1F83C828D217D8FC1F0348B8D11D4578
:10A8400063FE08050327870C49451377070439C7BA
:10A850005D71A6C22800B284194686C6A2C4A303AD
:10A86000F10036849760FC1FE780606CA6851305B5
:10A87000E10241469760FC1FE780606BA2851305EB
:10A88000E10141469760FC1FE780606A4800EF7075
:10A89000606EB6402644964461618280828097D67D
:10A8A000FC1F83C6B6BF8DCA17D7FC1F130707BF8F
:10A8B000BA87784B09C70347C700494515E7B85F12
:10A8C00009C70347B700494505E383A7870889C738
:10A8D00083C77700494589EB411106C6EF70007FB9
:10A8E000B240014541018280828097D7FC1F938747
:10A8F000E7BA97D6FC1F83C676BA3E8785C6FC4B5F
:10A9000089C783C6C700C94785EE3C5F89C783C630
:10A91000B700C94795E68327870889C783C67700AC
:10A92000C94799EE97D7FC1FA38AA7B68327070DBF
:10A9300011C993E7076017D7FC1F2329F7C2814786
:10A940003E85828093F7F79FFDB7130700643305B8
:10A95000E502411197D7FC1F938747B422C403A493
:10A96000C70B26C24AC006C6BE841309F00F17D70C
:10A97000FC1F232FA7B401E8B240224492440249AD
:10A980000145410182800345040063052501CC583F
:10A99000EF605EEB405CC5B797D7FC1FA38CA7B2F6
:10A9A0009377150017D7FC1F130747AF81EF834735
:10A9B000C703ED8F6384B7004945828097D6FC1F9B
:10A9C000238BF6B093772500014591EB8347D7039E
:10A9D000F18FE393C7FE97D7FC1FA38EC7AE82808B
:10A9E0005D716ECE97DDFC1F938D4DAB03A34D05BE
:10A9F000CAC05AD862D486C6A2C4A6C24EDE52DCF1
:10AA000056DA5ED666D26AD0030C4105034B810547
:10AA10000349010663090300032E43053143131460
:10AA20005E00634D04000D4E49436369FE0093FCD4
:10AA3000050163850C02054E6307CB07B64026442B
:10AA400096440649F259625AD25A425BB25B225C82
:10AA5000925C025DF24D1A856161828093FE350041
:10AA60004943E38DCEFD93FE8500E3990EFC63130D
:10AA7000CB0303CECD033143137E4E00E3000EFC27
:10AA80006303690309436310690203CECD03137E98
:10AA90002E0039A0E318C9FF03CECD03137E4E006C
:10AAA0003143E30D0EF8C68A42C63EC4BA8B368ADD
:10AAB000328DAE84AA89EF60605A2A8411E983A797
:10AAC0004D06054582972A841D432DD9230435015F
:10AAD000930700026311FA028D47631CF904835542
:10AAE000C4019307900F13035004E3E9B7F48355AF
:10AAF000E401E3E5B7F493F5F40F2300B406638EA5
:10AB00000C12BD889547639EF402930710F8230743
:10AB1000F4004543E364AAF3FD474543E3F0A7F39C
:10AB20009167E3ED47F13306AA0105822310C402C1
:10AB300015A08547E311F9FC8355C4019307D02E76
:10AB40005DB7B5476391F40E85472307F400894745
:10AB50002310F402A307740163940B128547230C9E
:10AB6000F40093F5050281E5A247A30AF402194611
:10AB7000814556859760FC1FE780004963130512E5
:10AB80008547230EF402B2471946D685A30EF40278
:10AB90001305E4039760FC1FE780603983470105D4
:10ABA000A306F4009307F0076310FC1097C7FC1F7F
:10ABB0009387476683C7470136572300F70003058D
:10ABC0005401EFC02F8E2304A406EFC0EF86B657C2
:10ABD000A30AA4000D472380A70089476303EB0065
:10ABE00081472302F4068347C105A302F406834785
:10ABF0000406C18B91EB7D191379F90F89474943FD
:10AC0000E3EE27E3A3012407834741063707000843
:10AC10000143A300F40683478106A303F4067C489E
:10AC2000D98F7CC821BD89476394F4009947C5B585
:10AC3000E38F04EC23070400E9BD9D472307F400DC
:10AC400013F5150093F7450011C9114591C305454A
:10AC5000A30FA4048547230FF40465BD13F5250055
:10AC600001C9094591C31545A30FA4048947E5B758
:10AC70000D4591C31945A30FA404230F040451BD2E
:10AC8000230C040081470D46B3D6FB40858A91C64C
:10AC9000834684018506230CD4008507E396C7FE0E
:10ACA000C9B5230E0402DDBD994763C58701A30A18
:10ACB000840131B7A30AF40019B797C7FC1F938723
:10ACC000E77DF04B01114EC606CE22CC26CA4AC8FB
:10ACD00052C4BE8911C67C4A13965700634E0600C3
:10ACE0003A8AB6842E89EF6060372A8419ED83A7EB
:10ACF00049051305200491C33145F2406244D24412
:10AD00004249B249224A056182800347E5008547EE
:10AD100001453D8BE303F7FE03470406418B3DCB22
:10AD20008D476304F9004945C9BFFD47E3ED97FE30
:10AD3000231E04008D476319F90AD9CC8357C40137
:10AD400017C7FC1F0357E77C1D45B3869700E346F2
:10AD5000D7FA0347C40015C783560402130700023D
:10AD60006391E602034734068D46631CD708130738
:10AD7000900F13055004E362F7F88357E401E36E84
:10AD8000F7F68D471D45E31AF9F623244403231EE5
:10AD900094002DA01377D90FE30CF7F81147631532
:10ADA000E904784893167700E3CF06F60347C4001A
:10ADB000E31BF7F68357C401BDD7B5F49305800CA8
:10ADC0000545EF70AEA78357A40612058507BD8B16
:10ADD000C98F2315F40639A07C48370700FF7D177B
:10ADE000F98F7CC8014511BF9307D9FF93F7F70F7F
:10ADF0000547E375F7F485D88347C400E390E7F48B
:10AE0000E5BD8546E31FD7F61307D02E9DB797C73C
:10AE1000FC1F9387A768F04B01114EC606CE22CCCB
:10AE200026CA4AC852C4BE8911C67C4A1396570026
:10AE3000634E06003A8AB6842E89EF6020222A8467
:10AE400019ED83A749051305200491C33145F2404C
:10AE50006244D2444249B249224A05618280034792
:10AE6000E500854701453D8BE303F7FE03470406F4
:10AE7000418B4DC78D476304F9004945C9BFFD4764
:10AE8000E3ED97FE231F04008D476313F90EE9C815
:10AE90008357E40117C7FC1F0357A7671D45B386F7
:10AEA0009700E346D7FA0347C40015C78356040248
:10AEB000130700026391E602034734068D466317C9
:10AEC000D70C8356C4011307900F13055004E36099
:10AED000D7F8E36EF7F68D471D45E31AF9F65C5493
:10AEE0008DCB83476406898B8DC783475403898B39
:10AEF0008DC3085819CD8347A50081CFEF70E001BD
:10AF00000C58194613056403B1059760FC1FE780D0
:10AF1000000223264403231F94002DA01377D90F8A
:10AF2000E302F7F611476315E904784893166700C2
:10AF3000E3C506F40347C400E311F7F48357E401C3
:10AF40008DDF85FC9305800C0545EF702E8F8357B0
:10AF5000A40612058507BD8BC98F2315F40639A0F9
:10AF60007C48370700FE7D17F98F7CC80145C5B5C1
:10AF70009307D9FF93F7F70F0547E37BF7F0E38ECD
:10AF800004EE8347C400E395E7F0C9B58546E314B2
:10AF9000D7F48356C4011307D02E05BF5D71A6C236
:10AFA00097C4FC1F9384844F03A8440586C6A2C49B
:10AFB000CAC04EDE52DC56DA5AD85ED662D466D2A9
:10AFC0006AD06ECE630808028327480513945700A1
:10AFD000635204023145B640264496440649F2596C
:10AFE000625AD25A425BB25B225C925C025DF24DC5
:10AFF000616182803AC632C493771500B68989C7E9
:10B00000639105104945C1BF91E9A04C19E0014584
:10B01000D9B72285EF6020280040CDBFE30908FEA4
:10B020004285EF604027E5B77849B70700037D8F79
:10B0300055F30347F505630487016315970103D7AB
:10B04000EA0149DB03C75A036301270903C7EA0082
:10B0500063192701131714004E9703570700E3E302
:10B06000EDFAB8547D141374F40F45CB93161A00FF
:10B07000B69903D70900B2479305800C2396EA06D8
:10B080003E9A03470A00054523970A06A384EA0669
:10B09000EF60DEFA03D7AA061205264405073D8BAA
:10B0A000498F2395EA0603A3840603C50B00B64027
:10B0B00096440649F259625AD25A425BB25B225C0C
:10B0C000925C025DF24D61610283138B8A05194621
:10B0D00081455A859760FC1FE78000F363192501BD
:10B0E0001946EA855A859760FC1FE78040E41946B7
:10B0F00081455A859760FC1FE78000F1E31825F52C
:10B1000011B7FD1513F4F50F094C954C054917CDF2
:10B11000FC1F130D8D46930D00089307F00FE303FA
:10B12000F4EEA247228AB38B870003C50B00EF50D1
:10B13000F072AA8AE31A05EEFC4813052004E39B8B
:10B1400007E851BD97C7FC1F93874735FC4B95C354
:10B15000FC4B13975700635E0700B1473E85828022
:10B16000B147F2406244D2444249B2493E8505614A
:10B170008280011122CC26CA4AC84EC606CEB689A4
:10B180003289AE84EF50906D2A849307200471D9E0
:10B19000C947E36899FC1547E37597FC0347050623
:10B1A000137737035DFF8347E505DDFB7C49918B12
:10B1B000C5FBEF20B07279479D47E374A7FA834738
:10B1C000340609476391E706835744081307D02ED6
:10B1D0006373F7021307C00293075004E37327F960
:10B1E000794793075004E37E27F7414793075004BC
:10B1F000636B2701BDB71307301FE363F7FE130727
:10B20000900FE364F7FE7C4883460406CA9493E7F4
:10B2100027008584B3E9D9007CC823139408230050
:10B22000340781473DBFE5F3035744089307D02E09
:10B23000E3FBE7FC19475DBF97C7FC1F9387072611
:10B24000FC4B011106CE22CC26CA4AC84EC652C4B7
:10B2500085C3FC4B13975700635C0700B144F24071
:10B26000624426854249D244B249224A056182801D
:10B27000368AB2892E89EF50705E2A8493042004A6
:10B2800079DD7C49898BB9CB8347350609476394BF
:10B29000E70C835745081307D02E6379F70203574D
:10B2A00065089307C00293045004E3FAE7FA0357D2
:10B2B0006408F94793045004E3F3E7FA035764087A
:10B2C000C1479304500463EBE70051BF1307301FDD
:10B2D000E36FF7FC1307900FE362F7FE9377D90F44
:10B2E00005476396E70A0325040A19C59770FC1FF2
:10B2F000E780A0312320040A23120408638809068A
:10B300007C48918BADEF8D47E31AF9F4930550100B
:10B310004E859770FC1FE78020222320A40A1DDDA4
:10B320004E86D2859760FC1FE78060C07C48231260
:10B330003409814493F707409DD39305800C05455C
:10B34000EF60DECF8357A40812058507BD8BC98F38
:10B350002315F40829B7D9F3035745089307D02ECE
:10B36000E3FEE7F6035765089947A1BF8D47C94437
:10B37000E317F9EE7C488144F99B7CC8CDB593076F
:10B38000D9FF93F7F70F0547E37FF7F6C1BDE399C0
:10B3900009F69147C944E305F9F6D1B597C7FC1FF3
:10B3A0009387C70FF84B411126C24AC006C622C474
:10B3B000AA843E8909CF7C4B139757006359070035
:10B3C0003145B240224492440249410182802E8597
:10B3D000EF50D0482A841305200465D413F71400D5
:10B3E0007C485DCB13F7170061FF03470406137712
:10B3F000370379F78988C1C00327C90C454593E70E
:10B400000740418B5DDFC1657CC8FD150145EF60DC
:10B410003EC52314A408EFB0DFF2B70500012326D0
:10B42000A408FD150145EF60FEC593048409154687
:10B430002328A40897C5FC1F9385A515268597602A
:10B44000FC1FE780C0AEA685130500FB9770FC1FAC
:10B45000E78060AE2685EF606FA77C480347C40095
:10B46000A300A408DD9B93E747007CC885476307DA
:10B47000F7000145B9B793F7F7BF71B79305800C93
:10B480000545EF60BEBB8357A40612058507BD8B3B
:10B49000C98F2315F406F1BF0345D407CD9B7CC8A3
:10B4A0009307F00FE307F5FCEF604EECD9B717C731
:10B4B000FC1F1307A7FE3C5F411106C622C426C22B
:10B4C0004AC099C703A8C70113141801634F0406A3
:10B4D000785F25CF3684B2842E8909ED81EB49450A
:10B4E000B24022449244024941018280EFA08F83FE
:10B4F0000145FDB78546E314D5FEB9E30297AA8757
:10B5000031C91147A3060504231BE500231CE500F0
:10B5100083C6B7000547E384E6FC95C8239C9702E1
:10B52000239D870201C41E04E3DB84FA23892701DB
:10B530002244B2409244024903A387064101028398
:10B54000D84F93161701E3D506FC314551BF23AC04
:10B550000702E9BF0D4569B7011106CE2EC632C4F8
:10B5600036C23AC0EF50902F3DCD83284505AA87BB
:10B57000314513F8082063150806B24517C8FC1FAB
:10B58000034858F64545636DB80403C8470A224688
:10B590003358C840137818006304080417C5FC1F0B
:10B5A0001305C5EF0328850C45451317C8006359DB
:10B5B0000702024717C8FC1F0348C8F26362E8028B
:10B5C00092462383C70AA382B70AA383D70A11E24C
:10B5D000014793E808102384E70A23AA17050145C9
:10B5E000F2400561828013052004DDBF011106CE03
:10B5F0002EC6EF50B0261307200401CD7C493147F9
:10B6000093F6270099C6B24589C993E707207CC9FC
:10B610000147F2403A850561828093F7F7DFC5BFA5
:10B62000011126CA4AC84EC606CE22CC2E89B2893E
:10B63000B684EF50BFB959C5639D09008547A38FF4
:10B64000F1EA0145F2406244D2444249B2490561FF
:10B65000828003C7F1EB85472A846315F700A38F27
:10B6600001EA09494165130545F5EF501FB80DCDB5
:10B670008347A5002315F5008327841195E3232C28
:10B68000A410232EA410930710F8F914232005000A
:10B6900023163501A304F5002304250144C155B741
:10B6A0008327C41188C3F1BF97C7FC1F938787B650
:10B6B0009C5B1D45C1DB9565054593855555829776
:10B6C0001D4549B70945BDBF6F30CFC66F300FCBA1
:10B6D0006F30CFCF6F302FD56F300FDB6F30CFE7AC
:10B6E0006F300FDF6F30AFE282806F302FEB03439C
:10B6F00001001AC06F209FDA6F20FFE66F20BFECB9
:10B700006F20DFF26F20DFF86F209FFE6F306F82B7
:10B7100003530100035E4100834E81001AC072C2D0
:10B7200076C46F300F876F304F996F308F9E6F30B8
:10B730000FA86F30CFAB6F302FAF6F306FB46F305B
:10B74000EFBA8280828013078501835705001105B7
:10B7500093C7F7FF231EF5FE8347E5FF93C7F7FF67
:10B76000230FF5FEE313E5FE828099473305F502CA
:10B7700001110A86C14506CE130505021375E50FB2
:10B78000EF603EBC11E50345C100F24005618280D7
:10B790000145E5BF411122C426C24AC006C6814404
:10B7A0000144138941EC83C791EC6369F400B24012
:10B7B0002244268502499244410182808327090060
:10B7C0001315440019469305F00F3E959760FC1F32
:10B7D000E780808301E5850493F4F40F0504137476
:10B7E000F40FD1B7938741EE884305C1411106C6D6
:10B7F000EF503EAF23A201EE938791EC83C7070081
:10B80000B2402381F1EC41018280938791EC83C7A0
:10B8100007002381F1EC82801D71A6CA86CEA2CCDE
:10B82000CAC883C721ECAA84639EA700854503C5C7
:10B83000A1ECEF501EFE894503C5A1ECEF507EFD43
:10B84000EFF05FFA1949338924037000C145137979
:10B85000F90F130409021374F40F2285EF607EAE12
:10B8600009C901442285F6406644D644464925610B
:10B87000828019469305F00F68009750FC1FE780FF
:10B88000A07865F1680041469305F00F9750FC1FC2
:10B89000E780606D481871469305F00F9750FC1FC4
:10B8A000E780606C680861469305F00F9750FC1FB5
:10B8B000E780606B7000C1452285EF605ED72A8407
:10B8C000130519025018F1451375F50FEF603ED6B8
:10B8D000498C130529025018F1451375E50FEF60E7
:10B8E0001ED51374F40F498C130539025018C14545
:10B8F0001375F50FEF60BED31374F40F498C130565
:10B9000049025018C1451375E50FEF605ED21374FC
:10B91000F40F498C13055902501891451375F50F12
:10B92000EF60FED01374F40F498C13850407700880
:10B93000E1451375F50FEF609ECF1374F40F498C3A
:10B9400003C5C18E1374F40FEF60DEC821BF41112F
:10B9500022C406C60145014483C791EC6373F40019
:10B9600009C5B24022444101828022850504EFF0DE
:10B97000BFEA1374F40FCDB7411122C426C206C624
:10B980004AC00144EF302FE5938441EC83C791EC2A
:10B990006368F400B240224492440249410182802B
:10B9A00088401319440019469305F00F4A959750A3
:10B9B000FC1FE780606509E58C40CA95EF30EFE138
:10B9C00005041374F40FD9B7397122DC4AD852D464
:10B9D00006DE26DA4ED60144EF302FE3138941EC20
:10B9E000194A83C791EC636AF400F2506254D2544E
:10B9F0004259B259225A21618280032509009319C4
:10BA0000440019469305F00F4E959750FC1FE780B0
:10BA1000A05F39E133054403832709000A86C14545
:10BA2000CE9783C4570093F4040C938404F8130551
:10BA300035021375F50FEF60DE901008C14509451A
:10BA4000EF603E9083250900B334900014080A8605
:10BA5000CE952685EF302FDB05041374F40F51B714
:10BA6000011106CEEFF01FD30547A9476373A70066
:10BA700089471306F10085451545A307F100EFA09E
:10BA8000DEC1F24005618280011122CC26CA4EC679
:10BA900006CE4AC80144938441EC994983C791EC8E
:10BAA0006366F404EFF01FCF97C7FC1F9387F799E5
:10BAB00003C791EC83C707006313A70893E7170038
:10BAC00017C7FC1FA303F79883C711EC99C3EFF0C6
:10BAD000BFEA83C701EC99C3EFF01FEF6244F24065
:10BAE000D2444249B24905616FF09FF733053403F0
:10BAF000904013194400C1454A9613050502137579
:10BB0000E50FEF601E8405C9884019469305F00FC4
:10BB10004A959750FC1FE7800045884019469305D9
:10BB2000F00F4A9519059750FC1FE780C0439C40D1
:10BB30003E992316090005041374F40F85B793F793
:10BB4000E70FBDBF0355250083C5A1EC6FB0CED470
:10BB5000397122DC19443384850226DA4AD806DE9C
:10BB6000A147AA8432891374F40F639AF60413046C
:10BB700024027146814548081374F40F3AC6975061
:10BB8000FC1FE780403E5008F1452285EF606EFBC8
:10BB90000DE18347E102A5463247E51793F7F70F1A
:10BBA00063E9F600BA865008937519002685EF7090
:10BBB0003EA5F2506254D25442592161828013044E
:10BBC000140245BF797122D426D24AD0AE842A8984
:10BBD00032848145130600020A8506D69750FC1F61
:10BBE000E78060389387118F83C7070023102101F6
:10BBF000230EF100835781015DC4138751ED034784
:10BC00000700F99B41462302E100138771ED0347CA
:10BC1000070097B5FC1F9385255713056100A30204
:10BC2000E10003C761ED93761700D58FF59B9376FE
:10BC30002700D58FED9B93764700D58F931647004D
:10BC400093F6061093F7F7EFD58F9316470093F608
:10BC5000062093F7F7DFD58F12071377074093F786
:10BC6000F7BFD98F231CF1009750FC1FE780202CD1
:10BC700083C741ED13F7170001CB99C40357810126
:10BC800013672700231CE10003476101A2850A8591
:10BC9000D98F230BF100EF70DE88B25022549254FA
:10BCA0000259456182801387D1EC03470700F99B55
:10BCB00041462302E1001387F1EC0347070097B5E3
:10BCC000FC1F9385654B13056100A302E10003C7C8
:10BCD000E1EC93761700D58FF59B93762700D58FEF
:10BCE000ED9B93764700D58F9316470093F6061089
:10BCF00093F7F7EFD58F9316470093F6062093F747
:10BD0000F7DFD58F12071377074093F7F7BFD98F67
:10BD1000231CF1009750FC1FE780602183C7C1EC12
:10BD200091BF411122C426C24AC006C6AA8401445A
:10BD3000138941EC83C791EC636AF4003E84228549
:10BD4000B240224492440249410182808327090083
:10BD5000131544001946A6853E959750FC1FE780B1
:10BD6000002671FD05041374F40FE9B7397122DC64
:10BD7000138441EE1C404AD84ED606DE26DA52D451
:10BD80002A89AE89A1EB19E10545C1A0F5DDEFF0E7
:10BD90005FF92381A1EC83C791EC636DF5028144C7
:10BDA000138A41EC0DA083270A001395440019461D
:10BDB0009305F00F3E959750FC1FE780E02409E9BA
:10BDC000850493F4F40F83C791ECE3EEF4FCBE8496
:10BDD000238191EC03C521EC83C791EC138A21ECFC
:10BDE000E374F5FA1C40B5EB99473305F5024A8632
:10BDF000C145130505021375E50FEF605E836146CB
:10BE00009305F00F28009750FC1FE780C0150345ED
:10BE10000A003000E145130505071375F50FEF60C3
:10BE20001E81138741EC084383C721EC92073E959E
:10BE30004146CA859750FC1FE780600F23A231EF6F
:10BE400003C5C18EEF600EF90145F2506254D25421
:10BE50004259B259225A21618280904719CE99479E
:10BE60003305F502F145130515021375F50FEF6063
:10BE70000EFC1C4023A40700E1B7904B19CE994754
:10BE80003305F502F145130525021375E50FEF6043
:10BE90000EFA1C4023A8070065B7D04B19CE99476E
:10BEA0003305F502C145130535021375F50FEF6033
:10BEB0000EF81C4023AA070061B7D0470DCE994465
:10BEC00033059502C145130545021375E50FEF6073
:10BED0000EF603450A001C40914533059502D047F4
:10BEE0004106130555021375F50FEF604EF41C4023
:10BEF00023A60700B1B783C711EC99C3EFF0DFA702
:10BF000083C701EC99C3EFF03FACEFF07FB5ADBD57
:10BF1000011122CC06CE26CA83C791EC094463786E
:10BF2000F50295C599473305F502AE840A86C145E9
:10BF3000130505021375E50FEF60AEC02A8401E911
:10BF400019468A8526859750FC1FE78040FE22858A
:10BF5000F2406244D24405618280011122CC06CEB7
:10BF60002A842EC632C4EFE0FEE005C90347C500AF
:10BF7000A1472246B245631FF700938781EE9C4399
:10BF800089CF03A34700630A030022856244F2407D
:10BF9000056102839387C1EEDDB7F240624405611B
:10BFA0008280011122CC19443304850226CA0A86F4
:10BFB000AE84C14506CE130404021374F40F228527
:10BFC000EF602EB801C98144F24062442685D24414
:10BFD0000561828019469305F00F0A859750FC1F72
:10BFE000E78080026DF10357C1009377D70F89C4B2
:10BFF0009377F70F93E72700C207C1838544E305D2
:10C00000F7FC0A86C14522852316F100EF602EE277
:10C0100003C5C18EEF600EDC45BF397122DC2A8476
:10C0200019453305A40226DA4AD8B2842E89300095
:10C03000C14506DE130505021375E50FEF606EB00E
:10C0400001C90145F2506254D254425921618280A3
:10C0500019469305F00F28009750FC1FE780C0FA9F
:10C060006DF1130404071374F40F3008E1452285C1
:10C07000EF602EAD19C10545F1B72808EFF0AFEC20
:10C08000631109046146814528089750FC1FE78029
:10C09000A0F775F16146814528089750FC1FE7809D
:10C0A00080EC85472808238EF1ECEFF0CFE93008CB
:10C0B000E1452285EF60AED703C5C18EEF608ED11A
:10C0C0005DBF3C081018BE8683D5060036876381A5
:10C0D00025039106E39AC6FE0145ADD483D6070039
:10C0E0003E8789C69107E31BF6FEA1BF2390270177
:10C0F00083472700E38197F823019700DDF02310A1
:10C10000070045B717B5FC1F0345A5110111FD57E1
:10C110009305200412052385F1EC06CE22CC26CA15
:10C120004AC84EC6A38401EC23A201EC9760FC1F11
:10C13000E780804023A2A1EC05C997B9FC1F938931
:10C14000690D83C7E9000144938441ECA384F1ECB9
:10C1500083C791EC6363F40C83A78900638E070E99
:10C1600097B7FC1FA383072E938791EC83C7070023
:10C1700005444146814517B5FC1F1305E5002381A1
:10C18000F1EC2389818E23A201EEA38A01ECA38B1B
:10C1900001EC9750FC1FE78000DD930470074146D7
:10C1A000814517B5FC1F130525FD238B91ECA38753
:10C1B000818E238A01EC23AC01EC238601ECA3865B
:10C1C00001ECA38701EC9750FC1FE780C0D92387BF
:10C1D00091EC23A801ECA38501EC9547A386F18E91
:10C1E000C147A388F18E238E01EC89472387F18E06
:10C1F000F2402386818EA389818E2388818E6244BA
:10C2000023A601EE23A401EEA38001EC238401EC1C
:10C21000D2444249B24905618280884013194400E2
:10C2200019469305F00F4A959750FC1FE780A0D35D
:10C23000884019469305F00F4A9519059750FC1F41
:10C24000E78060D29C4005041374F40FCA972396CC
:10C25000070023870700EDBD930700F817B7FC1F01
:10C26000A305F71E11B7411122C426C206C64AC053
:10C270000144938441EC83C791EC6360F402EF6066
:10C280002E81938791EC83C70700B240224423811B
:10C29000F1EC924402494101828088401319440024
:10C2A00019469305F00F4A959750FC1FE780A0CBE5
:10C2B000884019469305F00F4A9519059750FC1FC1
:10C2C000E78060CA9C4005041374F40FCA97239654
:10C2D00007002387070045B7930705C04111C20730
:10C2E00022C406C6C183130720022E846361F70EA1
:10C2F00017B70000130747068A07BA979C43BA97F7
:10C3000082879387218F83C707002300F4002DA025
:10C3100083C741ED89870DA8938751EDEDB79387CA
:10C3200071EDD5B7414697B5FC1F9385E5E52285AC
:10C330009750FC1FE780A0BF8147B24022443E8552
:10C340004101828083C741ED858BC1B7938761ED41
:10C350005DBF938781ED9C431CC0F9BF9387F18E2D
:10C360005DB783C7C1EC7DB79387D1EC69BF938775
:10C37000F1EC51BF414697B5FC1F9385E5DF45BF02
:10C3800083C7C1ECD1B79387E1ECB5BF938701EDCB
:10C39000D9B79387B1EC85BF9387D18EADB793871B
:10C3A000118F95B7938711ECB9BF938701ECA1BFAB
:10C3B000EFF04FBE2300A40041B783C7018FB1B790
:10C3C00083C741ED8D8749B783C7C1ECE5BF13072C
:10C3D000F0038947E363A7F6EF702EAD2310A400A6
:10C3E000A1BF011106CE22CC26CA4AC84EC6EF70A4
:10C3F0006EF735ED03C781EC85472A84630CF7029D
:10C40000938441EC854983C791EC6371F4049840AF
:10C41000131944004A978347E7006399370122853F
:10C42000EFF08FBF9C40CA97238707000504137461
:10C43000F40FD1BFEFF0AFD1238401EC938741EC2F
:10C440009C4303C791ECB907631CE400EF600ECB7B
:10C450006244F240D2444249B24905616FF0CFE2F2
:10C460000504238007001374F40FC107F1BFF240E5
:10C470006244D2444249B24905618280797126D230
:10C480004AD006D622D44ECE89472E89B28463087C
:10C49000F506636FF5008D476301F50C03C491EC5D
:10C4A0002285B250225492540259F2494561828049
:10C4B0002E85EFF01F8783C791EC2A84E372F5FE87
:10C4C000E5D01946CA8526859750FC1FE78020A62F
:10C4D000C1BF83A709001315440019463E95CA85BC
:10C4E00019059750FC1FE78080AD31ED05041374EA
:10C4F000F40F83C791ECE36EF4FC3E8455B701441E
:10C50000938941ECFDB705041374F40F83C791ECD4
:10C51000E375F4FE330534030A86C145130535027D
:10C520001375F50FEF50FEE179FD41469305F00FCD
:10C530000A859750FC1FE78020AD71F5CA850A85F2
:10C54000EF708E9E69F183C791ECE37BF4F4A9D878
:10C55000A6852285EFF0DF9BA1B7014499497DB7FD
:10C56000797126D206D622D4AA8402CC231E0100D9
:10C57000EFE05E8005CD03C7F18E89476308F702BF
:10C58000930565002A84034555003008EFF01FEF3E
:10C5900083C791EC6371F5022AC6EFF00F9DB24597
:10C5A0002A860547A1462685EFF08FDAB25022543D
:10C5B00092544561828083C7F18E91E79545268527
:10C5C000EF70AED7E5B70547E392E7FE8345540029
:10C5D00001462685EFF00FDFD1BF4111C1674AC088
:10C5E00006C622C426C2FD172E896309F506EFE0B0
:10C5F0006EF82A84D14421CD93056500034555008A
:10C600000146D544EFF09FE783C791EC6376F500D0
:10C61000CA85EFF01F998144630B09022285EFF070
:10C620006FD235A0CA852285EFF0BF9711C1814432
:10C6300005041374F40F83C791ECE365F4FE6308FB
:10C64000090017F5FFFF13052550EFE09E9BB24050
:10C650002244268502499244410182800144D54406
:10C66000D9BF0111C1674AC84EC606CE22CC26CA20
:10C67000FD172E89B289630EF504EFE0AEEFD144C9
:10C6800029C193056500034555000146D544EFF0E7
:10C69000FFDE83C791EC6376F5024E86CA85EFF024
:10C6A000DF97814439A84E86CA852285EFF0FF9630
:10C6B00011C1814405041374F40F83C791ECE36442
:10C6C000F4FEF240624426854249D244B2490561F3
:10C6D00082800144D544D5B7411122C41384A1EC12
:10C6E0008345040023A6A1EE614506C6EF70AED0D7
:10C6F000034504002244B24041016FC04ED34111B2
:10C7000006C622C426C29DE5AA85AA8437450F0025
:10C71000130505243375A602EF603EFB2A8409C584
:10C7200085452685EF706EC12285B2402244924431
:10C7300041018280EF706EC00144FDB71387218FE5
:10C740008347070083C541ED93E707F82300F7000F
:10C750006F706EB31D71A6CAB2847000A2CCD2C431
:10C7600086CECAC8CEC62A84368A02C623180100DD
:10C77000EFF0DFD083C791EC6376F50E2A89EFE006
:10C78000DFFE9147AA896318FA0C03C7218F791736
:10C790001337170091461944330489024E86CA851F
:10C7A0002685EFF0EFBA5146814548089740FC1FB7
:10C7B000E780607B50081374F40F13054402C145F1
:10C7C0001375E50FEF50FEB705E941469305F00FED
:10C7D00048089750FC1FE780208319ED1305540289
:10C7E000501091451375F50FEF50BEB5500893F5F5
:10C7F00019002685EF70CEAD130509073010E1450D
:10C800001375F50FEF50FEB315E12810EFE0BFF3FD
:10C810002010130901048355040091C50346240028
:10C820002685EFA09EF71104E31789FE93F92900EE
:10C830006387090083C5A1EC2685EFA0FE8591479B
:10C840006314FA0403C7218F8947631FF702268503
:10C85000EFF0DFEE15A803C7F18E79171337170035
:10C86000D28615BFA147E31CFAFC03C7F18E8947A6
:10C87000631CF7000146A2852685EFF0AFB40146A0
:10C8800081452685EFF06FEDF6406644D644464973
:10C89000B649264A014525618280011106CE2AC685
:10C8A000EFF05F863245F2402385A1EC05616FF021
:10C8B000AF9D1D7186CEA2CCA6CACAC8CEC6D2C4B0
:10C8C000D6C2EF208FF483C7318F89CB014493897F
:10C8D00041EC994A83C791EC636BF400F6406644DF
:10C8E000D6444649B649264A964A2561828003A520
:10C8F0000900131A440019469305F00F529597400A
:10C90000FC1FE780607025E5330954035010F145A2
:10C910001379F90F130519021375F50FEF507EA265
:10C9200039E50347F1039307F00F6312F70483A778
:10C930000900130539025000D297C1451375F50F50
:10C9400083C45700EF50FE9F5008C1450945EF5082
:10C950005E9F93F4040C83A50900938404F8B33418
:10C96000900054085000D2952685EF20CFE90504A9
:10C970001374F40F85B7930705C05D71C207A6C293
:10C98000CAC086C6A2C44EDE52DCC1831307200291
:10C990002A89B284636EF75017B70000130787A483
:10C9A0008A07BA979C43BA97828785476384F500C4
:10C9B000614409A8834706000947E36BF7FE238912
:10C9C000F18E01442285B640264496440649F25928
:10C9D000625A616182808547E39CF5FC034706004B
:10C9E000E3E8E5FC83C741ED11C793E74700238ADD
:10C9F000F1ECC1BFED9BE5BF8547E39BF5FA8347AB
:10CA000006001147E366F7FAA38AF1EC5DBF85479C
:10CA1000E390F5FA83470600E3ECF5F8A38BF1EC1D
:10CA20004DB7C147E396F5F84146A68517A5FC1F0B
:10CA3000130585759740FC1FE780604F59B7854700
:10CA4000E398F5F603470600E3E4E5F683C741ED16
:10CA500001C793E7170061BFF99B51BF8547E39971
:10CA6000F5F483470600238BF1ECA1BF9147E391D6
:10CA7000F5F41842B7470F009387F723E3EAE7F28C
:10CA800023ACE1EC3DBF8547E394F5F28347060014
:10CA90000947E36FF7F0A387F18E25B78547E39940
:10CAA000F5F003470600E3E5E5F083C7C1EC11C7E5
:10CAB00093E747002386F1EC29B7ED9BE5BF854757
:10CAC000E398F5EE834706001147E363F7EEA3868C
:10CAD000F1ECC5BD8547E39DF5EC83470600E3E92E
:10CAE000F5ECA387F1ECF1BDC147E393F5EC4146CA
:10CAF000A68517A5FC1F130525682DBF8547E3995B
:10CB0000F5EA03470600E3E5E5EA83C7C1EC01C7A0
:10CB100093E7170045B7F99B71BF8547E39AF5E89E
:10CB2000834706002387F1EC69BD9147E392F5E85E
:10CB30001842B7470F009387F723E3EBE7E623A8F4
:10CB4000E1EC41B5E39605E6EF70CE8101E9EFE057
:10CB50001FE0EF50BEDAEFE03FF3A5B58547238431
:10CB6000F1EC85B59D47E395F5E4938514001946EE
:10CB700068009740FC1FE780803B03C50400500815
:10CB80006C00EFF0BF8F83C791ECAA840944E37B6C
:10CB9000F5E24808EFE00EA709E52685EFE0DFC7DC
:10CBA0004DBF938741EC9C4392045944BE94854702
:10CBB0002387F40001BD9D47639BF50A19469385C1
:10CBC000140068009740FC1FE780603603C504002E
:10CBD00001466C00EFF09F8A83C791EC6377F50400
:10CBE0009944B30495025008F1459384140293F4D8
:10CBF000F40F2685EF50EEF42A8415E51307A041C3
:10CC000085476304E9009307F00F5008F145268536
:10CC1000A307F102EF50BEA103C5C18EEF509E9B4A
:10CC2000EFF03FC945B30944E5BF97B7FC1F83C781
:10CC3000D7810944E38807D81307A04197B7FC1FA1
:10CC400083C7C780631FE90093E7170017A7FC1F7E
:10CC5000230EF77E1D46A68517A5FC1F1305857EAE
:10CC6000D1BBF99B17A7FC1F2302F77E99BB854711
:10CC7000E390F5D41307A04197A7FC1F83C7077D56
:10CC80006315E50093E72700F1BFF59BE1BFA3899A
:10CC9000018EEFF01FC235B38547A389F18E0144A1
:10CCA00019499309F00F7D5A83C791ECE373F4FEA1
:10CCB000B30424035008F1459384140293F4F40F51
:10CCC0002685EF500EE805E18347F102638D3701B9
:10CCD0005008F1452685A3074103EF505E9503C533
:10CCE000C18EEF503E8F05041374F40F75BF854756
:10CCF000E390F5CC83470600E3ECF5CAA385F1EC9D
:10CD0000C9B18547E396F5CA834706002547E36125
:10CD1000F7CAA386F18E75B18547E39BF5C8034733
:10CD20000600A546930797FF93F7F70FE3E2F6C8CF
:10CD3000A388E18E79B18547E39CF5C68347060059
:10CD400003C711EC0144A380F1ECE31D07C6E39B8C
:10CD5000B7C6EFE07FD3BDB18547E39BF5C48347FA
:10CD6000060003C701EC2380F1EC09E76394B700E8
:10CD7000EFE09FD103C501ECEF206FA999B1854782
:10CD8000E398F5C2834706000D47E363F7C22387A4
:10CD9000F18E05B98547E39DF5C0834706002386DC
:10CDA000F18E05B10545EF50FE8221B98547E3912B
:10CDB000F5C0834706002388F18E21B19307400216
:10CDC000E398F5BE03C51400014693852400EFF0F7
:10CDD000EFEA83C791ECE37DF5BC19443304850287
:10CDE00003C70400A1471374F40F631FF702130471
:10CDF00024021374F40F5008F1452285EF506ED4CD
:10CE0000E31805BA9385840048086D469740FC1FD7
:10CE1000E780E0115008F1452285EF505E8103C59F
:10CE2000C18EEF502EFB69B613041402D9B717A7B1
:10CE3000FC1F0357273F930740046D44E3F4E7B812
:10CE40008547E397F5B683470600E3E3F5B691CF50
:10CE500097A7FC1F9387C75E9C435544E38407B69E
:10CE600083C741ED93E7870059B683C741ED93F738
:10CE7000770FB5BE17A7FC1F0357C73A93074004A7
:10CE80006D44E3F1E7B48547E394F5B283470600C8
:10CE9000E3E0F5B2F9DB97A7FC1F9387675A9C4341
:10CEA0005544E38107B283C7C1EC93E7870019B10A
:10CEB0009307F0030944E3E727B1E39585B083D5F1
:10CEC00004004A85EF603ED32A84EDBC797106D612
:10CED00022D426D24AD0834725005147E91793F739
:10CEE000F70F636BF70217A70000130767588A074D
:10CEF000BA979C432A84BA9782878354A500034635
:10CF0000C5008346D500268532C636C4EFD09EE6DE
:10CF1000AA87A246324619E1854435AA03C7C7004D
:10CF2000A147130534006316F702938781EE9C43F3
:10CF3000A68589C79C4399C38297F9BF938701ED62
:10CF40008843EF608EF869D985452685EF60FEBE7F
:10CF5000E1B79387C1EE9C43A68599C39C43E9FF43
:10CF6000938781EDF1BF8355A5002E852EC4EFD0A8
:10CF70007EE0AA8755D103C7C700A1471305340037
:10CF80001306C4009306C401A245631BF7009387F0
:10CF900081EE9C43D1D3D84341D39C478297ADBF08
:10CFA0009387C1EEFDB783471500639A070C83474B
:10CFB0006500858BE9C7938741EE9C430149E9E30E
:10CFC0008145414608089740FC1FE780C0F94C485E
:10CFD000D1C91946C10508089740FC1FE78020F514
:10CFE000834764000357C1018987858BD98F231E2E
:10CFF000F100EFE02FFA83C791EC6390A70283C79B
:10D00000018F99C3EFF02FA697A7FC1F9387872066
:10D010009C5B81C7854521458297EFE0AFF797A7D5
:10D02000FC1F9387974203C791EC83C707006315E2
:10D03000A70493E71700A285080817A7FC1FA306FB
:10D04000F740EFE0BFD2AA8455491DE9894503C5E1
:10D05000A1ECEF402EF9B250225426850259925489
:10D0600045618280035544008544EFD0BED065D52C
:10D0700019469305650085B793F7E70F6DBF014922
:10D0800003461400035544008545EFE01FEDE3051A
:10D0900009E84A868D4503554400EFE01FECADBD1D
:10D0A000034715009947631AF70203554500EFD06F
:10D0B0007ECCAA841DC183C7E18E09476389E7023C
:10D0C0000D476380E70205476399E70083455500F4
:10D0D000035544000146EFE0FFAE034614008945C6
:10D0E0005DBF0146814513050041EFF0DF888355A0
:10D0F000440003C504001546EF601EA7F9BF930561
:10D100004500034535000146EFF04FB783C791EC6A
:10D11000E374F5E099473305F5021306C400914521
:10D12000130555021375F50FEF506ED003C5C18E70
:10D13000EF504ECAD5B383C7B1EC0355450081C744
:10D1400083C5D18E21B583C7218F99E39545FDBB5A
:10D15000EFD05EC2AA84E30105DC8347A400858B7F
:10D1600085CB03455500854763F4A7028357C40068
:10D1700093F7072091EF100893856400EFF00FB04C
:10D1800083C791EC6396A7008D45035544007DBB92
:10D1900083C554000355440013068400EFE09FA2AA
:10D1A00001468145CDBD03554500EFF06FBBADB3E2
:10D1B00003554500EFF0EFA283C7218F93F7F707E0
:10D1C0002389F18E91BB79719397050122D406D6FC
:10D1D00026D24AD04ECEC1872E8463DE070803C50F
:10D1E000A1ECEF402E97AA8431C5834705001307B1
:10D1F000100B638BE7041307000D6387E702130727
:10D20000000B6396E70203474500F9476317F700F1
:10D21000035525008145EFF04FBC83C544001385BD
:10D220008400EF903EA521A0EFF05FCA01C52685DE
:10D23000EF402E8BA164A18CB25022542685025956
:10D240009254F2494561828083474500EDF30356CD
:10D2500085008355650003552500238E01ECEFF012
:10D260004FC083C7C1EDE1D703C5C18E238E01EC4A
:10D27000EF504EB66DBF93F7250085C3814501453C
:10D28000EFE0DFAE9344240083C7A1EC854511E1B4
:10D2900089453E85EF400ED545B793F71500638469
:10D2A000070C138941EE83270900938401EE83D98B
:10D2B00047009C4099EFC165138701EF894617A687
:10D2C000000013066659FD150545EFA00EF523A0D5
:10D2D000A1EE8C40134414009DE983270900014608
:10D2E000854503D5470093140401C180EFE0FFC6D4
:10D2F0008327090001468D4503D54700EFE0FFC5B0
:10D3000003C5C18EEF500EADEFE0CFCD35B793081A
:10D31000F00F094881471307E100740003D601EFBD
:10D320004E85EFA0DEC511ED0346D1008347C10055
:10D3300022065D8E19C69C404E8583D5A700EFF06E
:10D340004FB28840C165814603D601EFFD15EFA0BD
:10D35000FEB69314040123A0A1EEC1803DDD8545F6
:10D3600003C5A1EC05BF93F745008144E38607ECB4
:10D3700093C44500D1B503472500F14763E6E73084
:10D3800017A600001306061493162700B2969C42B7
:10D39000411122C406C626C2B2972A8482878347D7
:10D3A0001500D5EB414697A5FC1F9385E5DE17A533
:10D3B000FC1F1305250B9740FC1FE78040C02DED97
:10D3C00017A6FC1F1306060AC1450945EF502EA6F5
:10D3D00017A6FC1F1306060AC1450D45EF502EA5E2
:10D3E00003C5C18EEF500E9F9305340017A5FC1F97
:10D3F0001305850919469740FC1FE78040B3854710
:10D40000854503C5418F17A7FC1F2329F704EF406B
:10D410006EBD97A7FC1F938767048843938741EFEE
:10D420009C43BDCB03A3070063080306A2852244E7
:10D43000B240924441010283414697A5FC1F938567
:10D44000A5D617A5FC1F1305E5029740FC1FE78032
:10D4500000B73DD551BF994717A7FC1F2320F70000
:10D460004DBF034715008347350039E70947639AE5
:10D47000E70297A7FC1F938767FE9C438145014500
:10D4800093F7F7F093E7070217A7FC1F2328F7FC91
:10D49000EF802EEEA300A400B2402244924441014A
:10D4A00082800547814501456395E700EF804EDCAA
:10D4B000D5B7EF80CECBF9BF0947E38FE7FC97A73D
:10D4C000FC1F9387A7F9884341991365650097A7C7
:10D4D000FC1F23A5A7F899B78347150097A4FC1F45
:10D4E0009384C4F7BDEB8D47631BF70497A7FC1F1C
:10D4F00083C747F6139787016187635D070093F73A
:10D50000F707894503C5418F17A7FC1F2304F7F4CC
:10D51000EF404EAD9C40914613F7F700631AD700D9
:10D52000C19B93E7570017A7FC1F2329F7F285A893
:10D530008946E303D7F6C19B93E72700EDB79840F0
:10D5400097A7FC1F238607F09546937707FF3D8B2F
:10D550006311D70693E74700F9B79C40C19B93E757
:10D560006700D1B717A7FC1F130747EF1C4383467B
:10D570001500BA84C19B95E693E7470017A7FC1FE7
:10D58000232EF7EC0356A50093054500034535000F
:10D590009146EFF02F9C97A7FC1F238B07EA88404A
:10D5A000B5BD13071003E39CE6FA17A7FC1F230180
:10D5B00007EA93E7370085BFEFF05F9197A7FC1F5D
:10D5C0009387C7E99C43154793F6F700C19B13E582
:10D5D0003700E39EE6EE13E52700D5BD97A6FC1FB6
:10D5E0009386C6E79C4203461500B68493F7F7F08E
:10D5F00031EACD466311D70493E7070117A7FC1F53
:10D60000232EF7E497A7FC1F83C777E813978701BA
:10D610006187635D070093F7F707914503C5418F65
:10D6200017A7FC1FA305F7E6EF40CE9B9C403705EC
:10D6300000015D8DE5B393E7070217A7FC1F232FB9
:10D64000F7E0EDB793E70703CDBF97A6FC1F9386DE
:10D65000E6E09C427D761306F60FF18F0346150037
:10D660000DE26D46631CC70093E7071017A7FC1F68
:10D670002326F7DE9C423705000265BF93E70720AB
:10D68000F5B793E70730DDB78280034705009306BF
:10D6900010096307D7009307000D6305F704828024
:10D6A0008346150039476391E604835645000567B4
:10D6B00013075740639AE60218459307F00783055E
:10D6C00037006383F502938741EF9C4391CF03A317
:10D6D0004700630B03008347270003451700A20799
:10D6E0005D8D02836FF03FC9828001119397050120
:10D6F00026CA06CE22CCC187AE8463D8070C03C5E8
:10D70000418FEF303EC52A8419C997A7FC1F83C7F4
:10D7100057D489EFEFF07FF72285EF309EBC21656B
:10D72000258DF2406244D244056182808347050022
:10D730001307000D639FE7048347250081E7EFF09F
:10D74000DFF415A81547639EE7000355A500EFD049
:10D750006EE279D10347C500A1472285E31CF7FAA1
:10D7600019A82147E38DE7FC9946639ED7008347BC
:10D770007500E391E7FAA28517A5FC1F034525D1A3
:10D78000EF307EC469BF1D47E396E7F803554500B7
:10D790007DBF1307200AE38FE7F613071009E39014
:10D7A000E7FA03471500B947E31BF7F803574500AD
:10D7B000856793875740E314F7F818458347270098
:10D7C00003451700A2075D8D59B79397150163DED6
:10D7D0000700138641F091451145EF405EE503C512
:10D7E000C18EEF403EDF116525BF93F71500CDCB0D
:10D7F00097A7FC1F83C7C7C5BDC7EFD03E8697A7B5
:10D80000FC1F83C797A28D8B6362F5068D472302A9
:10D81000F10097A7FC1F9387B7C383C707004C008D
:10D8200003C5418F2306F10097A7FC1F938797C577
:10D8300083C70700A306F100EF70DEDE0DC597A7D2
:10D84000FC1F9387A7C1884341991365650097A77B
:10D85000FC1F23A5A7C0938741EF9C4389C79C4326
:10D8600099C38145829713C5140065BD97A7FC1F16
:10D87000938727BE83C7070019469385C1EF23020C
:10D88000F10097A7FC1F9387A7BD83C70700130567
:10D890006100A302F1009730FC1FE780406995BF4B
:10D8A00093F72500B1C397A7FC1F83C7A7BA858B41
:10D8B0008DCB03C5418FEF800E8605C597A7FC1F52
:10D8C0009387C7B988431375F5F097A7FC1F23A763
:10D8D000A7B8938741EF9C4389C79C4399C381456F
:10D8E000829713C5240035BD93F745000145E38AAF
:10D8F00007E297A7FC1F83C797B99DCB03C5418F4C
:10D90000EF808E8415C597A7FC1F938727B58843A2
:10D91000FD779387F70F7D8D97A7FC1F23A0A7B4F2
:10D92000938741EF9C4389C79C4399C38145829764
:10D9300013C54400FDB3797122D426D206D6AA8439
:10D940002EC6328436C43AC23EC0EFD0AEC239C50C
:10D950000358E500B24582471247A246636DB800FE
:10D96000636B0401035605016317D60003562501B6
:10D9700061456300E602231CB1003E862C08268523
:10D98000231D8100231ED100231FE100EFD0AEAD87
:10D990000145B25022549254456182805145D5BF11
:10D9A000011106CE97A7FC1FA380A7A091C52E85C5
:10D9B00032C6EFE07FD2324697A7FC1F938707AAB3
:10D9C0009C4395EB19C223AAC1EEF24003C681EF36
:10D9D00097A5FC1F83C505AB03C5418F938741F015
:10D9E00017A7FC1F130707A997A6FC1F938686A7F6
:10D9F00005616F807EDBF24045450561828097A717
:10DA0000FC1F83C797828D8B81EB614582806145C6
:10DA1000B240224441018280411122C406C603C49F
:10DA2000418F9307F00FE314F4FE17050000130570
:10DA300005CCEF404EB6238AA18EE30A85FC23AACB
:10DA400001EE97A7FC1F23AB07A0914717A7FC1F68
:10DA5000230AF7A2EF50BECC4146814517A5FC1F13
:10DA6000130545A09730FC1FE780E04F41468145F4
:10DA700017A5FC1F130505A09730FC1FE780A04EDB
:10DA800023A201F097A7FC1F2385079C97A7FC1FE3
:10DA90002388079C9D4717A6FC1F1306A69CC1451B
:10DAA000094517A7FC1FA305F79A97A7FC1FA38B8F
:10DAB000079CEF401E8917A6FC1F1306A69BC145B5
:10DAC0000D45EF401E88414697A5FC1F938585991B
:10DAD0001795FC1F1305456C9730FC1FE780204508
:10DAE000414697A5FC1F9385E5981795FC1F1305E4
:10DAF000A56B9730FC1FE7808043138641F091456A
:10DB00001145EF401E84014521B7FD57238AF18E50
:10DB100017A7FC1F13070789A302F7002303F700C9
:10DB200017A7FC1F23000796054797A6FC1F238114
:10DB3000E69223A201F0194797A6FC1F239EE690C8
:10DB40000567130707C897A6FC1F239CE69017A735
:10DB5000FC1F230EF7929D47238C01EE17A7FC1F95
:10DB6000A309078E17A7FC1FA306F78E17A7FC1F94
:10DB70002303F78E194681451385C1EF1733FC1F28
:10DB80006700633E930705D04111C20722C406C651
:10DB9000C1835D472E846367F71017A70000130742
:10DBA000A7998A07BA979C43BA97828797A7FC1FC1
:10DBB00083C7478D2300F40035A0414697A5FC1F7D
:10DBC0009385458A22859730FC1FE780403619A847
:10DBD000414697A5FC1F9385E589EDB7938741F0F2
:10DBE0009C439CC18147B24022443E8541018280D2
:10DBF000194697A5FC1F93852589E9B797A7FC1FB0
:10DC000083C7078545BF2E85EF800E83E1BF2E8534
:10DC1000EF80EE84C1BF97A7FC1F83C7878359BFDE
:10DC200097A7FC1F83C7C78371B719469385C1EFB8
:10DC300051BF97A7FC1F83C7B781ADBF97A7FC1F34
:10DC400083C7578485BF97A7FC1F938727819C4371
:10DC500095B783C781EFB9BF9797FC1F83D7C77F5D
:10DC60002310F40041B79797FC1F83D7877FCDBF60
:10DC70009797FC1F83C7177E35BF9797FC1F83C7F5
:10DC8000877D0DBF2E85EF80CE80A9BF9797FC1FA3
:10DC900083C7477C93F7F70731BF9797FC1F83C76C
:10DCA000177F09BF1307F0038947E36EA7F2EF5010
:10DCB000DE9F2310A4003DB79307F5CFC207AE86C1
:10DCC000C183D9452A8763E2F52E17A800001308FF
:10DCD000A88C8A07C2979C43411106C6C297B28599
:10DCE000368582874147E147639EE60241461795A4
:10DCF000FC1F130525779730FC1FE780402315A0F4
:10DD00004147E1476390E60241461795FC1F130522
:10DD10006576D5B71147E1476396E6001C4223A21A
:10DD2000F1F08147B2403E85410182800547E147DD
:10DD3000E39AE6FE034706009797FC1F83C74771E7
:10DD40009796FC1F2386E67085C7814761FF17976A
:10DD5000FC1F1307A770184389463D8B6305D70046
:10DD60009546E311D7FC03C5418FEF70FEA255BF66
:10DD700081474DDB1797FC1F1307476E1843630657
:10DD8000A7003D8B7517E36FE5F8854503C5418F07
:10DD9000EF305EA579B79307C01C63E4D720630218
:10DDA0000620B24041016F709EBC9307C01C63EA1D
:10DDB000D71E6308061EB24041016F707ECB054737
:10DDC000E147E391E6F603470600A946E3ECE6F4F3
:10DDD0009797FC1F238FE766A9B70547E147E393B1
:10DDE000E6F4034706008D46E3EEE6F29797FC1F44
:10DDF0002388E7663DB71947E147E395E6F2194600
:10DE00001385C1EFCDBD0547E147E39DE6F003472C
:10DE100006009D46E3E8E6F09797FC1FA38AE762B9
:10DE200009B70547E147E39FE6EE034706008D4645
:10DE3000E3EAE6EE9797FC1FA386E764DDB50547A6
:10DE4000E147E391E6EE83470600238CF1EED1BD76
:10DE50000947E147E398E6EC035606000567130718
:10DE6000A7C79306A6FFC206C182E36DD7EA9797BC
:10DE7000FC1F2393C75E75B50947E147E394E6EAC3
:10DE80000356060005671307A7C79306A6FFC20639
:10DE9000C182E369D7E89797FC1F2394C75C51B50B
:10DEA000834506001796FC1F0346E65A9797FC1F0A
:10DEB000A382B75A0145EF100F96A5B50346060099
:10DEC0009795FC1F83C515599797FC1F2385C75845
:10DED000D5B79307C01C63E6D70C61C6B2404101B9
:10DEE0006F703EC90547E147E39EE6E283470600BF
:10DEF0001797FC1F03470756058B9796FC1F238B2C
:10DF0000F65493F6170011C7E39D06E0EF701EA3C9
:10DF100009BDE38806E01797FC1F13072754184331
:10DF20008945398BE31407E693E707F81797FC1F39
:10DF30002302F752FDB30547E147E395E6DE834749
:10DF400006001797FC1F034797549796FC1FA38062
:10DF5000F65411C7E39707DCEF70BEA0D9B3E38294
:10DF600007DC1797FC1F1307674F18431377070F3A
:10DF700019C3914521BD93E707F81797FC1FA30824
:10DF8000F75045B39307F00363EFE70089458947EE
:10DF9000E39AB6D8B240835506003A8541016F50E6
:10DFA0009EC5E14741B38947B5BB9307F00363E9D9
:10DFB000A700894589476396B60083550600C5B713
:10DFC00089473E858280411106C6EF807F9417C540
:10DFD000FEFF1305A58AEF301EDCEFB06EF8176563
:10DFE000FEFF1305C5CCEF301EDBEF509EC7179523
:10DFF000FEFF1305C5CCEF301EDAEF807EC917E5B2
:10E00000FEFF1305651DEF301ED9EFE04EB117F589
:10E01000FFFF1305851BEF301ED8EFE01F8817B5F3
:10E02000FEFF130505DEEF301ED7EFA01EDAB2406B
:10E0300041016FF0DF9C9797FC1F9387E745179787
:10E04000FC1F1307E7449C43184301456313F70083
:10E05000828083D6670081E683D6470036959C434D
:10E06000F5B79797FC1F9387E71A8C431797FC1F08
:10E070000357871A4111138605229797FC1F23AD7A
:10E08000C740938785FFBA9705659796FC1F23A124
:10E09000F64006C61D05935637006374E5009306E7
:10E0A00000203307D6001795FC1F2325E53E23A04B
:10E0B000E522E1162312D600231306001CC3998F14
:10E0C000E1172312F70023130700EFF0DFF6B24049
:10E0D0009797FC1F2397A70E410182809797FC1FFB
:10E0E0009387873B1797FC1F1307873A9C4314437A
:10E0F00001456393F600828003D7670011E703D7D9
:10E1000047006373E5003A859C43E5B79797FC1F8A
:10E11000938787389796FC1F938686379C43904257
:10E120002A87B305B5406314F6003A8529A893867B
:10E1300087009C43E369D7FEE377F7FE2E85E3E48F
:10E14000D5FEE3F2F5FE828083C705002300F500CB
:10E1500083D72500A300F50083D72500A1832301E1
:10E16000F50083C74500A301F5001145828023A671
:10E1700001F023A401F0828029C1411126C206C604
:10E1800022C4AA8401458DC52E84228541469795D7
:10E190000000938525469730FC1FE78040D983C750
:10E1A000040005452306F40083C71400A306F40009
:10E1B000B240224492444101828001458280011193
:10E1C00022CC26CA06CE0947AA8432846383E5049A
:10E1D00041468147639BC500638FE6006397B600A5
:10E1E0001DA841478147638FE600F2406244D24454
:10E1F0003E85056182808A852285EFF0FFF74146E2
:10E200008A8521A88A85EFF03FF741468A852285D5
:10E2100031A0E398B6FC2E86A28526859730FC1F98
:10E22000E780E0D9AA87D1B723A6A1F082800111A7
:10E2300022CC0354650006CE26CA4AC84EC641C049
:10E2400083298500AE842A8803C9090081471317F2
:10E250008901618763550702B147054563FA870461
:10E260005114420403552800418033878900A28657
:10E270004E868545EFD01EE1B337A00085077D149B
:10E2800013556900420405891379F90341802380FD
:10E29000F400A380A4002381240123928400014779
:10E2A00019C01387190098C409476383E700014523
:10E2B000F2406244D2444249B24905618280054538
:10E2C000C5BFC167F917630AF502D94763F7B702FB
:10E2D000011122CC2EC606CE2A84EFB04EB5B2452F
:10E2E0006368B50022856244F24005616FC0FECECE
:10E2F000F240624405450561828005458280C16720
:10E30000F9176314F5006FB08EB2411106C6EFC065
:10E310009EBB11E15D45B2404101828039714ED60C
:10E3200056D25AD006DE22DC26DA4AD852D4AA8A3D
:10E330002E8BB28949EF36C6EFF07FFC9145EFB0E6
:10E340008EBFAA844D492DC9B246054A23803401A7
:10E350000544630A0B00B68513851400029B05056E
:10E36000131405014180E20993D9894163D309025D
:10E37000C1455685EFC07EC3654905E933868400F3
:10E38000A2852685EFD05EA12A8905E131044204E9
:10E39000418091472C085685231CF10026CE231D71
:10E3A0008100EFC08EC92A8901C963070A0026854A
:10E3B0009740FC1FE7806025F25062544A85D25492
:10E3C0004259B259225A925A025B21618280BA8420
:10E3D000014AADBF011122CC26CA4AC84EC606CE9C
:10E3E0002A893284B689EFF07FF3AA8405E1938706
:10E3F000C1F09C4381CF05476317E40003C40900C3
:10E4000005041374F40FA2854A858297F240624492
:10E4100026854249D244B24905618280AE860147D1
:10E42000054697050000938565D26FF0BFFA83D744
:10E4300005002300F50083D70500A183A300F500A4
:10E440000945828083C7250005472300F50003D5D1
:10E4500005006397E7000A050505420541818280B2
:10E46000C9473305F502CDBF03D505000A054205AE
:10E470004181828083D725002300F50003D5050064
:10E4800083D725003305F5020505420541818280C9
:10E4900003D50500828003D50500828003D50500E1
:10E4A000828083D725002300F50003D5050083D79C
:10E4B00025003305F502050542054181828083D799
:10E4C00005002300F50083D70500A183A300F50014
:10E4D00083D725002301F50083D72500A183A3015D
:10E4E000F50003D54500110542054181828083D79F
:10E4F00005002300F50083D70500A183A300F500E4
:10E5000003D52500090542054181828089471145CF
:10E51000639BF60083471600834606000145A20769
:10E52000D58F2310F700828003D70500D947AE8628
:10E5300063FAE70001470D4697050000938565EFF4
:10E540006FF05FE90945828011456393A602834716
:10E550001600834606000145A207D58F2310F70059
:10E560008347360083462600A207D58F2311F70084
:10E57000828083C725000547FD1793F7F70F636176
:10E58000F70483D705008DCF011122CC2A84C8411E
:10E5900006CE15C12EC68945EFF05FB72A872285C2
:10E5A0006244B246F2401546970500009385C5E9DE
:10E5B00005616FF03FE2F2406244094505618280E7
:10E5C000094582809547114563F9D706411122C458
:10E5D00026C24AC006C683471600BA84034706000F
:10E5E000A2073284D98F2390F40083473600034773
:10E5F000260093054400A207D98F2391F400894790
:10E600002382F40009461385540036899730FC1F95
:10E61000E780E0919307A9FF2394F4009947631BD7
:10E62000F90023A60400B240224492440249014565
:10E63000410182801904C0C4FDB7828083D70500E0
:10E640008DCF011122CC2A84C84106CE15C12EC619
:10E650008545EFF0BFAB2A8722856244B246F2407F
:10E660001D4697050000938565E005616FF09FD614
:10E67000F2406244094505618280094582809947DC
:10E680006395F6048947411106C62302F7008347C4
:10E69000160083460600B285A207D58F2310F70027
:10E6A000834736008346260003464700A207D58FDE
:10E6B000130557002311F70091059730FC1FE780E1
:10E6C0000087B240014541018280D14711456394E2
:10E6D000F600C1474DBF828083D705008DCF011161
:10E6E00022CC2A84C84106CE15C12EC68945EFF03A
:10E6F000FFA12A8722856244B246F240254697054B
:10E700000000938565D705616FF0DFCCF24062446D
:10E710000945056182800945828089471145639BCF
:10E72000F60083471600834606000145A207D58FF1
:10E730002310F7008280011122CC2A84C84106CE22
:10E74000AE86014719C52EC68545EFF03F9CB246FF
:10E750002A8722856244F2402D4697050000938562
:10E7600065D305616FF01FC711456393A602834708
:10E770001600834606000145A207D58F2310F70037
:10E780008347360083462600A207D58F2311F70062
:10E790008280011122CC2A84C84106CEAE8611C5E2
:10E7A0002EC68545EFF09F96B2462A8722856244A1
:10E7B000F240354697050000938525CE05616FF040
:10E7C0007FC193F71600114589EB89476387F600EF
:10E7D00085822312D70010C301458280011122CC0B
:10E7E0002A84C84106CE15C12EC68545EFF01F927A
:10E7F0002A8722856244B246F2403D4697050000D2
:10E80000938505CA05616FF0FFBCF240624409457B
:10E810000561828083D705008DCF011122CC2A8427
:10E82000C84106CE15C12EC68945EFF03F8E2A8716
:10E8300022856244B246F240454697050000938522
:10E8400085C605616FF01FB9F24062440945056154
:10E85000828009458280854763FCD7022304A70094
:10E86000A304B7008347160083450600A207CD8F97
:10E870002310F7009387E6FF2311F700894763868B
:10E88000F600090650C30145828023220700E5BF38
:10E8900011458280014781464D4681456FF09FB307
:10E8A0008D47114563FBD702834716008345060059
:10E8B000A207CD8F2310F70083473600834526003B
:10E8C000A207CD8F2311F7009387C6FF2312F7000D
:10E8D0006386A600110610C7014582802324070025
:10E8E000E5BF011122CC2A84884506CEAE8611C52B
:10E8F0002EC69545EFF09F81B2462A872285624455
:10E90000F2405D46970500009385A5BB05616FF059
:10E910007FAC854711456397F600834706000145A4
:10E920002300F700828001478146654681456FF0EC
:10E930007FAA011122CC2A84C84106CEAE860147A7
:10E9400019C52EC68D45EFF06FFCB2462A87228589
:10E950006244F2406D4697050000938585B90561D4
:10E960006FF0DF9B011122CC2A84C84106CEAE860F
:10E97000014719C52EC68D45EFF04FF9B2462A87DB
:10E9800022856244F240754697050000938565B67E
:10E9900005616FF0BF98814717980000130888C67B
:10E9A0001306F00F3307F80083460700139706019C
:10E9B00041836364E5006393C600828083D60500CB
:10E9C0006365D7002390E5008280850793F7F70FF2
:10E9D000D1BF41119397050122C406C626C2C18743
:10E9E0002E8463D50702EF20FE96AA8409CD8347C3
:10E9F0000500054793C707086364F700EF60CFF58C
:10EA00002685EF201E8E2165218D29A893F71500FC
:10EA100099CF9797FC1F938767A8FC5791C382975C
:10EA200013451400B240224492444101828093F77E
:10EA3000250099CB9797FC1F938747A6BC5B91C392
:10EA4000829713452400F9BF93F7850081CF9797EC
:10EA5000FC1F9387A7A4BC5FBC5B91C3829713453F
:10EA60008400C9B793F7450081CF9797FC1F938720
:10EA7000E7A2BC5FFC5791C38297134544005DB782
:10EA800093F7050291CF9797FC1F938727A183A740
:10EA9000870883A7070991C382971345040259B7D2
:10EAA00093F7050191CF9797FC1F9387279F83A723
:10EAB000870883A7C70891C38297134504019DB7B0
:10EAC000939725010145E3DF07F49796FC1F83C662
:10EAD000569D1796FC1F0346C69C9795FC1F83C541
:10EAE000359C1795FC1F0345A59BEFB06FA60965E4
:10EAF00021BF411113068011814522C42A84179534
:10EB0000FC1F1305A59906C69797FC1F23A6078A25
:10EB10009720FC1FE78020450145EF302009014583
:10EB2000EF002FDB9787FC1FA38B8768B707D707FA
:10EB3000B1071797FC1F232DF796B7A70C0C9387E7
:10EB400007181797FC1F2327F796B7A7D7079387B0
:10EB500007181797FC1F2321F796E9779387071863
:10EB60001797FC1F231CF7941794FC1F130404939E
:10EB70007D4781472328E40C0327040C232AF40C47
:10EB8000B7872D049387F79F5D8F8327440C979653
:10EB9000FC1F23A5E69C9796FC1F23A5E69C93E704
:10EBA000E7091797FC1F2321F79C9796FC1F23A9C1
:10EBB000F69A9787FC1F83C7C7661797FC1FA307A2
:10EBC000F7981797FC1FA307F798F977FD17179782
:10EBD000FC1F2310F79C1797FC1F231DF79AFD4776
:10EBE0001797FC1F2309F79A9797FC1FA384078E9A
:10EBF00085679387F7F01797FC1F231EF78C1797ED
:10EC0000FC1F231BF78CEF300EBF9797FC1FA388C8
:10EC1000A7889307C01C1797FC1F231CF78E8547F6
:10EC20001797FC1FA30BF78A9787FC1F83D7C75E34
:10EC3000A9831797FC1FA303F78E8D471797FC1F17
:10EC4000231FF7889797FC1F23AC0788B717070681
:10EC5000938707441797FC1F2326F7889787FC1F85
:10EC60009387475B83D707011307B00F6374F700DF
:10EC70009307B00F939607011797FC1F2315F7848E
:10EC80001797FC1F2313F7848347C403C182918B1A
:10EC9000DDC7939766009387073DC207C183179727
:10ECA000FC1F2313F7820347D403118B49CF13971B
:10ECB00066001307073D420741831796FC1F231781
:10ECC000E6806D46368763F3C6006D479786FC1F66
:10ECD0002397E67E930680143E8763F4D7001307DC
:10ECE00080149787FC1F239DE77C93160701856797
:10ECF000C1829387878463F3D7003E879787FC1F81
:10ED00002391E77C9787FC1F239ED77A9307C01C2B
:10ED10001787FC1F2314F77CB7071600938707900B
:10ED20001787FC1F2326F77AEF80EFFCEF20AFF266
:10ED3000EF707FD12244B24041016F30603E938733
:10ED4000E6008E0799BF1387E6000E07ADB74111A5
:10ED500006C622C426C21787FC1F03470778978779
:10ED6000FC1F83C797776369F70001442285B2408F
:10ED70002244924441018280AA8493051020130505
:10ED8000000B9730FC1FE780207B2A8479DD130677
:10ED9000000B81459720FC1FE780E01C81E4C157F0
:10EDA0002304F4009787FC1F9387476FB84F3DE714
:10EDB0001787FC1F232E87721787FC1F232C87724F
:10EDC0001787FC1F232A8772232004000547978694
:10EDD000FC1F2384E6700547A304E400130700F931
:10EDE000A305E4001787FC1F1307875E544B184FD9
:10EDF0001785FC1F0345454374C438C87D57230B52
:10EE0000E40083C7A704A30EE4062304A406230298
:10EE1000F40AEF707FE2A30AA40089BFF84F00C391
:10EE20001787FC1F232A876C2320040003C7E703EE
:10EE3000050771BF01114EC69789FC1F9389095BB5
:10EE400083A7090022CC1307000A06CE26CA4AC8A7
:10EE500052C4F8D398432A840D8B05C3B84B619BE9
:10EE6000B8CB98431367870098C39C438D83858BE9
:10EE700089C70100010001000100178AFC1F130A65
:10EE80006A5483270A003706330093053002D857A7
:10EE90000545719B13671700D8D798431377F7E799
:10EEA00098C398431377F7E71367071098C317873A
:10EEB000FC1F1307675818431447D18E14C783A645
:10EEC00009001306A00DB0CA5457F59A54D703474A
:10EED000E4079376F7079843137707F8558F98C39D
:10EEE000EF30CE9564449D472308F400230FA40619
:10EEF0002380F4008547A38104002381F4007C482B
:10EF000093F707209DCB9147A381F4008347640AC0
:10EF10008346540A78449A07D58F2302F70083C7A3
:10EF20002400814685072381F4000346840A834533
:10EF3000540A0345640AEF804F8F7C4893F70740DB
:10EF4000B1C303C734007C4483C624001367870021
:10EF5000A381E4000357A408B697A381E70083C701
:10EF6000240078448346F4073E978357A40892060A
:10EF7000A183BD8BD58F2302F70083C724008907A7
:10EF80002381F40003C62400035744089307D00FDD
:10EF9000918F9786FC1F9386665063DCE7240347B6
:10EFA000040889476303F724854593078042630576
:10EFB000B70085679387878479479387771BB3C7A3
:10EFC000E70283C6460793E606019785FC1F238167
:10EFD000D55483A6090085658CC63387E7020607EA
:10EFE000B8D283C6340093E60601A381D4007844E6
:10EFF0008346E4073297A301D70083C624007844F0
:10F0000036972302F70003C724007444A187BA96F9
:10F01000034704081607D98FA382F60083C724008C
:10F020008D072381F4008347040693F7070485C7FF
:10F0300003C734007C4483C6240013670704A381FC
:10F04000E40003475401B697A381E70083C7240077
:10F0500085072381F4008347C4070547C11793F749
:10F06000F70F6366F70603C9240015469785FC1F52
:10F0700093852552930739000329C4043E99A1477B
:10F080002300F90093078002A300F900130529006B
:10F090009720FC1FE780A0E90347C407C14763131B
:10F0A000F71683578408A1072311F408C547230ED8
:10F0B000F40683472408A303F90083572408A18397
:10F0C0002304F90083C72400A5072381F400035615
:10F0D0004408014931C203C7240068448325040A57
:10F0E000930737003E9583C73400C18B63860712B0
:10F0F00079593309E9401379F90F4A869720FC1FA3
:10F10000E780E0E28327040ACA973CDC835744087F
:10F11000B38727412318F40603C72400B7060082EB
:10F12000FD169377F70385073E991379F90FA30826
:10F1300024012381E4007C44A380270103A7090064
:10F14000930770F9A305F4005C43F99B5CC3834704
:10F15000840603260A0093F7F703139797015C567A
:10F16000F58FD98F5CD637170040930770052300C1
:10F17000F704930780FA2300F70483068406B54753
:10F1800063D3D70A8357270293E707012311F702B6
:10F190000327C40883270A0098C703270409D8C394
:10F1A00083A709007844B8DBEF709FED81451725F0
:10F1B00000001305E524EF20DEA903461401834572
:10F1C000040862449787FC1FA3850720F240D244BD
:10F1D0004249B249224A9787FC1F238D071E0145E9
:10F1E00005611733FC1F6700C3C291679387072926
:10F1F000E1B383C7460793F7F70E1787FC1F230970
:10F20000F73015B50357840883572408998F0947A9
:10F21000E341F7EAC94761BD9720FC1FE78020D191
:10F2200003494408D5BD83572702C207C183BD9B4C
:10F23000C207C183A1BF1786FC1F1306261B0C4201
:10F24000411122C426C206C64AC09307000AFCD157
:10F250009787FC1F938707179C432A843705330041
:10F26000D857719B13671700D8D798431377F7E7E0
:10F2700098C398431377F7E71367071098C3178766
:10F28000FC1F1307671B18431447C98E14C7930646
:10F29000A00DB4C95457B285F59A54D70347E40773
:10F2A0009376F7079843137707F8558F98C364440C
:10F2B0009D472308F4002380F4008547A3810400C0
:10F2C0002381F4007C4893F7074085CFA147A381B1
:10F2D000F4007C440357A4082382E70083C724007A
:10F2E00078448346F4073E978357A4089206A18387
:10F2F000BD8BD58F2302F70083C7240089072381A4
:10F30000F40003C62400035704079307E00F918F0E
:10F3100063D7E708034704088947630DF71085465C
:10F32000930780426305D700856793878784794771
:10F330009387771BB3C7E7029786FC1F83C6461DDA
:10F3400093E606011785FC1F2304D51C94418565AF
:10F350008CC63387E7020607B8D283C6340093E62B
:10F360000601A381D40078448346E4073297A301C1
:10F37000D70083C62400784436972302F70003C7DA
:10F3800024007444A187BA96034704081607D98F4E
:10F39000A382F60083C724008D072381F40003565F
:10F3A000040701491DCE03C7240068442C5C930761
:10F3B00037003E9583C73400C18BC9C379593309DF
:10F3C000E9401379F90F4A869720FC1FE78020B6A1
:10F3D0003C5CCA973CDC83570407B387274123185A
:10F3E000F40603C7240001459377F70385073E9988
:10F3F0001379F90FA30824012381E4007C44A3803E
:10F400002701930770F9A305F4000346140183450F
:10F41000040822449787FC1FA38D07FAB240924448
:10F4200002499787FC1F238707FA41011733FC1F06
:10F430006700239E916793870729D5BD9720FC1FFE
:10F44000E780E0AE034904072318040659BF011101
:10F4500022CC06CE2A8426CA4AC84EC6EF20EF80A8
:10F46000835784080347C40785072314F408894792
:10F470006316F70E8D47230EF4067C481787FC1F92
:10F480001307C70193E787007CC883475707898B19
:10F49000EDDF8347570793F7C70F1787FC1FA309B3
:10F4A000F7069787FC1F938727DB9C4382970357B8
:10F4B00064089787FC1F83D7E7D23307F7029307C7
:10F4C0000032130707193357F7029787FC1F9387FA
:10F4D00067D4838767013A9563C90700B706C0A858
:10F4E0006365D500B70640573695232AA4081786CA
:10F4F000FC1F0346B6D363DB07043306C5409306FF
:10F50000D407A2851705000013056518EF20CE9DCE
:10F510002285EFF03F929784FC1F938424F8EF70CC
:10F52000DFC383C74407C18BCDCB83C7440793F7A1
:10F530000702E5DF83C74407228593F7F70C178797
:10F54000FC1F2307F7FCEFF01FCFE1BFE377C5FAFD
:10F55000B707C0A83386C7402A9655B71789FC1F3E
:10F56000130989CF832709008297AA84832709007A
:10F570008297E38DA4FE83270900832444098297A0
:10F580009787FC1F938707C903896701635E090496
:10F590003385A4409787FC1F83C757C99784FC1FF6
:10F5A00083D444C463E3A70031E583576408130799
:10F5B0000032B387970293870719B3D7E70203276F
:10F5C0004409BA97634909003707C0A863E5E70013
:10F5D00037074057BA97232AF408F2406244D244CE
:10F5E0004249B24905618280E3F4A4FAB707C0A892
:10F5F000BE9479BF9787FC1F83C797F193E71700E5
:10F600001787FC1FA306F7F037470F0013070724DF
:10F61000B335E5029787FC1F938747DD83A9070071
:10F62000A167268623A4F90081463305E502EF2071
:10F63000B051060523A6A9061787FC1F130707E686
:10F6400083475707898BEDDF8347570793F7C70F2A
:10F650001787FC1FA30EF7EA8357640813070032CD
:10F66000B387970293870719B3D7E70203274409A3
:10F67000BA97634909003707C0A863E5E700370771
:10F680004057BA97232AF40861B58347C507B1CB21
:10F69000411122C406C626C249472A84639CE70258
:10F6A00003572508835785086316F70293048509D5
:10F6B00015469785FC1F9385C5ED26859720FC1F71
:10F6C000E780E0862685EF206F808D47A300A408A1
:10F6D000230EF40622852244B240924441016FF089
:10F6E0001FD782808347E501411122C406C69907CE
:10F6F000A308F5007C4511472308E5002380E700B7
:10F700007C45034715012A84A380E70083475503FE
:10F71000858B91E70347450389476319F7007844D0
:10F720008347070093E707042300F7006844930525
:10F730006403194609059710FC1FE780407F684461
:10F740000356E4014C5421059710FC1FE780207EEE
:10F75000930730F9A305F400B240224441018280AE
:10F7600041114AC01789FC1F130949D38327890A0D
:10F7700006C622C426C299E3054505AAAA84EF70ED
:10F78000DF9D8327890A8297EF105FA42A846DD5B5
:10F79000DC50AC482324F50803C7B4009307A00944
:10F7A000631BF71085472300F51483C73406230332
:10F7B000F514A303F51483C7F50003C70501014839
:10F7C000A2074207BA9703C7E5001546F905BA979D
:10F7D00003C735FF130584136207BA97232CF40877
:10F7E00083C755FF03C765FFA2074207BA9703C740
:10F7F00045FFBA97232EF40883C775FFA30AF402C6
:10F8000083C795FF03C785FFA207D98F231BF40287
:10F8100083C7B5FF03C7A5FFA207D98F231CF40236
:10F8200083C7D5FF03C7C5FFA207D98F231DF402E5
:10F8300083C7F5FF03C7E5FF232E0413A207D98F63
:10F84000231EF4028147232CF4129710FC1FE7803B
:10F85000006EB84883473702FD8BA309F4020347C3
:10F860003702ED1793F7F70F1583A307E4022D472F
:10F870006368F7028357840305679306A7C7E917F0
:10F88000C207C18363EEF6008356A4039307301FBB
:10F8900063E8D7008357C403130707C8637EF702E2
:10F8A00003558400EF103FB20145B2402244924418
:10F8B0000249410182808327890C13971701E35C79
:10F8C00007EEFC4403C7070083C70500F98F958343
:10F8D000858B2300F514C5B58327C90A2285829735
:10F8E0008327090D03558400294693F7072091E3E8
:10F8F000054693050008EF50FF9F8327890C139757
:10F900001701635907000355840051469305000809
:10F91000EF505F9E83274905FC4B13974700E35D3B
:10F9200007E403C58400A38B04004946930500083F
:10F93000EF505F9C91B5411122C406C626C24AC051
:10F940009787FC1F83C797B52A848DEB0347040173
:10F9500085476316F70E8347D40303475404858B0A
:10F96000631DF70C1946930564041305E40397100F
:10F97000FC1FE780C064B334A00091A883475504FE
:10F98000CDC78347B5041307000493F7070C639EA4
:10F99000E708085921C513096404CA851305A5029F
:10F9A000EF20004B8547AA84631AF502085889475F
:10F9B0002302F404834735001946CA8593E72700DC
:10F9C000A302F40451059710FC1FE7804056B24093
:10F9D0002244268502499244410182800347040162
:10F9E00085476304F70483470406918B9DEF8347A3
:10F9F000C40385EF130544049730FC1FE780A0D4AF
:10FA000008D805C589472302F40483473500194601
:10FA10009305640493E72700A302F40451059710AB
:10FA2000FC1FE780C05085445DB78347C403898BC2
:10FA300091DF1C5883C7170091FB814449BF83475E
:10FA40000406918B89FB8347D40013F717000DC37D
:10FA5000834634010D47639DE60068402C442244F0
:10FA6000B2409244024941011723FC1F6700C3F3CF
:10FA7000898BD5DB034734019547E316F7FAF1BFCD
:10FA800041119787FC1F238507A822C4930710F90B
:10FA900006C6A305F5009787FC1F9387A7B180438F
:10FAA0000DC085451775FC1F03457571EF20CE917C
:10FAB000930710273305F50222832244B240410107
:10FAC0000283B2402244410182808347A50199C745
:10FAD0000347A5006314F7006FF09FFA03479501F1
:10FAE00011CF8346A5006382E6022305E500894520
:10FAF0001775FC1F0345B56C6F10DECEF1DF0347B1
:10FB0000A50079FB2305F500DDB7F9D7E5BF2C4942
:10FB1000314783C7150093F7F7032309F500638680
:10FB2000E700930700083E85828083C705000D47E4
:10FB3000BD8BA309F500E396E7FE41114AC0130906
:10FB4000650322C419462A84A1054A8506C626C231
:10FB50009710FC1FE780A0469147630505222C48BB
:10FB600019461305640483C7050089059987858BA9
:10FB7000A302F4049710FC1FE780603B2285EFF09E
:10FB80009FDBA1476300052064449D472308F400E0
:10FB90002380F40085472381F400A381F400CA8503
:10FBA0001946138544009710FC1FE780403883C72F
:10FBB000240003C734000149990793F7F70F13672F
:10FBC00087002381F400A381E4007844BA970357A7
:10FBD000A406A381E70083C7240078448346140663
:10FBE0003E978357A4069206A183BD8BD58F23022F
:10FBF000F70003C7240009071377F70F2381E400F8
:10FC00008356E401F9C283470406795993F7070440
:10FC100091C375593309E9401379F90F6377D90A0C
:10FC200083463406751989471379F90F6383F616ED
:10FC30000546930780426385C6008567938787845E
:10FC4000F9469387771BB3C7D7021786FC1F034675
:10FC5000268C136606019785FC1F238BC58A1776B1
:10FC6000FC1F1306A678104285650CC6B386D70222
:10FC7000860634D283C6340093E60601A381D400FD
:10FC80007444034624063697A301C70083C62400A4
:10FC9000784436972302F70003C724007444A187F1
:10FCA000BA96034734061607D98FA382F60083C796
:10FCB00024008D072381F4005C54CA973CDC8357F1
:10FCC000E401B38727412318F4068347040693F71A
:10FCD000070485C703C734007C4483C62400136728
:10FCE0000704A381E40003475401B697A381E7000A
:10FCF00083C7240085072381F40003C5240003562D
:10FD0000E4014C549307350068443E9559C6636638
:10FD1000C9089710FC1FE78080210349E40103C74D
:10FD200024009377F70385073E99A30824012381D4
:10FD3000E40083475403858B91E7034744038947D5
:10FD40006319F70078448347070093E7070423000B
:10FD5000F7007C4483451401A380B70003453406B3
:10FD6000930790F9A305F400EF708F870346140101
:10FD7000834534060D459720FC1FE7808009EF700E
:10FD8000CFBD8147B2402244924402493E854101A1
:10FD9000828091679387072965B54A869710FC1F73
:10FDA000E780E018ADBF2C491307200283C7150078
:10FDB00093F7F7032309F5006392E714411122C476
:10FDC00006C626C283C7050015472A84BD8BA30932
:10FDD000F500639CE7021946A1051305650397101A
:10FDE000FC1FE780C01D9147630405102C4819468D
:10FDF0001305640483C7050089059987858BA302D1
:10FE0000F4049710FC1FE78080122285EFF0BFB248
:10FE1000A14779CD9777FC1F938707449C4382972E
:10FE20006444A14748D02308F4002380F4008547A8
:10FE30002381F400A381F40019469305640313851C
:10FE400044009710FC1FE780800E83C724009907A9
:10FE50002381F40083C7340093E72700A381F400D3
:10FE60008347540481CB78448347070093E707F81E
:10FE70002300F7001946930564041385A400971026
:10FE8000FC1FE780C00A83C72400990793F7F70F88
:10FE900013F7F7030507A308E4002381F400834761
:10FEA0005403858B91E70347440389476319F7009F
:10FEB00078448347070093E707042300F7007C4456
:10FEC00083451401A380B700034534069307A0F9C6
:10FED000A305F400EF60DFF0034614018345340608
:10FEE0000D459720FC1FE780C0F2EF700FA78147F8
:10FEF000B240224492443E8541018280930700082B
:10FF00003E85828041114AC01779FC1F1309094EB2
:10FF10008327090022C41307000A06C626C2F8D3A5
:10FF200098432A840D8B05C3B84B619BB8CB98438B
:10FF30001367870098C39C438D83858B89C7010015
:10FF40000100010001009776FC1F9386A6479042AE
:10FF5000B7050082FD155C56F19B93E717005CD650
:10FF6000032709005C4393E717005CC383478406BB
:10FF700093F7F703139797015C56ED8FD98F5CD6F3
:10FF800037170040930770052300F704930780FAA2
:10FF90002300F70403068406B54763D3C7168357C7
:10FFA000270293E707012311F7029C42370633002B
:10FFB00098431377F7E798C398431377F7E71367E6
:10FFC000071098C31777FC1F1307074718431447F8
:10FFD000D18E14C7832609001306A00DB0CA54574A
:10FFE000F59A54D7034724069376F7079843137777
:10FFF00007F8558F98C337C7898E130767ED98C7E1
:020000024000BC
:1000000037575500644413075755D8C39D472308F5
:10001000F4002380F40085472381F400A147A381E5
:10002000F4007C440357A4062382E70083C724001E
:100030007844834614063E978357A4069206A1830C
:10004000BD8BD58F2302F70003C524009307E00F73
:1000500009051375F50F2381A40003560407898F42
:1000600063CFC7047C442C5C0D053E959710FC1FA4
:10007000E780E0EB03C72400834704079376F70388
:100080008507B697A308F4002381E400834754034F
:10009000858B91E70347440389476319F700784448
:1000A0008347070093E707042300F7007C440347D6
:1000B0001401A380E700930780F9A305F4008327C8
:1000C0000900784481451715000013056533B8DB36
:1000D000EF103EB803461401834534062244977757
:1000E000FC1FA388072EB240924402499777FC1F59
:1000F0002382072E014541011723FC1F670063D1AE
:1001000083572702C207C183BD9BC207C18361BD5C
:10011000397152D4177AFC1F130A4A2D03260A009C
:1001200022DC26DA06DE4AD84ED69307000A7CD2B5
:100130009777FC1F938707299C43B70533002A84D0
:10014000D857719B13671700D8D798431377F7E7F1
:1001500098C398431377F7E71367071098C3177787
:10016000FC1F1307672D18431447CD8E14C7930641
:10017000A00D34CA5457F59A54D7034725069376F1
:10018000F7079843137707F8558F98C364459D4741
:100190002308F50085462380F400A3810400238111
:1001A000D4008347F5050D476385E700194763973A
:1001B000E7488547A381F400194693056403138536
:1001C00044009710FC1FE78080D683C7240099075E
:1001D0002381F4000347F40599476316F70483C7A6
:1001E00034001385A40093E72700A381F40083471C
:1001F0005403898B638C07320C5883C725016387AE
:1002000007321946D1059710FC1FE78040D2784489
:100210008347070093E707F82300F70083C724000C
:1002200099072381F40083C7340003C7240093E7B0
:100230008700A381F4007C44BA970357A406A381E6
:10024000E70083C724007844834614063E9783570B
:10025000A4069206A183BD8BD58F2302F70083C627
:100260002400890693F6F60F2381D4000357C401B6
:100270006304072E83470406795993F7070491C353
:1002800075597C483309D9401379F90F918B81C78F
:1002900039191379F90F81476375E90A0347340661
:1002A000751989471379F90F6304F72A05469307EF
:1002B00080426305C7008567938787847947938762
:1002C000771BB3C7E7021776FC1F03466624136645
:1002D00006019775FC1F238DC52203260A0085653C
:1002E0000CC63387E702060738D203C7340013670A
:1002F0000701A381E400784403462406BA96A3814B
:10030000C60083C62400784413D68740369723025C
:10031000F70003C724007444BA960347340616074F
:10032000518FA382E60003C724000D072381E40058
:1003300018544A9738DC0357C40133072741231860
:10034000E406784811469376C700638BC6003146B1
:100350006390C610034614068346F407631AD60E4C
:10036000218B630407209777FC1F9387E7EE9C435C
:100370008329440982979777FC1F9387A7E983878E
:10038000670163DE071CB7470F0093870724338597
:10039000A940B335F5021776FC1F0356A6E4814643
:1003A0003305F502EF10507A9307A01363D2A70A22
:1003B0003D05F949B3493503494681456800971021
:1003C000FC1FE78040BAB2477977CE09F98F93D9FD
:1003D0003901B3E9370183576408C20993D9090188
:1003E000C207B3E9F900832784090327C4084EC66E
:1003F0003EC88327C40913168700618393F6F7016B
:100400009777FC1F83C7B7099D8B9607D58FD18F30
:100410003ECA8327040968444946A2075D8F835773
:1004200084083ACC6C00231EF10083C724008D079A
:100430003E959710FC1FE78080AF83C7340093E799
:100440000702A381F40083C72400C9072381F400B5
:100450008347040693F7070485C703C734007C4429
:1004600083C6240013670704A381E40003475401F3
:10047000B697A381E70083C7240085072381F40092
:100480000356C40163160618014983C62400834736
:10049000E40513F7F60305073A999A07D58FA308E1
:1004A00024012381F40083475403858B91E703479C
:1004B000440389476319F70078448347070093E7AB
:1004C00007042300F7007C440347140181451715F6
:1004D00000001305E5F2A380E700930760F9A30588
:1004E000F400784483270A00B8DBEF108EF6032768
:1004F0000A009777FC1FA38E07EC9777FC1F238BCE
:1005000007EC5C43014593E717005CC30346140105
:10051000834534069720FC1FE780A08FF250625479
:10052000D2544259B259225A216182808347D4035E
:1005300081CB78448347070093E707F82300F7004F
:1005400019469305E4039710FC1FE780409EF9B11C
:100550009167938707299DB381470149DDB3E3F490
:10056000A9E2B707C0A8BE9939BD83C634000347C6
:100570003406C18A85CEF9498946B3873703835942
:100580000407631CD7009A099389093DCE97938786
:10059000172BF949B3C9370305B585466315D7004D
:1005A000D9098A09E5B7B9098E09CDB783C72400EF
:1005B0008359C401BE9989476313F7049A09938943
:1005C000097DF94793895954B3C9F9029776FC1FFD
:1005D00083C616F493E616001776FC1FA30AD6F21C
:1005E00083260A00216690C6B387F9028607FCD6E7
:1005F000834714062300E408A30FF40675BB854760
:100600006315F700FD098A096DBFF9098E0955BF09
:1006100003C524000C549307350068443E95636974
:10062000C9009710FC1FE78080900349C401B1BD49
:100630004A869710FC1FE780808F81BD1387E7FFF4
:100640001377D70F6319071CA381D40093056503A3
:100650001946138544009710FC1FE780408D83C71F
:10066000240003C734009779FC1F938929E3990775
:1006700093F7F70F136787002381F400A381E40049
:1006800078440149BA970357A406A381E70083C7BA
:1006900024007844834614063E978357A4069206A6
:1006A000A183BD8BD58F2302F70003C72400914798
:1006B00009071377F70F2381E4008346F40563915C
:1006C000F60C83470406795993F7070491C37559CB
:1006D0008357C4013309E9401379F90F6372F90AAA
:1006E00083463406751989471379F90F6389F61023
:1006F0000546930780426385C60085679387878494
:10070000F9469387771BB3C7D70203C64907136619
:1007100006019775FC1F238DC5DE03260A0085653B
:100720000CC6B386D702860634D283C6340093E65D
:100730000601A381D4007444034624063697A3011E
:10074000C70083C62400784436972302F70003C706
:1007500024007444A187BA96034734061607D98F3C
:10076000A382F60083C724008D072381F4001C5464
:10077000CA973CDC8357C401B38727412318F4068A
:100780008347040693F7070485C783C7340003C76C
:10079000240093E70704A381F4007C44BA9703473D
:1007A0005401A381E70083C7240085072381F40057
:1007B0000347F4059147631EF7040356C40131CA89
:1007C00003C524000C549307350068443E95636CC0
:1007D000C9029700FC1FE78080750349C4010347E5
:1007E000F40591476319F72683C7490793F7070F65
:1007F00093E757001777FC1F230CF7D079B1916767
:1008000093870729F5BD4A869700FC1FE780207271
:10081000F9B70149E9B793F7B70F0547E396E7C67C
:10082000A381F400930565031946138544009700DE
:10083000FC1FE780C06F83C7240099072381F40061
:1008400083C7340093E72700A381F4008347D403D0
:1008500081CB78448347070093E707F82300F7002C
:10086000834754031385A400898B6388071A0C58A7
:1008700083C725016383071A1946D1059700FC1F1A
:10088000E780E06A78448347070093E707F823008E
:10089000F70083C7240003C734009779FC1F9389AE
:1008A000E9BF990793F7F70F136787002381F400D7
:1008B000A381E40078440149BA970357A406A381B1
:1008C000E70083C724007844834614063E97835785
:1008D000A4069206A183BD8BD58F2302F70003C720
:1008E0002400854709071377F70F2381E400834627
:1008F000F4056391F60C83470406795993F70704CE
:1009000091C375598357C4013309E9401379F90F2D
:100910006372F90A83463406751989471379F90F0A
:10092000638FF6100546930780426385C60085678E
:1009300093878784F9469387771BB3C7D70203C68B
:100940004907136606019775FC1F2383C5BC032660
:100950000A0085650CC6B386D702860634D283C6E4
:10096000340093E60601A381D400744403462406B0
:100970003697A301C70083C6240078443697230224
:10098000F70003C724007444A187BA9603473406CE
:100990001607D98FA382F60083C724008D07238111
:1009A000F4001C54CA973CDC8357C401B387274129
:1009B0002318F4068347040693F7070485C783C703
:1009C000340003C7240093E70704A381F4007C44A8
:1009D000BA9703475401A381E70083C72400850722
:1009E0002381F4000347F40585476314F706035693
:1009F000C40125C203C524000C5493073500684484
:100A00003E956362C9049700FC1FE780405203498A
:100A1000C4010347F4058547F1B38347D40381CB71
:100A200078448347070093E707F82300F700194647
:100A30009305E4039700FC1FE780604F99BD916721
:100A400093870729C5BD4A869700FC1FE780204E83
:100A5000C9B701497DBF83C7490793F7070F93E7DC
:100A6000670049BB011152C4177AFC1F130A0AA37D
:100A70008327CA0906CE22CC26CA4AC84EC6639826
:100A800007581779FC1F13096996832709009843B3
:100A90000D8B05C3B84B619BB8CB98431367870098
:100AA00098C39C438D83858B89C701000100010099
:100AB0000100032609009307000A9779FC1F938918
:100AC00069907CD283A70900B70533002A84D857E0
:100AD000719B13671700D8D798431377F7E798C32C
:100AE00098431377F7E71367071098C31777FC1F2E
:100AF0001307879418431447CD8E14C79306A00D8F
:100B000034CA5457F59A54D70347A5009376F7078C
:100B10009843137707F8558F98C38347E5007845C6
:100B2000BD8B2308F5002300F7001D476445639F34
:100B3000E7408547A38104002381F4000347F505BE
:100B40008D46631DD7288357C501639407187C49D8
:100B50001147B18B638FE71631476398E70003476E
:100B600015068347F5076306F7168547A381F4004A
:100B7000194693056403138544009700FC1FE78022
:100B8000003B83C72400990793F7F70F2381F400F4
:100B9000034704061377070415C303C7340013671C
:100BA0000704A381E4007844BA9703475401A38162
:100BB000E70083C7240085072381F4009777FC1F93
:100BC0002388079483C624008347E40513F7F603BC
:100BD00005079A07D58FA308E4002381F400930743
:100BE00040F9A305F40083475403858B91E703473D
:100BF000440389476319F70078448347070093E764
:100C000007042300F7007C4403471401B706008261
:100C1000FD16A380E700032709005C4393E7170054
:100C20005CC38347840603A6090093F7F703139771
:100C300097015C56F58FD98F5CD637170040930724
:100C400070052300F704930780FA2300F704830656
:100C50008406B54763D5D73A8357270293E7070140
:100C60002311F70203A70900B7C7898E938767EDA1
:100C70001CC7B7575500938757555CC38327090096
:100C80007844834444068145B8DB1705000013050A
:100C90002577EF001EFCEF60AFBE894703461401C5
:100CA00062441767FC1FA308F772F2409767FC1FA6
:100CB000A38107724249B249224AA685D244976766
:100CC000FC1F23890770014505611713FC1F67008E
:100CD0004314A147A381F4008357A4062382F400A0
:100CE0008357A406034714067444A1831207BD8BDF
:100CF000D98FA382F60003C62400054709061376A0
:100D0000F60F2381C40083474A0783260900631432
:100D1000F70A034744068947631BF70893176600E1
:100D20009387073D034784012319F4069387070A35
:100D3000B387E702F94509451768FC1F230AA87C19
:100D4000056588C6938707FBC207C183938777161B
:100D5000B3C7B70213970701B387B702418386076A
:100D6000BCD283C7340093E70701A381F4007C441D
:100D70003E968347240693E70704A301F60083C643
:100D800024007C44B6972382E70083C624007C4479
:100D900021837D8BB697834634069606558FA382B2
:100DA000E70083C724008D072381F40021BD93074A
:100DB000E6008E0785BFB852F94705833357F7021F
:100DC000BC52EC528583FD8BAE97FCD28D47976663
:100DD000FC1F238FF6724207418361B719466318DF
:100DE000C70A0357C50145E7A381F40093056503CE
:100DF000138544009700FC1FE780601383C724001D
:100E00001385A40099072381F40083C7340093E776
:100E10002700A381F40083475403898BB9C70C587A
:100E200083C72501B9C31946D1059700FC1FE78088
:100E3000001078448347070093E707F82300F70082
:100E400083C72400990793F7F70F2381F400034722
:100E5000040613770704E30307D683C634007844F7
:100E600093E60604A381D40081B38347D40381CBE6
:100E700078448347070093E707F82300F7001946F3
:100E80009305E4039700FC1FE780600A55BFA14764
:100E9000A381F4008357A4062382F4008357A40699
:100EA000034714067044A1831207BD8BD98FA30298
:100EB000F60003C62400054709061376F60F2381C2
:100EC000C40083474A0783250900631FF7040347CB
:100ED000440689476316F704931766009387073D16
:100EE000034784012319F4069387070AB387E702AF
:100EF000F94609451768FC1F230CA860056588C5DD
:100F0000938707FBC207C18393877716B3C7D702BE
:100F100013970701B387D70241838607BCD191B5E8
:100F20009307F6008E076DBFB851F9470583335715
:100F3000F702BC51E8518583FD8BAA97FCD19767D6
:100F4000FC1F2387D75C4207418321BD0547639C73
:100F5000E708B147A308F50083475503898BADC364
:100F60000C5983C72501A9CF1946D10513858400E3
:100F70009700FC1FE780A0FB78448347070093E7B6
:100F800007F82300F7006844194693056403090530
:100F90009700FC1FE780A0F983278A0C139717019D
:100FA000635D07008347E400B98B81EB7844834796
:100FB000070093E707022300F700930720F915B114
:100FC0008347D40399C783C7040093E707F82380B6
:100FD000F400684419469305E40321059700FC1FBB
:100FE000E780E0F44DB70356C5010C559307660042
:100FF00093F7F703A308F50013858400C5B783575B
:101000002702C207C183BD9BC207C18391B9F240C9
:101010006244D2444249B249224A05618280411168
:101020009767FC1F9387874722C4A05306C60547CE
:101030008346C4006390E60283C7470711476315E0
:10104000F7002285EFE0DFA322852244B240410170
:101050006FF05FA1B2402244410182809767FC1F7C
:101060009387C743BC4F99E33E85828003C78700BF
:10107000E30CA7FE9C43C5BF411106C622C426C28D
:101080004AC0EFF0BFFD6302051C834755032A8465
:1010900089EF19469765FC1F9385C54D13056403B9
:1010A0009700FC1FE780A0E8BDA80547639FE70005
:1010B0009767FC1F83C7A73E4945638907181946F0
:1010C0009765FC1F9385654BD1BF1C59A1EB8347E6
:1010D000C503230A050291EB034754038547230AFE
:1010E000F4028947E316F7FC6DB71305C5039710A3
:1010F000FC1FE780006008D815C1EF00305C0C5879
:1011000083C7A50081CF8947230AF4021946B10598
:10111000130564039700FC1FE78060E10347440365
:101120008947E31BF7FA9767FC1F83C737379DCBC7
:101130008347C40385CB8347340413070004130596
:10114000C40393F7070C6399E7109710FC1FE7801F
:10115000805F08D81C5899C783C7270181C7894772
:10116000230EF40285478344E4002306F400A3041D
:10117000F4001767FC1F0347770B9767FC1F238F4B
:10118000073093170701231AE40693F6F400194772
:10119000C1836379D706834644060947138947000C
:1011A0006394E6001389C7038356C401834534065C
:1011B0001305A00F93973600231A24070946B3D6C8
:1011C000A6021767FC1F034747219387B7021765DD
:1011D000FC1F035525016396C5088E071307672377
:1011E0003E979397A600BA9737460F00130606243A
:1011F0008146B3A5A7023305F502EF10E0144A9526
:10120000231AA4068357C40623170406ADC3034557
:1012100064019307F00F6307F500EF003E95FD575B
:10122000230BF4000356C406930664011206A2853C
:10123000171500001305458EEF000EFF8545176555
:10124000FC1F0345D5F7EF00EED90145B24022441B
:1012500092440249410182809710FC1FE780604957
:10126000CDBD1307E70B3E9793979600ADBF85471B
:10127000E396F4FC034564019307F00F6307F50060
:10128000EF00DE8EFD57230BF40005669306640124
:101290001306068069BF411106C622C42A84EF5096
:1012A000DFEB228523060400A3050400A304040049
:1012B000EFE00FFD85451765FC1F034555F0EF0076
:1012C000DE8589451765FC1F034575EFEF00FE8439
:1012D000034564019307F00F6307F500EF001E89D3
:1012E000FD57230BF400B2402244410182802C4977
:1012F000411106C622C426C24AC083C715007D47D5
:1013000093F7F7032309F500E91793F7F70F637BCA
:10131000F70093040008B240224426850249924413
:101320004101828083C70500BD8BA309F500F51735
:1013300093F7D70FF9FF2A841946A1051305650312
:101340009700FC1FE780A0C7914471D52C488547C2
:101350002302F40483C70500194689059987858B04
:10136000A302F404130564049700FC1FE78020BC6B
:101370002285EFE04FDC85472A89E31CF5F8034717
:10138000340195476310F704EFE02EAC9767FC1F1C
:1013900083C7B7E98D8B6377F50283470401E36A5E
:1013A000F9F69767FC1F938727EB9C43814482974C
:1013B00048D02285EFE0CFBAE31F25F52285EFF074
:1013C0009FED91BF8347040181C71947E393E7F479
:1013D0002285EFE02FB18345140103454406814483
:1013E000EF501FA003461401834544060D45971096
:1013F000FC1FE78000A2EF505FD631BF397126DABB
:101400009764FC1F9384840922DCA0504AD84ED6EE
:1014100052D456D25AD05ECE62CC66CA06DE314B6A
:10142000976A0000938A8A1F914B1769FC1F130962
:1014300029FA9769FC1F938969FB094C976CFC1F7B
:10144000938C4CDD130A44018347B4009387E7066D
:1014500093F7F70F636EFB168A07D6979C43D697D0
:1014600082870146930550020145EF509FAA13065B
:101470005002814505459710FC1FE78080998347FE
:101480003900858BA9CB28488146528681459767CC
:10149000FC1FA38007F49710FC1FE780608D01E517
:1014A0002285EFF0DFE40347B40093073009E30D32
:1014B000F7F8EF509FCA2285EFE02FE1F250625417
:1014C000D2544259B259225A925A025BF24B624CA0
:1014D000D24C216182809767FC1F238D07EED1BF1C
:1014E00083472900858BE5DB9767FC1F238307EE85
:1014F0008347040105476375F7001947E39BE7FA43
:101500009307B0F9A305F40081B783472900858BC1
:10151000638907369767FC1F238D07EAEF50FFC3E7
:101520002285EFE0EFD5938401F19C409DCBDC4315
:101530008DCB89472302F1008347540413056100D2
:101540001946A302F100834744019305640423066E
:10155000F1009700FC1FE780809D9C404800DC4321
:10156000829783477406B9DB83455404034584009E
:1015700013066404EFA06F9C91B70345340601463F
:1015800093055002EF50FF9883453406130650022E
:1015900005459710FC1FE780C08783473900858B7E
:1015A0006386072E28488146528681459767FC1F2F
:1015B000A38107E29700FC1FE780807B01E522857D
:1015C000EFE06FFE0347B4009307A009E30EF7E6D0
:1015D000EF50BFB855A003453406014693055002AD
:1015E000EF503F938345340613065002054597108C
:1015F000FC1FE780008283473900858B63880728BA
:1016000028488146528681459767FC1FA38307DCE3
:101610009700FC1FE780C07501E52285EFE02FCF22
:101620000347B4009307900955B783472900858B7A
:10163000638907249767FC1F238D07D8EF50FFB1FC
:1016400083C7440709476307F70083C744070D476B
:101650006318F70283A6090003572407BC52130737
:10166000C712858363FEE700930750F9A305F400D2
:10167000BC528583E39A07DC2285EFE06FC03DBD55
:10168000034794018347A4011DCF8346A400630749
:10169000D7226387F6002305E4002285EFF08FBC94
:1016A0009767FC1F83C737D3E39007DA83C74407E4
:1016B00009476307F70083C744070D47E31EF7FA9E
:1016C000930750F981B5E9DF0347A40071FB2305B7
:1016D000F400E1B783C74407E39EFBFE2285EFE0F9
:1016E0003FA39DB383472900858B638C07189767B9
:1016F000FC1F238007CE83C74407C18B85C7EF50EB
:10170000DFA583C7440793F70702E5DF83C74407D4
:10171000228593F7F70C1767FC1F230BF7DEEFE02A
:101720006FFE1DB383C75407858B91C7EF50FFA28F
:101730009307E0F9C1BB83C744071547BD8B639C82
:10174000E700EFD09EF083C77C018D8BE372F5E854
:101750009307D0F945BB83C744071947BD8BE3996D
:10176000E7E69307C0F979BB83472900858BE38DB2
:1017700007CC9767FC1F238E07C483C74407C18B20
:1017800089CBEF509F9D83C7440793F70702E5DF9E
:10179000B5BF83C75407858BD1FB83C74407154763
:1017A000BD8BE387E7FA83C744071947BD8BE38AFC
:1017B000E7FAEF509F9A19B3230E84072285EFD0E2
:1017C0001FC90347B40093077009E30FF7C6FDB1C3
:1017D00083473900858B85CBEF503F989767FC1F77
:1017E000938747BE98437C53ED9B7CD39767FC1F40
:1017F000238507BE3717004083578701C607C58377
:10180000231CF70095BD83A70900FC53E39E07C284
:10181000EF50BF949767FC1F9387C7BA98437C53D8
:10182000ED9B7CD39767FC1F238907BA37170040CD
:1018300083578701C607C583231CF7009767FC1FE2
:10184000238A07B815BD83472900858B9DCB9767F1
:10185000FC1F238007B883C74407C18BE38207CCF2
:1018600083C7440793F70702E5DF2285EFE08FE99E
:1018700083C7440793F7F70C1767FC1F230AF7C8C1
:1018800071B983A70900FC53E39007BC9767FC1F5D
:10189000238207B435BB9767FC1F83C787B3858B4B
:1018A000F5D79767FC1F238607B2EF501F8B228561
:1018B000EFD01FEB2285EFF01F9E09B1E38207DE18
:1018C00039B541119767FC1F938747BD22C4E04B90
:1018D00006C626C2630504228346C40005476390FA
:1018E000E62283C70700835604021767FC1F2327DD
:1018F00087C0850793F7F70F1767FC1F2300F7BA18
:10190000130700643347D70263C8E700EF008EF97E
:101910009767FC1F238407B80347E4009D476310C3
:10192000F7048347940685CF8356E40663E6F60200
:101930008345840093073004A30BF400130530049F
:1019400093F6F60F0146EF901FDF22852244B24046
:10195000924441016FF03F9485062317D4068547D2
:101960009305300205451767FC1F2303F7BAEF0004
:10197000EEEC034784012301A4068D476319F70A9F
:10198000EFF05DBE0D8901ED930770022305F400B1
:1019900093075002A30CF4009307600231A8854717
:1019A0006310F508930760022305F40093075002C3
:1019B000A30CF40093077002230DF4000347E40026
:1019C00085479754FC1F83C4947F6318F70E035612
:1019D000040285452685EFF03DF383475403898B48
:1019E000EDC78347C403F5C30C58E5C183C7A50001
:1019F000E9CF8947230AF4021946B10513056403A8
:101A000097F0FB1FE780A0520347C407854763E2B6
:101A1000E70C22852244B240924441016FF08F844A
:101A2000930750022305F40093077002A5B7894677
:101A30008347F4006319D70213F7170011CF130778
:101A400050022305E400898B81CF93076002A30C29
:101A5000F400230D04009DB7930760022305F400F2
:101A600093077002EDB79DC313F7170001CB9307DF
:101A700050022305F400A30C0400E1BF898B81C749
:101A800093076002FDB793077002E5B7834794019F
:101A9000130740026365F7009307500201A885070A
:101AA00093F7F70F13077002E368F7FEA30CF40037
:101AB000834794012305F40069BFB9450545EF004C
:101AC000EED7035604022A9629B78547230AF40263
:101AD00025BF9757FC1F938727789C43832444098D
:101AE00082979757FC1F9387E7728387670163DDAF
:101AF0000700835744073385A440E37CF5F0B240E8
:101B00002244924441018280E3F5A4FEB707C0A8B5
:101B1000BE94C5B7011122CCFD5706CE230BF500AC
:101B20008357C5062A8485C78346E5068345850015
:101B30009307C003A30BF50001461305C003EF9004
:101B40009FBF22856244F24005616FF0CFF4834766
:101B5000E5000547BD8B6386E70083470506918B4B
:101B6000EDD39767FC1F9387679383A7070D93F7C0
:101B7000072085C302C402C202C0814801488147D0
:101B800001478146054681451305C003EF905FB8C4
:101B90004DBF02C081480148814701478146054643
:101BA00081451305C003EF909FB461BF9767FC1F89
:101BB00023A2A7A08280411106C69757FC1F83C7A6
:101BC000176089EB17D5FFFF1305E5E0EF00AE9C2A
:101BD000EFC03FF297D7FFFF9387A7171767FC1F48
:101BE0002320F79297F7FFFF938747491767FC1F5A
:101BF000232AF790B240970700009387C7CC176756
:101C0000FC1F2323F79097F7FFFF93878741176700
:101C1000FC1F232DF78E4101828041119767FC1F25
:101C20009387C78726C29754FC1F9384247C22C4C1
:101C300003A487089C4006C64AC098430D8B05C381
:101C4000B84B619BB8CB98431367870098C39C43FC
:101C50008D83858B89C70100010001000100975722
:101C6000FC1F93872776944337C7898E130767ED48
:101C700098C63757550013075755D8C20347A403D2
:101C80009306F00F3E896307D700FD57A30CE402CB
:101C9000230DF4020345940389476306F500854745
:101CA000A30CF402014598405C4393E717005CC322
:101CB000930720FB2303F4009757FC1F83C7D771BA
:101CC00081CF1757FC1F034727718D476316F70015
:101CD0009757FC1FA38207701757FC1F0347B76F66
:101CE000A1476318F700930780101757FC1F2315AF
:101CF000F76E9D471757FC1FA30FF76C01469757C8
:101D0000FC1F2387076C930550029757FC1F238302
:101D1000076CEF500FA090409757FC1FA38C076AE9
:101D20009757FC1FA386076A85471CC283270900B3
:101D3000B705330098431377F7E798C398431377B1
:101D4000F7E71367071098C31757FC1F1307C76EF1
:101D500018431447CD8E14C79306900D34CA5457B8
:101D6000F59A54D7034754009376F70798431377AF
:101D700007F8558F98C3B24022449244024941016A
:101D80008280411126C29754FC1F9384244322C4AD
:101D90002A8403C53400C14506C6EFF01DD803C52B
:101DA000340093050002EFF05DD79757FC1FA38422
:101DB00007622302040023130400B2402244924429
:101DC0004101828041119757FC1F9387276D22C4E0
:101DD00006C603A487089757FC1F83C7F75F81CF08
:101DE0001757FC1F0347475F8D476316F700975748
:101DF000FC1FA383075E1757FC1F0347D75D93079C
:101E0000A7FF93F7D70F91EB9757FC1F2386E75C4B
:101E100085471757FC1FA301F75CEF500FB42285CD
:101E2000EFF03FF613063002930500080145EF304E
:101E30006FCC034504049307F00F6307F500EFF040
:101E4000FDD2FD572300F404B240224441018280B8
:101E5000797122D406D683C735002E84231601005B
:101E6000A307F10083C74500100802C02307F10053
:101E700083C755008A8502C2A306F10002C402C8C6
:101E800002CA02CC02CEEF403FBD0347F1018347B7
:101E9000040001456310F7020347E1018347140082
:101EA00001456319F7000345D101834724001D8DC7
:101EB00013351500B2502254456182809757FC1F9C
:101EC0009387C75D83A7C70B91E382806384A700D4
:101ED000DC5FDDBF411122C406C68347A5002A840A
:101EE00089C79305C5006905A9248347240189CBC7
:101EF000930544011305A4022244B240410115ACEC
:101F0000B240224441018280AA862E86AA85170506
:101F100000001305C5006FF03DB19757FC1F938774
:101F2000E75703A7C70B411126C206C622C4BE84C9
:101F300011E7B24022449244410182806304A70029
:101F4000585FFDB78347A5002A8489C79305C5005C
:101F50006905C5228347240191C7930544011305F0
:101F6000A402C12A22852244CC58B24092444101A5
:101F70006FF09FF901114AC81759FC1F1309095244
:101F800022CC0324C90B26CA4EC652C456C206CE62
:101F9000AA84014A93094500854A631B040E9305F0
:101FA0004020130500049700FC1FE780E0582A84B6
:101FB0001D4571C483C73400194693854400130539
:101FC0004400A301F40097F0FB1FE78040F6938ADA
:101FD000A40141468145568597F0FB1FE780C0026A
:101FE00069ED9309A401D68541464E8597F0FB1F04
:101FF000E780C0FF85472305F4008347340093053D
:10200000C4004E8593E72700A305F4001D229384A6
:10201000A40241468145268597F0FB1FE780C0FE5C
:1020200045E19307A402A6853E854146BE8497F00C
:10203000FB1FE780A0FB85472309F400834734009A
:1020400093054401268593E72700A309F400D520D2
:10205000A3000400832549032285EFF0FFEA6314FF
:102060000A069757FC1F23A9874E232E0402834795
:10207000890B014585071757FC1F230DF74CF240CC
:102080006244D2444249B249224A924A056182805E
:102090000347340083C734006305F700228A405C9D
:1020A000EDBD4146CE851305440097F0FB1FE78048
:1020B00000F1E31555FF4945D9B72305040081BF59
:1020C0002309040071B7232E8A0245B7411197579F
:1020D000FC1F9387A73C22C403A4C70B26C206C6D5
:1020E0004AC0FD5419ECB24022449757FC1F23A567
:1020F00007469757FC1F238F07449244024941012A
:10210000828003450400EFF07DA60329C403230069
:10211000940022859700FC1FE780204F4A84D9B79E
:102120009757FC1F93878737238C070A23AE070A2C
:1021300079A8397122DC3704400026DA4ED6AE8405
:10214000AA899305E4FF054506DE4AD8EFF09DF322
:10215000498C131704014183218393178400135979
:102160000401D98F231601001379F90F10088A850D
:102170004E852317F100A306210102C002C202C44A
:1021800002C802CA02CC02CEEF401F8D8347E10194
:102190000347D101A3818400A2074207BA970347EE
:1021A000F101218023828400BA97F2506254238087
:1021B000F40013D78700C183A3822401A380E40025
:1021C0002381F4004259D254B25921618280011115
:1021D00019469755FC1F938585051755FC1F130558
:1021E000653906CE22CC26CA4AC891644EC697F0FD
:1021F000FB1FE780C0D39385F4FF0145EFF05DE658
:102200002A84FD550145EFF0FDE7A287FD147D59B5
:1022100033F79700B366E500F9C66314250163043C
:10222000970C1757FC1F230FF734A18393E707FC84
:10223000916941641757FC1F2324A7341757FC1FCB
:10224000A302F734FD191759FC1F130929257D1422
:10225000CE850145EFF0DDE0AA84FD550145EFF0A4
:102260007DE2B3679500EDD7FD576314F500E38178
:1022700034FF9757FC1F2398A73093570501175732
:10228000FC1F2303F730935785011757FC1FA30D3D
:10229000F72E9757FC1F238A972EA18093F4F403FF
:1022A0009757FC1FA383972E8317890D42054185FD
:1022B000618DE18F6312F5020317C90E8317A90D13
:1022C000618FE18F631AF7000317E90E8317C90DB9
:1022D000618FE18FE30EF7F6F2406244D244424947
:1022E000B24905618280A6850145EFF07DD72A8439
:1022F000FD550145EFF01DD9A28719BF09CE9307FF
:102300000002918F635AF000B397F5003355C50072
:10231000B3D5C5005D8D8280011633D5C5008145DA
:10232000828009CE93070002918F635AF000B35761
:10233000F500B395C5003315C500DD8D828001160B
:10234000B315C500014582803288AA882E87C5EE64
:1023500063F3C510C1676360F61AB7070001B337AE
:10236000F600B307F040E19BE1073353F6009756C0
:1023700000009386E62D9A9683C60600130300029A
:10238000B697B306F340630BF3003397D500B3570A
:10239000F5003318D6005D8FB318D5001356080129
:1023A0003355C70293160801C18293D708013377CA
:1023B000C702B385A6024207D98F63FAB700C29756
:1023C0001307F5FF63E4070163E1B7323A858D8FA8
:1023D00033D7C702C20893D80801B3F7C702B38640
:1023E000E602C207B3E8F80063FBD800C29893077F
:1023F000F7FF63E50801791763E3D8003E874205DC
:10240000598D8145828063F5D500814501458280E3
:10241000C16763EAF618B7070001B3B7F600B30760
:10242000F040E19BE10733D8F6001757000013078F
:102430002722429703470700930800023E973388FC
:10244000E8406397E81863E4B6283335C5001345C0
:1024500015008145828055C6C1676372F626133721
:102460000610134717000E07B356E60097570000F3
:102470009387071EB69783C7070093060002BA9793
:10248000B38EF640639FF608B387C54093560601A6
:1024900042064182854533D5D70213D70801B3F7E9
:1024A000D7023303C502C207D98F63FA6700C29708
:1024B0001307F5FF63E4070163E667223A85B387F4
:1024C000674033D7D702C20893D80801B3F7D702C1
:1024D0003306C702C207B3E8F80063FBC800C2981E
:1024E0009307F7FF63E50801791763E3C8003E87A8
:1024F0004205598D82809337061093C717008E07C7
:10250000ADB581469757000093878714B69783C768
:102510000700014793060002BA97B38EF640E385A1
:10252000F6F63318D60133D3F50093560801335E1F
:10253000D30213160801B395D5014182B357F500B4
:10254000CD8F13D70701B318D5013373D302B30569
:10255000C603420333676700637BB70042971305E6
:10256000FEFF636D0717637BB716791E42970D8FC9
:102570003355D702C207C1833377D7023303A6028C
:102580004207D98F63FB6700C2971307F5FF63E328
:10259000071563F167147915C29793150E01B38778
:1025A0006740C98DCDBD93B7061093C717008E073E
:1025B00033D8F600175700001307870942970347DF
:1025C0000700930800023E973388E840E38DE8E671
:1025D000335EE600B3960601336EDE00B3D8E50045
:1025E000935E0E01B3D7D80313130E01B395050103
:1025F000135303013357E5004D8F935607013316EC
:102600000601B3F8D803B305F302C208B3E6160116
:1026100063FBB600F2969388F7FF63E3C60D63F1A0
:10262000B60CF917F2968D8EB3D5D60342074183C7
:10263000B3F6D603B308B302C206558F637B170106
:1026400072979386F5FF6369C70963771709F915D0
:102650007297C207C16ECD8F9386FEFFB3F5D70088
:1026600013D30701F18E4182338ED5023307174110
:10267000B306D30293580E01B385C502B695C6952D
:102680003303C30263F3D500769393D605019A967C
:102690006363D7026305D7003E8581458280C166AA
:1026A000FD1633F7D5004207337EDE0033150501F2
:1026B0007297E373E5FE1385F7FF81458280B707C4
:1026C00000016377F60293560601414745B3814501
:1026D000054582803A85D1B5B685A5BF2A8E41BD14
:1026E000C68791B77915C297D9BB7915C297C5B17D
:1026F0009356860161479DBBAA8503A5818F1DA2C4
:10270000AA8503A5818F25A001476314E600014532
:102710008280B307E5000507B386E50083C707009D
:1027200083C6F6FFE383D7FE3385D7408280C5C1D9
:1027300083A7C5FF011122CC06CE1384C5FF63D346
:1027400007003E942AC6EF001043138781F11C4313
:10275000324589EB2322040000C36244F240056144
:102760006F00F041637DF4001040B306C40063962F
:10277000D7009443DC43B29614C05CC0F1BF3E87DF
:10278000DC4399C3E37DF4FE14433306D700631F93
:1027900086001040B29614C33306D700E39FC7FAF1
:1027A0009043DC43B29614C35CC345BF6375C40059
:1027B000B1471CC15DB71040B306C4006396D70093
:1027C0009443DC43B29614C05CC040C379B78280A6
:1027D00041114AC0138941F18327090022C426C24E
:1027E00006C6AA842E8489E7814551262320A900A4
:1027F000A2852685AD2E7D59631A25017D54B240F0
:10280000228522449244024941018280130435000A
:102810007198E30685FEB305A4402685892EE31052
:1028200025FFE9BF011126CA93843500F1984AC8F3
:1028300006CE22CC4EC6A104B1472A8963F6F4061F
:10284000B14463E5B4064A85EF00F032938981F123
:1028500083A709003E8435E4A6854A85EFF05FF73B
:10286000FD572A846317F50C03A40900A287C5EB62
:102870008329040081454A85A299D52C6394A90A2D
:102880001C408D049D8CF198A104B14763F3F400C2
:10289000B144A6854A85EFF0BFF3FD576304F50800
:1028A0001C40A6971CC03DA8E3DD04F8B1472320D7
:1028B000F9000145F2406244D2444249B2490561FF
:1028C00082801440858E63C906042D47637ED7023B
:1028D00004C0330794006397870223A0E9005C409B
:1028E00014C35CC34A85EF0090291305B400930715
:1028F000440061993307F540E30EF5FA3A94898F65
:102900001CC04DBFD8C3E1BF58406395870023A0CA
:10291000E900C9BFD8C3F9B7A28740402DBF3E84A4
:10292000DC43B1B7B1472320F9004A85EF003025D9
:1029300049B704C145BF5D7122D406D62A842EDA78
:1029400032DC36DEBAC0BEC2C2C4C6C603A5818FA1
:1029500019C51C4D89E72AC6EF00807832450C4521
:102960005418228636CEEF104018B25022546161BE
:102970008280011126CA06CE22CC4AC84EC652C455
:10298000AA8419E11C4502901C4D2E89BDE7EF0079
:1029900020759C4C8044A5C797570000938747DF5C
:1029A0006312F406C0407C50858B89EB8357C400CA
:1029B00093F7072081E7284CEF00700B8357C40082
:1029C000A18B99C31C48CDE7A285268541264DC120
:1029D000FD547C50858B89EB8357C40093F7072007
:1029E00081E7284CEF00D008F24062444249B249E6
:1029F000224A2685D24405618280004571BF268522
:102A0000C52559BF97570000938787D66314F400F4
:102A1000804451BF97570000938787D3E315F4F89C
:102A2000C04451B71CC4050963C907021C40138781
:102A3000170018C02380B7001C4483450900FD1708
:102A4000F5F11CC463D907022286A94526853D2CD1
:102A5000FD57E30FF5F6A944ADBF184C63C4E7007A
:102A6000E39645FD228626851524E31735FD8DB7AF
:102A7000FD59294AD1B71C401387170018C02947B0
:102A80002380E700C9BFAA8503A5818F6FF07FEE81
:102A9000411126C283A4818F9C5C22C406C62A846D
:102AA0009DEB6145EFF05FC5B737CDAB88DC938711
:102AB000E7301CC1B7176DE6938747235CC1B7E7C2
:102AC00005009387C7EE1CC5AD472316F5000547E3
:102AD000814718C95CC99C5CB240924480CB2244B7
:102AE00023AA070041018280411122C403A4818FDF
:102AF0001C5C06C69DEB6145EFF01FC0B737CDAB40
:102B000008DC9387E7301CC1B7176DE6938747232E
:102B10005CC1B7E705009387C7EE1CC5AD47231618
:102B2000F5000547814718C95CC90C5CB786954C10
:102B300037F651589849DC499386D6F21306D642A7
:102B40003306C702B2402244B387D7023305D70207
:102B5000B2973337D702BA97130715003335A7005A
:102B60003E95C8C998C90605058141018280411179
:102B700022C42A842E8523A401F206C6EF101DC7A5
:102B8000FD576316F50083A781F291C31CC0B240C4
:102B9000224441018280AA8703C705008507850575
:102BA000A38FE7FE75FB8280AA8703C7070085070E
:102BB0006DFF3385A7407D158280AA8709CA03C7A8
:102BC000050085058507A38FE7FE7D1665FB3E960C
:102BD0006393C70082808507A38F07FED5BF197155
:102BE000A2DCA6DA86DECAD8AA843284635C060038
:102BF0009307B0081CC17D55F6506654D65446590B
:102C00000961828093078020231AF1002EC42ECC04
:102C100036868147BA8619C09307F4FF7D592C0088
:102C200026853EC83ECE231B2101EF00900463554C
:102C300025019307B0089CC061D0A24723800700FC
:102C400065BF3687B2862E86AA8503A5818F6FF071
:102C50001FF9B70700801971FD173ECE3EC8C17736
:102C60002EC42ECC938787202C0086DE3ECAEF0030
:102C70005000A24723800700F65009618280B28687
:102C80002E86AA8503A5818F6FF0BFFC011122CC8F
:102C900026CA4AC806CE4EC6AA842E89328401C5E9
:102CA0001C4D91E3352997570000938767AE631851
:102CB000F402C0401C4C1CC48357C400A18B99C3B0
:102CC0001C4895EFA2852685512015C97D59F240F3
:102CD0006244D244B2494A8542490561828097578D
:102CE00000009387E7A86314F4008044E1B7975786
:102CF00000009387E7A5E31FF4FAC04465BF1C48B2
:102D000008409379F90F1379F90F1D8D5C486346DC
:102D1000F500A2852685B52455F91C440505FD1747
:102D20001CC41C401387170018C0238037015C485F
:102D30006389A7008357C400858BD1DBA947E318BB
:102D4000F9F8A2852685352C59D149B7411122C4FD
:102D500026C24AC006C683A4818F2A892E8489C4CC
:102D60009C4C99E32685AD2E97570000938747A288
:102D70006314F402C0408317C40013F7870035EBD7
:102D800013F7070115EB25472320E90093E7070414
:102D90002316F4007D5561A8975700009387479D3F
:102DA0006314F4008044C1BF975700009387479A8B
:102DB000E313F4FCC044C1B7918B95C74C5891C93B
:102DC000930744046385F5004A85EFF05F96232A54
:102DD00004028357C4002322040093F7B7FD23168F
:102DE000F4001C481CC08357C40093E787002316D7
:102DF000F4001C4881EF8357C4001307002093F7A9
:102E000007286385E700A2854A85D1218317C4007E
:102E100013F717001DC35848232404003307E0406C
:102E200018CC1848014501E713F7070825F3B2400D
:102E30002244924402494101828013F727008146CF
:102E400011E3544814C4F1BF8397C500011122CC8B
:102E500026CA06CE4AC84EC613F78700AA842E8417
:102E600071E7D8416345E000B8416359E008585420
:102E700051C7B18303A90400858B23A004000C5023
:102E8000A1CF70488357C400918B99C75C401D8EB9
:102E90005C5899C33C401D8E5C540C50814626857D
:102EA0008297FD57630EF5041C4805672322040032
:102EB0001CC08357C400F98F91C368C84C5823A025
:102EC00024018DCD930744046385F5002685EFF03A
:102ED0001F86232A04021DA00146854626850297E7
:102EE000FD572A86E310F5FA9C40C9DF75476385D4
:102EF000E70059476395E70623A024010145BDA0DB
:102F000098408317C40001CFF5466305D700D94622
:102F10006319D7041C48232204001CC045B7184875
:102F2000B1832322040018C0858B79B783A90501DA
:102F3000E38609FC03A905008D8B23A03501330925
:102F40003941014791E3D84918C4E35920FB1C5487
:102F50000C50CA864E86268582976340A00283174E
:102F6000C40093E707042316F4007D55F240624441
:102F7000D2444249B24905618280AA993309A940E5
:102F8000E9B79C49411106C622C426C281EB81449F
:102F9000B24022442685924441018280AA842E8434
:102FA00001C51C4D91E32D2A974700009387477E6A
:102FB000631EF402C0408317C400F1DB7850058B18
:102FC00011E793F7072099E3284C55242685A2851D
:102FD000EFF09FE77C50AA84858BDDFB8357C4000C
:102FE00093F70720D5F7284C61245DB79747000079
:102FF000938707786314F400804475BF97470000F7
:1030000093870775E319F4FAC04475B7411122C4D8
:1030100006C62A842316B5002317C5002320050001
:10302000232205002324050023220506232805006A
:10303000232A0500232C0500214681451305C505DB
:10304000EF00BD9097170000938727D85CD09717A3
:103050000000938787DA1CD4971700009387C7DE98
:103060005CD497170000938787E1B24000D01CD84A
:10307000224441018280970500009385C5F051A24A
:10308000411126C2930780069384F5FFB384F402AE
:103090004AC02E8922C406C693854407EFF08FF8F4
:1030A0002A8401CD2320050023222501310508C4EF
:1030B000138684068145EF005D89B2402285224453
:1030C0009244024941018280138501F24DA2138589
:1030D00001F279AA138541F259AA138541F249AA4E
:1030E000411122C406C62A84EFF0DFFE1C4C91C7B2
:1030F0002244B24041016FF05FFE970700009387C2
:10310000C7F71CD42324040423260404232804041E
:1031100083A701996394870085471CCC22851528D5
:1031200048C022853D2008C42285252048C4484047
:1031300001469145EFF09FED08440546A545EFF0A7
:10314000FFEC48440946C945EFF05FEC85471CCCCD
:1031500045B7411126C24AC006C622C42A89EFF0EB
:10316000BFF683A401999C4C81E72685EFF05FF7B9
:10317000938484048044DC40FD1763D607009C40A0
:10318000A5C78440C5BF0317C40021EFC1778507D9
:103190005CC41305840523220406C928EFF03FF31D
:1031A0002146232004002324040023220400232892
:1031B0000400232A0400232C040081451305C405C0
:1031C000EF00ADF8232A0402232C04022324040474
:1031D00023260404B240228522449244024941013C
:1031E00082801304840649BF91454A85EFF05FE968
:1031F00088C02A8459F5EFF09FEDB1472320F900EC
:10320000D1BF797122D44AD04ECE52CC5AC85EC6B4
:1032100006D626D256CA2A892E8A130485048149E5
:10322000054BFD5B0444832A4400FD1A63D00A0267
:1032300000406DF8B250225492540259624AD24A68
:10324000424BB24B4E85F2494561828083D7C40020
:10325000637BFB008397E40063877701A6854A853B
:10326000029AB3E9A90093848406C1B78280828060
:1032700082805971A2D42E848395E500A6D2CAD04B
:1032800086D6B284368963D305028357C40093F788
:10329000070895EB13070040B65026542320F90089
:1032A00098C0065996540145656182803000EF0050
:1032B0003042E34C05FC3247BD67F98F7977BA9706
:1032C00093B71700C1BF814713070004F1B783D735
:1032D000C500797122D406D626D24AD04ECE898B2B
:1032E0002E8491CF930774041CC01CC885475CC80A
:1032F000B250225492540259F249456182807400BE
:103300003000AA84EFF0FFF6A2492A892685CE85EF
:10331000EFF04FD101ED8317C40013F7072069FBCD
:10332000F19B93E727002316F4006DBF9707000079
:103330009387A7D49CD48357C40008C008C893E7D8
:1033400007082316F400B247232A340191CF8315CE
:10335000E4002685EF00503A01C98357C400F19B71
:1033600093E717002316F4008357C40033E52701C1
:103370002316A400B5BF1385C1F16FF05FEF13856D
:10338000C1F16FF0FFEE01114AC803A9850022CCFC
:103390004EC656C25AC006CE26CA52C483AA0500DB
:1033A0002E84328BB68963E926078397C50013F70D
:1033B00007482DC358488D448C49B384E40209471B
:1033C000B38ABA402A8AB3C4E40213871600569718
:1033D00063F3E400BA8493F70740BDC7A68552851E
:1033E000EFF04FC42A893DC90C485686EF002DD214
:1033F0008357C40093F7F7B793E707082316F40041
:103400002328240144C85699B3845441232024011D
:1034100004C44E8963F329014E8908404A86DA853F
:10342000EF004DD01C440145B38727411CC41C400C
:10343000CA971CC0F2406244D2444249B249224A6F
:10344000924A024B0561828026865285EF007031D8
:103450002A895DF50C485285EFF06FADB147232006
:10346000FA008357C4007D5593E707042316F40040
:10347000D1B783D7C500357122CD26CB4AC952C5F5
:1034800006CF4EC756C35AC1DEDEE2DCE6DA93F75A
:1034900007082A8A2E89B2843684A9C39C499DEFE5
:1034A00093050004EFF00FB82320A9002328A900FA
:1034B00015E1B1472320FA007D55FA406A44DA4409
:1034C0004A49BA492A4A9A4A0A4BF65B665CD65C74
:1034D0000D61828093070004232AF90093070002FC
:1034E000A304F1029307000302D22305F10222C6CE
:1034F000930B5002974A0000938A8A2B054C294B64
:1035000026848347040099C3639D7709B30C9440D4
:10351000630E9400E6862686CA855285EFF0BFE6E4
:10352000FD576301F51A9257E6973ED28347040090
:10353000638A0718FD579304140002C802CE3ECADE
:1035400002CCA309010482D483C504001546568524
:10355000EF00901FC2471384140031E513F70701F1
:1035600009C713070002A309E10413F7870009C77D
:103570001307B002A309E10483C604001307A002E5
:10358000638BE602F2472684814625460347040002
:1035900093051400130707FD6375E6068DC63ECE3E
:1035A0001DA00504B9BF330555413315AC00C98FC3
:1035B0003EC8A28451BF324793064700184336C61F
:1035C000634A07023ACE034704009307E002631EF2
:1035D000F704034714009307A002631AF702B247E7
:1035E0000904138747009C433AC663D30700FD577D
:1035F0003ECA25A83307E04093E727003ACE3EC8ED
:10360000D9B7B38767032E848546BA9741B70504B7
:1036100002CA8146814725460347040093051400EA
:10362000130707FD6376E606E1F6834504000D46C1
:103630001745000013054518EF00101111CD9747ED
:103640000000938767171D8DC247130700043317C7
:10365000A700D98F05043EC88345040019461745C5
:1036600000001305A515930414002304B102EF0014
:10367000B00D2DC19307000095E74247B24713777D
:10368000071009CF91073EC69257CE973ED28DBD07
:10369000B38767032E848546BA97BDBF9D07E19B1C
:1036A000A107D5B7780097060000938606CE4A8614
:1036B0000C08528597000000E7000000FD57AA891A
:1036C000E314F5FC8357C90093F70704E39607DE7C
:1036D0001255E5B3780097060000938606CB4A861C
:1036E0000C085285112AD9BF797156CA9C49BA8AE9
:1036F000984522D44AD04ECE52CC06D626D25AC8AD
:103700005EC6AA892E843289368A63D3E700BA87D7
:103710002320F9000347340401C785072320F9005B
:103720001C4093F7070291C78327090089072320CC
:10373000F9000440998891E8130B9401FD5B5C4407
:1037400003270900998F63CCF40483473404B3360C
:10375000F0001C4093F70702A5EB13063404D28552
:103760004E85829AFD576303F5041C40114781443E
:10377000998B6399E7004444832709009D8C63D3A8
:10378000040081441C4418486354F700998FBE9488
:10379000014969047D5B63982405014509A88546B4
:1037A0005A86D2854E85829A631E75017D55B25028
:1037B000225492540259F249624AD24A424BB24BC5
:1037C000456182808504A5BF3307D400130600033A
:1037D000A301C7040347540493871600A2978906E0
:1037E000A381E7049DBF85462286D2854E85829AB5
:1037F000E30E65FB050945B7797122D44AD04ECE58
:1038000052CC06D626D256CA5AC803C88501930799
:1038100080072A892E84B289368A63E207039307D8
:1038200020069386350463E107036301081E9307AE
:103830008005174600001306E6F8630BF81493049E
:1038400024042301040515A89307D8F993F7F70F6B
:103850005546E366F6FE17460000130626F98A076A
:10386000B2979C43B29782871C4393842504938626
:1038700047009C4314C32381F50485474DAA90411A
:103880001C43137506089385470039C19C430CC33C
:10389000584063D307149305D002A301B40418C49D
:1038A00063500704B307F04017460000130686F183
:1038B0002948B68433F70703FD14329703470700FE
:1038C0002380E4003E87B3D70703E37507FF8DA08D
:1038D0009C43137506040CC345DDC207C1874DBF69
:1038E0006D9A10C0C1B790411C43137506089385AB
:1038F000470001C50CC39C4339A0137606040CC3D2
:103900007DDA83D707001307F00617460000130679
:1039100066EB6311E80C2148A3010404584018C465
:10392000E34907F80C40ED990CC0C1F7B68451F398
:10393000A147631EF8001C40858B91CB58401C4862
:1039400063C7E70093070003A38FF4FEFD14858E81
:1039500014C85287CE867000A2854A85EFF0DFD862
:10396000FD5A631A550D7D55B25022549254025996
:10397000F249624AD24A424B456182809C4193E7B8
:1039800007029CC113088007174600001306C6E40F
:10399000A30204050C401C4313F8050813854700D7
:1039A0006305080008C39C4301A813F8050408C375
:1039B000E30B08FE83D7070013F7150001C793E553
:1039C00005020CC099C3414881BF18401377F7FD29
:1039D00018C0D5BF294889B717460000130686DEF0
:1039E00029482DBF90411C43CC4913780608138504
:1039F00047006306080008C39C438CC301A808C3A2
:103A0000137606049C4375DA2390B700232804003C
:103A1000B68481B71C43D04181459386470014C3C7
:103A200084432685152319C1058D48C05C401CC8F8
:103A3000A301040439BF14482686CE854A85029A1C
:103A4000E30355F31C40898B8DE7B2474844E35D9F
:103A5000F5F03E8511BF85465686CE854A85029A89
:103A6000E30365F185045C443247998FE3C5F4FEB6
:103A7000E9BF8144930A94017D5BF5B71C46FD17AD
:103A80001CC663DA0700184E63C5E700A9476394B4
:103A9000F5006FF0AF9F1C422E851387170018C2E8
:103AA0002380B7008280011122CC26CA4AC84EC6A4
:103AB00052C406CE2A89AE893284B304D6007D5A18
:103AC00063149400014511A8834504004E864A857D
:103AD000EFF0DFFA0504E31545FFF2406244D244FB
:103AE0004249B249224A05618280357122CD26CBF6
:103AF0004AC94EC706CF52C556C35AC1DEDEE2DC04
:103B0000E6DAAA892E843289B68409C51C4D99E368
:103B1000EFF00FDD97470000938787C7631BF4041E
:103B200003A449007C50858B89EB8357C40093F72D
:103B3000072081E7284CEFF08FF38357C400A18B57
:103B400099C31C48B5E3A2854E85EFF02FA029CD7F
:103B50007C50858BA9C37D55FA406A44DA444A49B2
:103B6000BA492A4A9A4A0A4BF65B665CD65C0D61F2
:103B70008280974700009387A7BF6315F40003A4D2
:103B800089004DB797470000938787BCE31CF4F882
:103B900003A4C90041BF8357C40093F70720C5FFA2
:103BA000284CEFF0EFEC45BF93070002A304F102AD
:103BB0009307000302D22305F10226C6930B50029D
:103BC000974A0000938ACABE054C294BCA8483C712
:103BD000040099C3639C7709B38C2441638E24014C
:103BE000E6864A86A2854E85EFF0FFEBFD57630E11
:103BF000F5189257E6973ED283C7040063870718EB
:103C0000FD571389140002C802CE3ECA02CCA30994
:103C1000010482D483450900154656853526C247DE
:103C20009304190031E513F7070109C713070002D0
:103C3000A309E10413F7870009C71307B002A3091A
:103C4000E104834609001307A002638BE602F247F2
:103C5000CA848146254603C70400938514001307D0
:103C600007FD6375E6068DC63ECE1DA0850485B7AB
:103C7000330555413315AC00C98F3EC8268959BF5D
:103C8000324793064700184336C6634A07023ACEC6
:103C900003C704009307E002631EF70403C7140080
:103CA0009307A002631AF702B247890413874700FB
:103CB0009C433AC663D30700FD573ECA25A8330785
:103CC000E04093E727003ACE3EC8D9B7B3876703F1
:103CD000AE848546BA9741B7850402CA81468147BA
:103CE000254603C7040093851400130707FD63747A
:103CF000E606E1F683C504000D46174500001305EE
:103D0000A5AB992411CD974700009387E7AA1D8D95
:103D1000C247130700043317A700D98F85043EC894
:103D200083C50400194617450000130525A913890A
:103D300014002304B102092C25CD9307000095E758
:103D40004247B2471377071009CF91073EC69257F3
:103D5000D2973ED2A5BDB3876703AE848546BA9796
:103D600049B79D07E19BA107D5B7780097060000EA
:103D70009386A6D322860C084E8597000000E700A4
:103D80000000FD572A8AE314F5FC7C50858B89EBF3
:103D90008357C40093F7072081E7284CEFF04FCDFD
:103DA0008357C40093F70704E39707DA12556DB3FE
:103DB000780097060000938646CF22860C084E8531
:103DC000EFF09FA37DBF411122C42E848395E500AF
:103DD00006C63124634905007C48AA977CC8B240D6
:103DE0002244410182808357C4007D777D17F98F7B
:103DF0002316F400EDB783D7C500011122CC26CAE3
:103E00004AC84EC606CE93F70710AA842E8432897C
:103E1000B68991C78395E5008946014609228357F3
:103E2000C4007D777D17F98F8315E4002316F40015
:103E30006244F240CE864A86B24942492685D2443F
:103E400005613DA8411122C42E848395E50006C674
:103E5000F9207D578357C400631BE5007D777D17EC
:103E6000F98F2316F400B240224441018280056795
:103E7000D98F2316F40068C8FDB78395E50035A0F7
:103E8000411122C42A842E85B285368623A401F2EC
:103E900006C6D922FD576316F50083A781F291C3A8
:103EA0001CC0B240224441018280411122C42A84B4
:103EB0002E8523A401F206C69522FD576316F50050
:103EC00083A781F291C31CC0B24022444101828089
:103ED000411122C42A842E85B28523A401F206C68C
:103EE000A122FD576316F50083A781F291C31CC080
:103EF000B240224441018280411122C42A842E858D
:103F000023A401F206C63D22FD576316F50083A7E0
:103F100081F291C31CC0B240224441018280411110
:103F200022C42A842E85B285368623A401F206C6D1
:103F3000012AFD576316F50083A781F291C31CC0C7
:103F4000B24022444101828093F5F50F2A96631412
:103F5000C5000145828083470500E38DB7FE050556
:103F6000FDB7011122CC06CE26CA4AC84EC652C49D
:103F7000328499E96244F240D2444249B249224A29
:103F8000B28505616FE01F8A09EEEFE04FFA8144C8
:103F9000F24062444249B249224A2685D244056130
:103FA00082802A8AAE848D202A8963668500935791
:103FB0001500E3EF87FCA2855285EFE0BF86AA8952
:103FC00079D52286637389004A86A6854E85EFF0EF
:103FD0001C94A6855285EFE08FF5CE8455BF411124
:103FE00022C42A842E85B285368623A401F206C611
:103FF000B128FD576316F50083A781F291C31CC059
:10400000B24022444101828083A7C5FF1385C7FFC8
:1040100063D50700AA959C413E9582809307800551
:1040200023A4F1F27D5582809307800523A4F1F249
:104030007D5582809307800523A4F1F2014582809B
:104040009307800523A4F1F27D55828093078005B4
:1040500023A4F1F27D5582809307800523A4F1F219
:104060007D558280700000000000000A0000000002
:104070000000000000000000008002021F0000009D
:104080002020202020202020202020202020202030
:10409000202020202020202020202020002600007A
:1040A00000000000081200000000000000000000F6
:1040B00000000000000000000000010000000000FF
:1040C00078000300020008000300020014001E0034
:1040D00001000F0002000000B400F0000A00000020
:1040E0000000000001000000530080A3040050BD48
:1040F0000100A861000001000000803801000000FC
:104100004D50523132312D4552520000F401FA0027
:10411000960064004B0032001E0014003002FDFFC8
:104120005402FDFF7802FDFF8E02FDFFA802FDFF95
:10413000BA02FDFFDE02FDFF0203FDFF1803FDFFD3
:104140003203FDFF700AFDFF900AFDFFB00AFDFF7C
:10415000D00AFDFFF00AFDFF100BFDFF300BFDFF45
:10416000FE006578706572696D656E74616C000043
:104170004D616E756661637475726572204E616D16
:1041800065000000536F6674776172652052657632
:104190006973696F6E0000004861726477617265CF
:1041A000205265766973696F6E0000004669726D12
:1041B00077617265205265766973696F6E000000E1
:1041C00053657269616C204E756D62657200000006
:1041D0004D6F64656C204E756D6265720000000065
:1041E000426F6E64204F4B0005010902A101850159
:1041F0000901A1000509190129031500250175010F
:104200009508810205010930093109381581257F9A
:10421000750895038106C0C0050C0901A10185023E
:10422000150026FF1F19002AFF1F75109501810038
:10423000C00501090EA1018503050D0921A1000595
:104240000909019501750115002501810205010982
:10425000379501750F550F651436F0F146100E169F
:10426000F0F126100E8106C0C005010906A10185E6
:1042700004050719E029E715002501750195088156
:104280000295017508810195057501050819012937
:104290000591029501750391019506750815002594
:1042A000650507190029658100C0000046415433A7
:1042B0003220202000000000222A3A3C3E3F7C7F32
:1042C000000000002B2C3B3D5B5D0000EBFE904DA1
:1042D00053444F53352E30004E4F204E414D452014
:1042E0002020204641543332202020004E4F204EC3
:1042F000414D4520202020464154202020202000F0
:104300000100040010004000000100020000000055
:10431000010002000400080010002000000000005E
:104320000700000000000000000000000000000086
:1043300001030507090E10121416181C1E000000B8
:10434000303AFDFF3E3AFDFF4C3AFDFF503AFDFF8B
:10435000543AFDFF5A3AFDFF5E3AFDFF623AFDFF17
:10436000683AFDFF7D1D0100632C001E9601A01E12
:104370005A01001F0806101F0606201F0806301FDE
:104380000806401F0606511F0700591F521F5B1FDA
:10439000541F5D1F561F5F1F601F0806701F0E0011
:1043A000BA1FBB1FC81FC91FCA1FCB1FDA1FDB1FC5
:1043B000F81FF91FEA1FEB1FFA1FFB1F801F0806DB
:1043C000901F0806A01F0806B01F0400B81FB91FE1
:1043D000B21FBC1FCC1F0100C31FD01F0206E01F6D
:1043E0000206E51F0100EC1FF31F0100FC1F4E2118
:1043F0000100322170211002842101008321D02488
:104400001A05302C2F04602C0201672C0601752C34
:104410000201802C6401002D260841FF1A030000D0
:1044200061001A03E0001703F8000703FF00010012
:1044300078010001300132010601390110014A0101
:104440002E017901060180014D00430281018201A4
:1044500082018401840186018701870189018A0123
:104460008B018B018D018E018F01900191019101D2
:1044700093019401F60196019701980198013D027C
:104480009B019C019D0120029F01A001A001A201AE
:10449000A201A401A401A601A701A701A901AA01E3
:1044A000AB01AC01AC01AE01AF01AF01B101B20192
:1044B000B301B301B501B501B701B801B801BA0143
:1044C000BB01BC01BC01BE01F701C001C101C201B9
:1044D000C301C401C501C401C701C801C701CA01A4
:1044E000CB01CA01CD011001DD0101008E01DE0109
:1044F0001201F3010300F101F401F401F8012801B4
:10450000220212013A020900652C3B023B023D02E5
:10451000662C3F0240024102410246020A01530258
:10452000400081018601550289018A0158028F01EC
:104530005A0290015C025D025E025F029301610219
:1045400062029401640265026602670297019601A5
:104550006A02622C6C026D026E029C017002710292
:104560009D01730274029F0176027702780279023C
:104570007A027B027C02642C7E027F02A601810209
:104580008202A9018402850286028702AE014402EA
:10459000B101B20145028D028E028F02900291029A
:1045A000B7017B030300FD03FE03FF03AC0304001C
:1045B0008603880389038A03B1031103C20302003F
:1045C000A303A303C4030803CC0303008C038E03DB
:1045D0008F03D8031801F2030A00F903F303F4036D
:1045E000F503F603F703F703F903FA03FA033004BC
:1045F000200350041007600422018A043601C1041C
:104600000E01CF040100C004D0044401610526045A
:10461000000000001B5B33326D5B492F5553425D38
:10462000200000004F70656E20656E64706F696ECB
:10463000743A3078257820747970653A2575206D44
:1046400070733A25750D0A001B5B306D0000000089
:1046500053657475703A20626D5265717565737437
:1046600054797065203078253032782C206252657C
:104670007175657374203078253032782C20775628
:10468000616C7565203078253034782C2077496E40
:10469000646578203078253034782C20774C656E2E
:1046A000677468203078253034780D0A00000000E7
:1046B00072656164204D53204F5320322E302064A8
:1046C000657363726970746F7220737472696E6758
:1046D0000D0000007265616420424F5320646573D1
:1046E00063726970746F7220737472696E670D0003
:1046F0007265616420686964207265706F727420ED
:1047000064657363726970746F720D00436C6F73CC
:104710006520656E64706F696E743A307825782014
:10472000747970653A25750D0A0000001B5B333102
:104730006D5B452F5553425D2000000065703A25A2
:1047400030327820636C6561722068616C740D0A88
:104750000000000065703A253032782073657420BF
:1047600068616C740D0A00001B5B33336D5B572F5F
:104770005553425D2000000049676E6F72652064EA
:104780006576696365207175616C69747920696EFD
:104790002066756C6C2073706565640D0000000008
:1047A0007374616E6461726420726571756573748F
:1047B000206572726F720D00636C61737320726595
:1047C0007175657374206572726F720D0000000060
:1047D00067657420436F6D7061742049440D00005B
:1047E00067657420436F6D70617420696420707216
:1047F0006F706572746965730D000000756E6B6E85
:104800006F776E2076656E646F7220636F64650DDE
:1048100000000000474554204D53204F5320322EB6
:10482000302044657363726970746F720D0000000C
:1048300076656E646F72207265717565737420653C
:1048400072726F720D000000646573637269707438
:104850006F72203C747970653A25782C696E6465B6
:10486000783A25783E206E6F7420666F756E6421ED
:104870000D0A00002439FDFFD236FDFF4238FDFF4E
:10488000D236FDFF4238FDFFE836FDFFF236FDFF70
:104890004238FDFFC837FDFFD237FDFF5265717505
:1048A0006573742062756666657220746F6F20731D
:1048B0006D616C6C0D000000556E68616E646C6516
:1048C00064204D534320436C6173732062526571C1
:1048D00075657374203078253032780D0A00000039
:1048E00073697A6520213D2073697A656F66286354
:1048F0006277290D000000004C4241206F75742042
:104900006F662072616E67650D00000073637369E6
:104910005F626C6B5F6C656E20646F6573206E6F99
:1049200074206D61746368207769746820644461E1
:1049300074614C656E6774680D000000756E737568
:1049400070706F7274656420636D643A30782530DE
:1049500032780D0A00000000436F6D6D616E643A9D
:10496000307825303278206465636F646520657225
:10497000720D0A00BA41FDFFA641FDFFCE3FFDFFCB
:10498000CE3FFDFFA641FDFFCE3FFDFFCE3FFDFF29
:10499000CE3FFDFFCE3FFDFFE441FDFFCE3FFDFFDB
:1049A0002842FDFFCE3FFDFFCE3FFDFF6242FDFFEF
:1049B000CE3FFDFF5643FDFFCE3FFDFFCE3FFDFF47
:1049C000CE3FFDFFCE3FFDFF3441FDFF6D73632001
:1049D000626C6F636B20627566666572206F7665C8
:1049E00072666C6F770D0000556E68616E646C6561
:1049F000642048494420436C61737320625265719E
:104A000075657374203078253032780D0A00000007
:104A1000DC44FDFFFE44FDFF1245FDFF4845FDFF60
:104A20004845FDFF4845FDFF4845FDFF4845FDFF62
:104A30001C45FDFF3045FDFF3E45FDFF45702061F3
:104A4000646472202564206F766572666C6F770DE2
:104A50000A000000506173736B65793D3F000000F0
:104A6000545037387632000000000000000000008B
:104A70000000000000000000303A0000303A72658B
:104A800061646D652E74787400000000303A6B65C7
:104A900079626F6172645F6366672E747874000078
:104AA000303A6B6579626F6172645F73706B6579C0
:104AB0002E747874000000002D2D2D54503738E6E8
:104AC00094B9E994AEE8AFB4E6988E2D2D2D0AE6A0
:104AD00094B9E994AEE5908EE99C80E8A681E987D7
:104AE0008DE590AFE994AEE79B98E7949FE69588B3
:104AF00028466E2B52290A2D2D2DE69687E4BBB64B
:104B0000E79BAEE5BD95E8AFB4E6988E28E695B094
:104B1000E5AD97E59D87E4B8BAE58D81E8BF9BE5F3
:104B200088B6292D2D2D0A6B6579626F6172645FDD
:104B30006366672E7478742D2D2DE5AD98E694BECE
:104B4000E994AEE79B98E9858DE7BDAE28E6AF8F87
:104B5000E8A18CE4B880E4B8AAE9858DE7BDAE2968
:104B60000A4C494E45313AE9BB98E8AEA4E8939D1A
:104B7000E78999E8AEBEE5A48728307E33290A4C40
:104B8000494E45323AE9BB98E8AEA44C4544E6A804
:104B9000A1E5BC8F28307E35290A4C494E45333A71
:104BA000E5B7A5E4BD9CE6A8A1E5BC8F28302D554E
:104BB00053422C312D424C452C322D52462C332D54
:104BC00055534226424C45290A4C494E45343AE653
:104BD00098AFE590A6E590AFE58AA855E79B9828A1
:104BE000E4BB85E4B88BE6ACA1E7949FE695882901
:104BF0000A4C494E45353A4D50525F616C675F6DC6
:104C0000616769630A4C494E45363A4D50525F63BD
:104C100061706D6F7573655F746F755F7468720A2C
:104C20004C494E45373A4D50525F6361706D6F7518
:104C300073655F72656C5F7468720A4C494E4538E3
:104C40003A4D50525F6361706D6F7573655F6D6F44
:104C500076655F73706565640A4C494E45393A4D17
:104C600050525F746F7563686261725F746F755FD5
:104C70007468720A4C494E4531303A4D50525F7457
:104C80006F7563686261725F72656C5F7468720AE7
:104C90004C494E4531313A4D50525F646F75626CEC
:104CA000655F746F7563685F636E740A4C494E4547
:104CB00031323A4D50525F6C6F6E675F746F75633F
:104CC000685F636E740A4C494E4531333AE5B08FE4
:104CD000E7BAA2E782B9E5878FE9809FE7B3BBE631
:104CE00095B028317E39290A4C494E4531343AE491
:104CF000BAAEE5BAA628317E323535290A4C494E7E
:104D00004531353A5246E9A291E6AEB5E68CA1E4CA
:104D1000BD8D28307E39290A4C494E4531363AE658
:104D200098AFE590A6E4BDBFE883BDE8A7A6E691ED
:104D3000B8E69DA1E8A7A6E58F91E9BCA0E6A0870B
:104D4000E68C89E994AE28307E31290A4C494E45DB
:104D500031373AE8BF9BE585A5E5B18FE4BF9DE615
:104D600097B6E997B42F7328317E36353533362917
:104D70000A4C494E4531383AE8BF9BE585A5E4BC6D
:104D800091E79CA0E697B6E997B42F7328317E3659
:104D900035353336290A4C494E4531393A5246E6C3
:104DA000A8A1E5BC8FE4B88BE9878DE4BCA0E6A39D
:104DB00080E69FA5E997B4E99A942F6D7328317E18
:104DC000323535290A4C494E4532303AE698AFE53E
:104DD00090A6E4BDBFE883BDE68CAFE58AA8283085
:104DE0007E31290A4C494E4532313AE887AAE58A94
:104DF000A8E9BCA0E6A087E994AEE591A8E69C9F4F
:104E000028E58D95E4BD8D32356D73290A4C494EE8
:104E10004532323AE5BD93E5898DE7B3BBE7BB9FE9
:104E2000E98089E68BA928302D57696E2F4C696E71
:104E300075787E312F4D6163290A4C494E453233D6
:104E40003AE5B08FE7BAA2E782B9E7BFBBE8BDACED
:104E500028302DE4B88DE7BFBBE8BDAC2F312DE77E
:104E6000BFBBE8BDAC290A6B6579626F6172645F94
:104E700073706B65792E7478742D2D2DE5AD98E6E1
:104E800094BE7370E68C89E994AEE698A0E5B08490
:104E9000E994AEE4BD8D28E6AF8FE8A18C38627945
:104EA0007465290A4C494E45313A73704B45593166
:104EB000E79A84484944E68AA5E8A1A8E695B0E6C1
:104EC0008DAE0A4C494E45323A73704B455932E724
:104ED0009A84484944E68AA5E8A1A8E695B0E68DFB
:104EE000AE0A4C494E45333A73704B455933E79AF5
:104EF00084484944E68AA5E8A1A8E695B0E68DAEC7
:104F00000A4C494E45343A73704B455934E79A84FC
:104F1000484944E68AA5E8A1A8E695B0E68DAE0A20
:104F20004C494E45353A73704B455935E79A84489C
:104F30004944E68AA5E8A1A8E695B0E68DAE0A6BDD
:104F40006579626F6172645F6D61742E7478742D1F
:104F50002D2DE5AD98E694BEE994AEE79B98E68CDE
:104F600089E994AEE698A0E5B0840A6B6579626F32
:104F70006172645F6578745F6D61742E7478742DEE
:104F80002D2DE5AD98E694BEE994AEE79B98E5B18A
:104F90008232E68C89E994AEE698A0E5B0840A00F6
:104FA0004932435F54502D4552520000303A6B65F0
:104FB00079626F6172645F6D61742E747874000041
:104FC000303A6B6579626F6172645F6578745F6DAA
:104FD00061742E74787400005265736574204F4BB1
:104FE0002100000025642F35205265736574000090
:104FF0004368616E6765204F4B21000054657374F0
:10500000204F4E210000000054657374204F464627
:1050100021000000204F4E00204F464600000000B7
:10502000555342204D6F646500000000424C4520FE
:105030004D6F6465000000005246204D6F646500AE
:10504000555342202B20424C4500000047204D6F15
:105050006465204F4646000047204D6F6465204F31
:105060004E0000004572617365204F4B0000000048
:105070004272656174680000576174657266756C90
:1050800000000000546F7563680000005261696E93
:10509000626F77004E6F726D616C00000468FDFFF7
:1050A0000468FDFF0468FDFF0468FDFF8663FDFFE3
:1050B0008663FDFF8663FDFF8663FDFF8663FDFF5C
:1050C0008663FDFF8663FDFF8663FDFF8663FDFF4C
:1050D0008663FDFFA667FDFF1268FDFF4C68FDFFBC
:1050E0008268FDFFB868FDFFEE68FDFF2469FDFFE3
:1050F0008663FDFF8663FDFF8663FDFF8663FDFF1C
:105100008663FDFF8663FDFF8663FDFF8663FDFF0B
:10511000A265FDFF5A69FDFFD665FDFF0066FDFF34
:105120001C66FDFF3466FDFF4C66FDFF6E66FDFFED
:105130000A63FDFF0A63FDFF0A63FDFF0A63FDFFCB
:105140000A63FDFF0A63FDFF0A63FDFF0A63FDFFBB
:105150000A63FDFF0A63FDFFF266FDFF0E67FDFFB8
:10516000747020792D3E7A007470207A2D3E79007B
:10517000257300000102030405060708090000006A
:10518000000102030405060708090A0B0C0D0E0FA7
:10519000101112131415161718191A1B1C1D1E1F97
:1051A000202122232425262728292A2B2C2D2E2F87
:1051B000303132333435363738FF393A3B3C3D3EB7
:1051C0003F404142434445464748494A4B4C4D4E77
:1051D0004F50515205004C000000000003004C00ED
:1051E00000000000000000000000000000000000BF
:1051F0000000000000000000000000000900500056
:105200000000000009004F00000000000000000046
:10521000000000000000000000000000000000008E
:105220000000000000000000002A52284B0000008F
:105230000000460000000050514F4E0000000000EA
:1052400000000000000000004A4D000000000000C7
:105250000000000000D1D2000000000000000000AB
:10526000293A3B3C3D3E3F4041424344454C351E7C
:105270001F20212223242526272D2E2A2B141A080D
:1052800015171C180C12132F303239041607090A8F
:105290000B0D0E0F3334284BE1001D1B06190511B1
:1052A00010363738E54EE0E3E22C2CE6FFE45051AF
:1052B0004F524D4A10000000200000004000000046
:1052C00001000000020000000400000008000000CF
:1052D00000800000004000000020000000100000DE
:1052E00000080000000200008000000040000000F4
:1052F0002000000008000000040000000200000080
:105300000100000053656E6421000000436C6F7360
:10531000652100005B565D626174206164633A2020
:1053200025640A0043483538785F424C455F4C4954
:10533000425F56312E38000076325F315F313600E1
:1053400046415446532D4641494C00004F4B000006
:105350003C3C3C3C3C3C00003E3E3E3E3E3E000071
:105360004C2042746E0000004D2042746E0000001C
:10537000522042746E000000000000000000000097
:10538000000000000000000000000000000000001D
:10539000000000000080808080808000000000FE0F
:1053A000FF030200000000000000000000000000F9
:1053B00000000000000000000000000000000000ED
:1053C00000000000000000000000000000000000DD
:1053D00078FEFEFFFFFFFFFFFFFFFFFF7E3E1E0F79
:1053E00007000000000000000000000000000000B6
:1053F00000000000000000000000000000000000AD
:10540000000000000000000000000000000000009C
:10541000000001F19F830100010F38E0808000004F
:10542000000000000000000000000000000000007C
:10543000000000000000000000000000000000006C
:10544000000000000000000000000000000000005C
:10545000000000000080808080808000000000FE4E
:10546000FF03020000000000000000000000000038
:10547000000000000000000000000000000000002C
:10548000000000000000000000000000000000001C
:1054900078FEFEFFFFFFFFFFFFFFFFFF7E3E1E0FB8
:1054A00007000000000000000000000000000000F5
:1054B00000000000000000000000000000000000EC
:1054C00000000000000000000000000000000000DC
:1054D00000000101FF838100010FF88080000000BF
:1054E00000000000000000000000000000000000BC
:1054F00000000000000000000000000000000000AC
:10550000000000000000000000000000000000009B
:10551000000000000080808080808000000000FE8D
:10552000FF03020000000000000000000000000077
:10553000000000000000000000000000000000006B
:10554000000000000000000000000000000000005B
:1055500078FEFEFFFFFFFFFFFFFFFFFF7E3E1E0FF7
:105560000700000000000000000000000000000034
:10557000000000000000000000000000000000002B
:10558000000000000000000000000000000000001B
:105590000000010101FF818001FF80800000000008
:1055A00000000000000000000000000000000000FB
:1055B00000000000000000000000000000000000EB
:1055C00000000000000000000000000000000000DB
:1055D000000000000080808080808000000000FECD
:1055E000FF030200000000000000000000000000B7
:1055F00000000000000000000000000000000000AB
:10560000000000000000000000000000000000009A
:1056100078FEFEFFFFFFFFFFFFFFFFFF7E3E1E0F36
:105620000700000000000000000000000000000073
:10563000000000000000000000000000000000006A
:10564000000000000000000000000000000000005A
:10565000000001010101CFF9FF818000000000007E
:10566000000000000000000000000000000000003A
:10567000000000000000000000000000000000002A
:10568000000000000000000000000000000000001A
:10569000000000000080808080808000000000FE0C
:1056A000FF030200000000000000000000000000F6
:1056B00000000000000000000000000000000000EA
:1056C00000000000000000000000000000000000DA
:1056D00078FEFEFFFFFFFFFFFFFFFFFF7E3E1E0F76
:1056E00007000000000000000000000000000000B3
:1056F00000000000000000000000000000000000AA
:105700000000000000000000000000000000000099
:10571000000001010101CFFFFF81800000000000B7
:105720000000000000000000000000000000000079
:105730000000000000000000000000000000000069
:105740000000000000000000000000000000000059
:10575000000000000080808080808000000000FE4B
:10576000FF03020000000000000000000000000035
:105770000000000000000000000000000000000029
:105780000000000000000000000000000000000019
:1057900078FEFEFFFFFFFFFFFFFFFFFF7E3E1E0FB5
:1057A00007000000000000000000000000000000F2
:1057B00000000000000000000000000000000000E9
:1057C00000000000000000000000000000000000D9
:1057D000000001010101CFF9FF81800000000000FD
:1057E00000000000000000000000000000000000B9
:1057F00000000000000000000000000000000000A9
:105800000000000000000000000000000000000098
:10581000000000000080808080808000000000FE8A
:10582000FF03020000000000000000000000000074
:105830000000000000000000000000000000000068
:105840000000000000000000000000000000000058
:1058500078FEFEFFFFFFFFFFFFFFFFFF7E3E1E0FF4
:105860000700000000000000000000000000000031
:105870000000000000000000000000000000000028
:105880000000000000000000000000000000000018
:105890000000010101FF818001FF80800000000005
:1058A00000000000000000000000000000000000F8
:1058B00000000000000000000000000000000000E8
:1058C00000000000000000000000000000000000D8
:1058D000000000000080808080808000000000FECA
:1058E000FF030200000000000000000000000000B4
:1058F00000000000000000000000000000000000A8
:105900000000000000000000000000000000000097
:1059100078FEFEFFFFFFFFFFFFFFFFFF7E3E1E0F33
:105920000700000000000000000000000000000070
:105930000000000000000000000000000000000067
:105940000000000000000000000000000000000057
:1059500000000101FF838100010FF880800000003A
:105960000000000000000000000000000000000037
:10597000000000000000000000070F0F3F0F0F079E
:105980000000000000000C000000000000C0DED697
:10599000DED6DEC0000000010303070303010000A0
:1059A00004089294959492080600020104020A02E7
:1059B00004010600C84452CA2ACA524458000701CA
:1059C0000305000701010000F8FC1EDC3EDC1EFCA4
:1059D000F800030707070707070703000000080C84
:1059E000FEFE000000000000060607070606000095
:1059F0000000C0B88EB8C00000000407010000001D
:105A000001070400FE0A9AF2FE669A0AFC000305EA
:105A10000504070605050300FC0A9AF2FE669A0AC9
:105A2000FE0003050504070605050300FC0A9AF2BB
:105A3000FE669A0AFC000305050407060505070033
:105A4000FC0A9AF2FE669A0AFC000705050407069E
:105A500005050300FEF6660E009A66F6FC000306D6
:105A60000607000506060300FCF6669A000E66F6B9
:105A7000FE0003060605000706060300FCF6669A0C
:105A8000000E66F6FC000306060500070606070082
:105A9000FCF6660E009A66F6FC000706060700058F
:105AA000060603003E227E425A5A427E223E0001F2
:105AB0000F0100000F050700BEA2A222222222220F
:105AC000223E000700070507000704070C18C05C0A
:105AD00040405CC0180C04070504040404050704D6
:105AE00000FAFC0C0C0C0CFCF8000001030303038F
:105AF00003030500FE02F252F252F202FE00070416
:105B00000505050505040700063C2678FCFC7826FB
:105B10003C06000201050F0F0501020000E0EFEB5B
:105B2000EFAB7F18D432040201000F0B0D00060901
:105B3000DDEB80B6C9FFF0E80402040201010701B1
:105B40000100000000FC060202020222323AFEFFBF
:105B5000E2622202020206FCF0F0000003060404E6
:105B600004040404040F07050404040404060300E9
:105B70000000000000FC0602020202020202020211
:105B800002020202020206FCF0F000000306040416
:105B900004040404040404040404040404060300C8
:105BA000000000FC0602FAFAFA02020202020202F5
:105BB0000202020206FCF0F00000030604050505DF
:105BC00004040404040404040404040603000000A0
:105BD00000FC0602FAFAFA0202FAFAFA02020202D9
:105BE000020206FCF0F000000306040505050404AB
:105BF000050505040404040404060300000000FC79
:105C00000602FAFAFA0202FAFAFA0202FAFAFA02B8
:105C100006FCF0F000000306040505050404050574
:105C2000050404050505040603000000000000004B
:105C300000000000002F0000000007000700001413
:105C40007F147F1400242A7F2A1200626408132321
:105C500000364955225000000503000000001C22B8
:105C60004100000041221C000014083E08140008F6
:105C7000083E0808000000A06000000808080808A6
:105C8000000060600000002010080402003E51493E
:105C9000453E0000427F40000042615149460021DC
:105CA00041454B31001814127F10002745454539F6
:105CB000003C4A4949300001710905030036494951
:105CC000493600064949291E00003636000000000A
:105CD0005636000000081422410000141414141455
:105CE00000004122140800020151090600324959FE
:105CF000513E007C1211127C007F49494936003E1A
:105D000041414122007F4141221C007F49494941D4
:105D1000007F09090901003E4149497A007F0808CE
:105D2000087F0000417F4100002040413F01007F8B
:105D300008142241007F40404040007F020C027F57
:105D4000007F0408107F003E4141413E007F090969
:105D50000906003E4151215E007F0919294600468F
:105D6000494949310001017F0101003F4040403F66
:105D7000001F2040201F003F4038403F00631408B0
:105D8000146300070870080700615149454300008B
:105D90007F41410000552A552A55000041417F00AE
:105DA00000040201020400404040404000000102A3
:105DB0000400002054545478007F4844443800388C
:105DC0004444442000384444487F00385454541814
:105DD00000087E0901020018A4A4A47C007F080426
:105DE00004780000447D4000004080847D00007FF6
:105DF000102844000000417F4000007C0418047813
:105E0000007C0804047800384444443800FC24240E
:105E100024180018242418FC007C080404080048F6
:105E20005454542000043F444020003C4040207C17
:105E3000001C2040201C003C4030403C0044281006
:105E40002844001CA0A0A07C004464544C441414BA
:105E5000141414142040C0300E01FF81BDA581FF31
:105E6000FFC1B18D83FF00004669726D7761726575
:105E700000000000545037382067726F75700000C2
:105E800048656C6C6F203230323500007265743AB0
:105E900025640000F27FFDFFE080FDFF3A81FDFFF9
:105EA0009681FDFFBC81FDFFA485FDFFA485FDFF5C
:105EB0006685FDFF7C85FDFF9485FDFF1286FDFF55
:105EC000E886FDFFCE85FDFFF286FDFFCE85FDFF56
:105ED000CE85FDFFCE85FDFFCE85FDFFF886FDFF5B
:105EE0000E87FDFF1487FDFF1487FDFF1487FDFF5C
:105EF0001487FDFF1487FDFF1487FDFF1087FDFF4A
:105F00001087FDFFEE86FDFF0287FDFF1687FDFF70
:105F10009E85FDFF2687FDFF9E85FDFF3087FDFFE7
:105F20003687FDFF9687FDFF9E87FDFFA487FDFF57
:105F300053746172745363616E00000076616C3A51
:105F4000000000000500000018650400305F040038
:105F5000920A020001000000886304003C5F040014
:105F60004C53040004160100010000008863040083
:105F70003C5F04004C5304000415010001000000C4
:105F8000886304003C5F04004C53040004140000C8
:105F900001000000D86304003C5F04004C5304007F
:105FA0000413010001000000D86304003C5F0400FA
:105FB0004C5304000412000001000000D8630400E8
:105FC0003C5F04004C530400041100000100000079
:105FD000286404003C5F04004C53040004100000DB
:105FE00001000000286404003C5F04004C530400DE
:105FF000040F010001000000286404003C5F04005D
:106000004C530400040E01000100000078640400F9
:106010003C5F04004C530400040D0000010000002C
:10602000786404003C5F04004C530400040C01003D
:1060300001000000786404003C5F04004C5304003D
:10604000040B000001000000C86404003C5F040071
:106050004C530400040A000001000000C86404005E
:106060003C5F04004C5304000407010001000000E1
:10607000C86404003C5F04004C53040004030100A6
:1060800001000000186504003C5F04004C5304004C
:106090000402010001000000186504003C5F0400D8
:1060A0004C530400040101000100000018650400C5
:1060B0003C5F04004C530400040001000200000097
:1060C000486204001401000002000000486204005D
:1060D00012010000020000004862040018010000E4
:1060E00002000000486204001601000002000000E7
:1060F0009862040010010000020000009862040091
:106100000E01000002000000986204000C01000073
:1061100002000000E8620400040100000200000028
:10612000E86204000A01000002000000E8620400C6
:1061300008010000020000003863040006010000AE
:106140000400000038630400CC3A00200300000083
:10615000386304006C330020000000003863040042
:1061600018650400A86104000000000000000000A1
:10617000000000004B657953746174757300000072
:1061800000000000004B65794366670000000000D6
:106190000000000000004465627567000000000018
:1061A000000000000000000300000000445F040045
:1061B000000000000000000058610400A861040015
:1061C000A86104007363616E54504D00000000002C
:1061D00000000000000000000000000000000000BF
:1061E00000000000000000000000000000000000AF
:1061F000000000000000000100000000BC6004007E
:106200000000000000000000586104004862040023
:1062100038630400746F7563686261725233000002
:10622000000000000000000000000000000000006E
:10623000000000000000000000000000000000005E
:10624000000000000000000100000000E060040009
:10625000D4600400C860040058610400986204001F
:10626000F8610400746F7563686261724D0000002C
:106270000000000000746F75636862617252310043
:10628000000000000000746F756368626172523232
:106290000000000000000003000000000461040092
:1062A000F8600400EC60040058610400E862040037
:1062B00048620400746F7563686261724C3100005B
:1062C0000000000000746F7563686261724C3200F8
:1062D000000000000000746F7563686261724C33E7
:1062E000000000000000000300000000286104001E
:1062F0001C6104001061040058610400386304004C
:10630000986204006361706D6F75736544000000EE
:1063100000000000006361706D6F7573654C0000D4
:106320000000000000006361706D6F7573655200BE
:106330000000000000000003000000004C610400A9
:10634000406104003461040058610400F8610400F5
:10635000E86204006261745F616463000000000031
:1063600000000000006C6173745F766572000000CD
:106370000000000000006361706D6F75736555006B
:106380000000000000000003000000007C5F04002B
:10639000685F0400545F040058610400D86304007F
:1063A000186504006175746F5F6D6F75736500002B
:1063B00000000000006D61635F6D6F6465000000A8
:1063C00000000000000074705F726576657273658E
:1063D000000000000000000300000000B85F04009F
:1063E000A45F0400905F0400586104002864040066
:1063F000886304006C705F636E740000000000002E
:10640000000000000052465F63686B5F6D73000020
:106410000000000000006D6F746F725F656E000019
:10642000000000000000000300000000F45F040012
:10643000E05F0400CC5F040058610400786404004D
:10644000D863040052465F66726571000000000068
:1064500000000000005462746E5F656E0000000072
:1064600000000000000069646C655F636E740000EA
:106470000000000000000003000000003060040085
:106480001C6004000860040058610400C864040033
:10649000286404004D5052706172616D3700000035
:1064A000000000000074705370645F64697600003F
:1064B0000000000000004272696768746E657373C3
:1064C0000000000000000003000000006C600400F9
:1064D000586004004460040058610400186504001A
:1064E00078640400554449534B6D6F6465000000A7
:1064F00000000000004D505273706565640000009C
:106500000000000000004D5052706172616D360055
:10651000000000000000000300000000A86004006C
:1065200094600400806004005861040088630400E3
:10653000C8640400424C45646576696365000000E8
:1065400000000000004C45447374796C6500000045
:10655000000000000000332D4D6F64650000000056
:1065600000000000000000036282FDFF7E82FDFF4C
:106570009082FDFF9C82FDFF6A82FDFF6A82FDFF23
:106580006A82FDFF6A82FDFF6A82FDFF6A82FDFF6B
:10659000A882FDFF05590901A10185050902A10293
:1065A0000903150027FFFF000095017510B10309CD
:1065B00004090509060907090827FFFFFF7F95055C
:1065C0007520B103C085060920A102092127FFFF1C
:1065D000000095017510B102C085070922A10209CA
:1065E00021B1020923092409250927092627FFFFCC
:1065F000FF7F95057520B10209280929092A092B71
:10660000092C092D26FF0095067508B102C08508E2
:106610000950A102090325089501B1020955250178
:10662000B102092127FFFF000095087510B102098A
:106630005109520953095426FF0095207508B102EB
:10664000C085090960A102095525019501B102091A
:1066500061096227FFFF000095027510B102095120
:1066600009520953095426FF0095047508B102C068
:10667000850A0970A102097125019501B102C0C006
:106680000660FF0961A1010962150026FF0095203F
:10669000750881020963150026FF00952075089191
:1066A00002C0000005010906A1018501050719E0E6
:1066B00029E71500250175019508810295017508E6
:1066C00081039505750105081901290591029501B8
:1066D0007503910395067508150025FF0507190038
:1066E00029658100C005010902A10185020901A1F6
:1066F000000509190129031500250195037501817C
:106700000295017505810105010930093109381526
:1067100081257F750895038106C0093C05FF0901A5
:106720001500250175019502B12275069501B1018B
:10673000C0050C0901A101850309B009B509B60915
:10674000E909EA09E209B109B715002501950875BB
:10675000018102C00501090EA1018504050D092171
:10676000A1000509090195017501150025018102A6
:10677000050109379501750F550F651436F0F1467F
:10678000100E16F0F126100E8106C0C01201000294
:106790000000004018040278010001020301090210
:1067A0005B00030100A0FA090400000103000002DD
:1067B00009211101000122E80007058103400001C1
:1067C0000904010002030000020921110100012255
:1067D00022000705820320000107050203200001B3
:1067E0000904020001030000020921110100012235
:1067F000EC0007058303400002040309041203436D
:10680000004C005F006E006F00760065006C000AAF
:106810000354005000370038000A03760032002E7F
:10682000003000001201100100000040180402783E
:1068300001000102030109025200030100A0FA094C
:10684000040000010300000209211101000122E8F7
:1068500000070581034000010904010002080650F9
:1068600002070502024000000705820240000009FD
:10687000040200010300000209211101000122ECC1
:1068800000070583034000020403090412034300C8
:106890004C005F006E006F00760065006C000A031C
:1068A00054005000370038000A03760032002E00F2
:1068B000300000009A8DFDFFB48DFDFFBE8DFDFF01
:1068C000C88DFDFFD28DFDFFDC8DFDFF1C25000076
:1068D0001C25000000000000E28100001C250000D3
:1068E000000000001ACC00001C2500000000000081
:1068F000521601001C250000000000008A60010003
:106900001C2500000000000050BD01001C250000F7
:1069100000000000880702001C25000000000000A5
:10692000C05102001C25000000000000F89B02007E
:106930001C25000000000000BEF802001C2500001D
:1069400000000000F64203001C25000000000000CB
:106950002E8D03001C2500000000000066D70300F8
:106960001C250000000000002C3404001C25000041
:10697000000000001C250000546F00000000000013
:10698000546F0000546F0000000000008CB900003C
:10699000546F000000000000C4030100546F0000A9
:1069A00000000000FC4D0100546F000000000000DA
:1069B00034980100546F0000000000006CE20100F8
:1069C000546F000000000000A42C0200546F00006F
:1069D00000000000DC760200546F000000000000A0
:1069E00014C10200546F0000000000004C0B0300B3
:1069F000546F00000000000084550300546F000035
:106A000000000000BC9F0300546F00000000000065
:106A1000100F0400546F000000000000AA370000AF
:106A20008CB9000000000000709400008CB90000D8
:106A30000000000064E100008CB9000000000000CC
:106A4000E02801008CB9000000000000187301006C
:106A50008CB900000000000050BD01008CB900009E
:106A600000000000880702008CB900000000000050
:106A7000C05102008CB9000000000000F89B020029
:106A80008CB900000000000030E602008CB9000064
:106A900000000000683003008CB900000000000016
:106AA000A07A03008CB9000000000000D8C40300E5
:106AB0008CB90000000000009E2104008CB9000089
:106AC00000000000647E0400546F0000000000001D
:106AD000F1400000C403010000000000FEA6000019
:106AE000C40301000000000036F10000C4030100EF
:106AF000000000006E3B0100C40301000000000024
:106B0000A6850100C403010000000000DECF0100E3
:106B1000C403010000000000161A0200C4030100B3
:106B2000000000004E640200C403010000000000E9
:106B300086AE0200C403010000000000BEF802009F
:106B4000C403010000000000F6420300C40301007A
:106B5000000000002E8D0300C403010000000000AF
:106B6000C9050400C403010000000000647E0400A5
:106B70008CB90000000000007F530000FC4D0100B4
:106B8000000000001ACC0000FC4D010000000000D5
:106B900052160100FC4D0100000000008A60010057
:106BA000FC4D010000000000C2AA0100FC4D0100E4
:106BB00000000000FAF40100FC4D0100000000009C
:106BC000323F0200FC4D0100000000006A89020013
:106BD000FC4D010000000000A2D30200FC4D0100AA
:106BE00000000000DA1D0300FC4D01000000000061
:106BF00012680300FC4D0100000000001FCE0300DE
:106C0000FC4D010000000000632E000034980100DC
:106C100000000000298B00003498010000000000F3
:106C2000EFE700003498010000000000D169010086
:106C300034980100000000006A89020034980100C5
:106C4000000000000502030034980100000000006D
:106C50003D4C0300349801000000000075960300CD
:106C60003498010000000000ADE0030034980100FA
:106C700000000000E52A0400349801000000000034
:106C80001D7504003498010000000000E52A04008E
:106C9000FC4D010000000000647E0400FC4D01007A
:106CA00000000000647E0400C40301000000000036
:106CB000000E1C2A3845010F1D2B384602101E2CD1
:106CC000394603111F2D3A470412202E3B47051366
:106CD000212F3C48061422303D48071523313E49F8
:106CE000081624323F4909172533404A0A1826342A
:106CF000414A0B192735424B0C1A2835424B0D1BC4
:106D00002936434C564941636F6E6E6563740000CB
:106D1000E290FDFFFE90FDFFCA91FDFF0C92FDFF8A
:106D20008292FDFF2E93FDFF7693FDFF7693FDFF8C
:106D30004E91FDFFF294FDFF1295FDFF3295FDFF90
:106D40003A95FDFF5095FDFFC098FDFFEE99FDFFC0
:106D5000189AFDFF1C9AFDFFDA9AFDFF4E91FDFF88
:106D60004E91FDFF1891FDFF1891FDFF1891FDFF59
:106D70001891FDFF1891FDFF1891FDFF1891FDFF7F
:106D80001891FDFF1891FDFF1891FDFF589BFDFF25
:106D90004E91FDFF789BFDFFF09BFDFF789BFDFF73
:106DA000F09BFDFF6E9CFDFF969CFDFF6E9CFDFF22
:106DB000969CFDFF4E91FDFF4E91FDFF1891FDFF4A
:106DC0001891FDFF1891FDFF1891FDFF1891FDFF2F
:106DD000D29CFDFF1891FDFF1891FDFF509DFDFF16
:106DE000C493FDFFDC93FDFFE693FDFFF093FDFFF1
:106DF000FA93FDFF0494FDFF2A95FDFF4697FDFFE2
:106E00006496FDFFF096FDFF2A95FDFF7495FDFF4A
:106E10006496FDFF1C97FDFF000000006162636443
:106E200065666768696A6B6C6D6E6F70717273749A
:106E300075767778797A3132333435363738393078
:106E400000000000202D3D5B5D005C3B27602C2E88
:106E50002F00000000000000000000000000000003
:106E60000000000000000000000000000000000022
:106E70000000000000000000000000000000000012
:106E80000000000000000000000000000000000002
:106E900000000000000000000000000000000000F2
:106EA00000000000000000000000000000000000E2
:106EB00000000000000000000000000000000000D2
:106EC00000000000000000000000000000000000C2
:106ED00000000000000000000000000000000000B2
:106EE00000000000000000000000000000000000A2
:106EF0000000000000000000000000000000000092
:106F00000000000000000000000000000000000081
:106F10000000000000000000000000000000000071
:106F20000000000000000000000000002C00000035
:106F3000000000000000000000000000000000341D
:106F400000000000362D3738271E1F202122232461
:106F500025260033002E0000000000000000000085
:106F60000000000000000000000000000000000021
:106F70000000002F32300000350405060708090A1A
:106F80000B0C0D0E0F101112131415161718191AD9
:106F90001B1C1D000000000000000000000000009D
:106FA00000000000000000000000000000000000E1
:106FB00000000000000000000000000000000000D1
:106FC00000000000000000000000000000000000C1
:106FD00000000000000000000000000000000000B1
:106FE00000000000000000000000000000000000A1
:106FF0000000000000000000000000000000000091
:107000000000000000000000000000000000000080
:1070100000000000000000006D696E69464F4300EB
:10702000545037386D696E690000000053616C6917
:1070300065726900426C6544202564004C656453A8
:1070400020256400576D6F646520256400000000F2
:107050005450646976202564000000004272695330
:10706000202564005AF6FDFF96F6FDFF10F7FDFFA0
:1070700010F7FDFFA8F6FDFF10F7FDFFBEF6FDFFC0
:10708000E2F6FDFF10F7FDFFFEF6FDFF54F7FDFFF2
:1070900074F7FDFFF0F7FDFF86F7FDFFF0F7FDFF4A
:1070A000F0F7FDFFF0F7FDFFA8F7FDFFF0F7FDFF9C
:1070B000F0F7FDFFF0F7FDFFCCF7FDFF0CE5030057
:1070C000F46D020048E50300767B0200C4E503008E
:1070D000427B02007EE603000E7B02001AE70300FB
:1070E0008C86020068E703008C860200C2E703007A
:1070F000DE8502007EE60300AE7A020056E8030059
:10710000FA7D02000000000000000000A0E803007B
:10711000867E020012E90300786E0200FC49FEFF41
:10712000FC49FEFF224AFEFF3A4AFEFF424AFEFFAA
:107130004A4AFEFF524AFEFF5A4AFEFF624AFEFFDB
:107140006A4AFEFF724AFEFFAA4AFEFFB24AFEFFEB
:107150007A4AFEFF01010201020101020102040458
:107160000601040101010101040402010400000000
:1071700001010201020101020101040406010401EE
:107180000101010104010201010000007A57FEFF24
:107190008657FEFFC857FEFFF258FEFFFC58FEFF61
:1071A0004059FEFF8259FEFFB859FEFFF059FEFF1D
:1071B0009058FEFF245AFEFFB25AFEFFF866FEFF0B
:1071C000D466FEFFEC69FEFF486AFEFF506DFEFFCD
:1071D000726BFEFFB86BFEFFFC6BFEFF346CFEFFB4
:1071E000706CFEFFD466FEFFB46CFEFF2A6DFEFFDE
:1071F0000000000000000000000000000000008708
:10720000E0340300EC460300B63503004E470300AC
:10721000DA3503007A360300A8360300EC360300A3
:1072200064460300D44503001838030044380300C3
:10723000B63803005C39030044450300584403009A
:1072400066430300A62603000E3A0300623A0300D9
:10725000664A0300FE490300943A0300383C0300E9
:107260008C3D0300163E0300423E0300BC4A03006F
:10727000C04A0300D83E0300163F0300C44A03007F
:10728000C84A0300CC4A0300D04A0300BA480300AE
:10729000603F03003E400300D44A0300D84A030085
:1072A000EA4003002C43030036530300424B030023
:1072B000F84A030018500300E84F0300BA4F0300D8
:1072C0007A4F03004C4F0300205103002451030068
:1072D000C64D030028510300864D03002C510300C6
:1072E000624D030030510300344D0300244D030070
:1072F000EC4C030034510300CA4C03003851030026
:107300003C5103004051030044510300FC4A030078
:10731000104B0300485103004C510300505103002F
:107320005451030018510300604C0300D64B030076
:107330001C510300B650030050500300144B0300CF
:1073400043483538785F424C455F4C49425F56317F
:107350002E383000AE4FFFFFBC4FFFFFC44FFFFF82
:10736000CA4FFFFFD04FFFFFF04FFFFFF84FFFFF67
:10737000FE4FFFFF0850FFFF0E50FFFF1450FFFFAE
:107380001A50FFFF2050FFFF2C50FFFF3250FFFF2D
:107390003850FFFF7A50FFFF3E50FFFF4450FFFF81
:1073A0004A50FFFF5050FFFF5C50FFFF7A50FFFF35
:1073B0007A50FFFF7A50FFFF7A50FFFF7A50FFFFAD
:1073C0007A50FFFF7A50FFFF7A50FFFF6650FFFFB1
:1073D0005650FFFF7A50FFFF6C50FFFF7450FFFFC5
:1073E000CA55FFFFF655FFFF1856FFFF2E56FFFF49
:1073F0004256FFFF5E56FFFF7C56FFFF8C56FFFF95
:10740000A656FFFFBC56FFFFDE56FFFFF456FFFFF8
:107410000857FFFF1C57FFFF3A57FFFF4A57FFFF70
:107420006457FFFF0E59FFFF2259FFFF3859FFFF36
:107430005659FFFFD05AFFFF9E59FFFF8457FFFFA9
:10744000B459FFFFC459FFFFD657FFFFD657FFFFC0
:10745000AE58FFFFB858FFFFCC59FFFF7859FFFF28
:10746000DC59FFFF4E5AFFFF945AFFFF445DFFFFB8
:10747000AC5AFFFFAC5AFFFF925CFFFF3A5BFFFF85
:107480008E5AFFFF3A5DFFFFAC5AFFFF345CFFFFEF
:10749000CA5CFFFFAC5AFFFFAC5AFFFFAC5AFFFFBC
:1074A000AC5AFFFFAC5AFFFFAC5AFFFFAC5AFFFFCC
:1074B000AC5AFFFFAC5AFFFFAC5AFFFFFA5AFFFF6E
:1074C000DE5EFFFFD85FFFFFA25FFFFF1860FFFFD8
:1074D0001860FFFFA460FFFFF860FFFFD85FFFFFA9
:1074E000D85FFFFFD85FFFFFD85FFFFFD85FFFFFC8
:1074F000D85FFFFFD85FFFFFD85FFFFFD85FFFFFB8
:10750000D85FFFFFD85FFFFFD85FFFFF1C61FFFF61
:107510001C61FFFFD85FFFFFD85FFFFFD85FFFFF51
:10752000D85FFFFFD85FFFFFD85FFFFF8A61FFFFD3
:107530008A61FFFF7866FFFF8666FFFF9C66FFFF9C
:10754000A866FFFFBC66FFFFC866FFFFD266FFFFAD
:10755000DA66FFFFE266FFFFEC66FFFFF666FFFFFD
:10756000FE66FFFF0867FFFF1267FFFF1E67FFFF52
:107570007067FFFF7067FFFF2467FFFF3267FFFF41
:107580003C67FFFF4667FFFF5067FFFF5867FFFF3D
:107590006667FFFF5067FFFF6C67FFFF8067FFFFB5
:1075A000F069FFFF9867FFFF0268FFFF1668FFFFA3
:1075B0002A68FFFF4668FFFF6268FFFF7268FFFFEF
:1075C0008E68FFFFF069FFFFAA68FFFFF069FFFF09
:1075D000F069FFFFBC68FFFFE468FFFF0C69FFFF75
:1075E0002869FFFF3E69FFFF5069FFFFA269FFFFA7
:1075F000FB349B5F80000080001000000000000052
:10760000070B0D1113171D1F25292B2F353B3D434C
:1076100047494F535961FF00C89EFFFFF29EFFFF8D
:1076200012A0FFFFBCA0FFFFCCA0FFFFB8A1FFFF8F
:1076300050A1FFFF2EA2FFFF7EA2FFFF4A9EFFFF89
:10764000BE9FFFFF629FFFFFA0A1FFFF000102029C
:1076500003030303040404040404040405050505EA
:1076600005050505050505050505050506060606C6
:1076700006060606060606060606060606060606AA
:107680000606060606060606060606060707070796
:10769000070707070707070707070707070707077A
:1076A000070707070707070707070707070707076A
:1076B000070707070707070707070707070707075A
:1076C0000707070707070707070707070808080846
:1076D000080808080808080808080808080808082A
:1076E000080808080808080808080808080808081A
:1076F000080808080808080808080808080808080A
:1077000008080808080808080808080808080808F9
:1077100008080808080808080808080808080808E9
:1077200008080808080808080808080808080808D9
:1077300008080808080808080808080808080808C9
:1077400008080808080808080808080800000000D9
:107750000000000000000000000000000000000029
:107760000000000000000000000000000000000019
:107770000000000000000000000000000000000009
:1077800000000000000000000000000000000000F9
:1077900000000000000000000000000000000000E9
:1077A000000000000000000000000000232D302B2E
:1077B00020000000686C4C00656667454647000085
:1077C0003031323334353637383941424344454617
:1077D00000000000303132333435363738396162D9
:1077E000636465660000000080C0FFFF96C0FFFF75
:1077F00056C0FFFF56C0FFFF56C0FFFF56C0FFFF39
:1078000096C0FFFF56C0FFFF56C0FFFF56C0FFFFE8
:1078100056C0FFFFFCC1FFFFFEC0FFFF94C1FFFF8A
:1078200056C0FFFF56C0FFFF2CC2FFFF56C0FFFF30
:10783000FEC0FFFF56C0FFFF56C0FFFF9CC1FFFF09
:107840000200000060780400012A0000A62A00005F
:107850000328000002290000002A00000729000078
:10786000001800000118000002280000042A00008F
:10787000002800000829000001280000052A000057
:10788000B44801002A490100000000000200000085
:107890007078040001000000D82E002002000000D3
:1078A0005078040001000000DF2D002002000000DD
:1078B000E02E002001000000DE2D0020020000006C
:1078C000547804000300000004350020020000008A
:1078D0007478040001000000DC2D0020224B010020
:1078E00000000000000000000200000070780400AA
:1078F00001000000E82E0020020000005078040083
:1079000001000000F32D002002000000102F0020D5
:107910000100000010330020020000005078040035
:1079200001000000F22D0020020000000C2F0020BA
:1079300001000000D0410400020000005078040063
:1079400001000000F12D002002000000082F00209F
:1079500001000000C0410400020000005078040053
:1079600001000000F02D002002000000042F002084
:1079700001000000AC410400020000005078040047
:1079800001000000EF2D002002000000002F002069
:10799000010000009841040002000000507804003B
:1079A00001000000EE2D002002000000FC2E00204F
:1079B000010000008441040002000000507804002F
:1079C00001000000ED2D002002000000F82E002034
:1079D0000100000070410400020000005078040023
:1079E00001000000EC2D002002000000F42E002019
:1079F0000100000060410400020000005078040013
:107A000001000000EB2D002002000000F02E0020FD
:107A100001000000E42D0020C84D01005E4D010072
:107A2000000000006C4E010000000000C84C010086
:107A30001C5101002852010000000000020000005B
:107A40007078040001000000182F002002000000E0
:107A500068780400010000003E33002002000000AE
:107A60005078040001000000172E002002000000E2
:107A70003C2F002040000000202F002002000000CA
:107A80005078040001000000112E002002000000C8
:107A9000342F0020800000003D3300200200000051
:107AA0005078040001000000102E002002000000A9
:107AB0002C2F0020C00000000F2E0020020000002C
:107AC0005078040001000000162E00200200000083
:107AD000382F002040000000E841040002000000B0
:107AE0005C78040001000000142E00200200000059
:107AF00050780400010000000E2E0020020000005B
:107B0000302F0020400000003C3300200200000025
:107B10005478040081000000543500200200000069
:107B200074780400010000000C2E00200200000008
:107B300050780400010000000A2E0020020000001E
:107B4000302F0020400000003B33002002000000E6
:107B50005478040081000000443500200200000039
:107B60007478040001000000082E002002000000CC
:107B70005078040001000000062E002002000000E2
:107B8000302F0020400000003A33002002000000A7
:107B90005478040081000000343500200200000009
:107BA0007478040001000000042E00200200000090
:107BB0005078040001000000022E002002000000A6
:107BC000302F002040000000393300200200000068
:107BD00054780400810000002435002002000000D9
:107BE0007478040001000000002E00200200000054
:107BF0005078040001000000FE2D0020020000006B
:107C0000302F0020C00000003833002002000000A8
:107C10007478040001000000FC2D00200200000028
:107C20005078040001000000F82D00200200000040
:107C3000282F002040000000373300200200000001
:107C40005478040081000000143500200200000078
:107C50005078040001000000F72D00200200000011
:107C6000242F0020C0000000363300200200000056
:107C70005078040001000000F62D002002000000F2
:107C8000302F0020C000000035330020020000002B
:107C90007478040001000000F42D00207A550100E2
:107CA0007E55010000000000020000007078040012
:107CB00001000000442F0020020000005078040062
:107CC000010000001B2E002002000000502F0020A9
:107CD00080000000443300200200000050780400BF
:107CE000010000001A2E0020020000004C2F00208E
:107CF000000000004033002002000000547804001F
:107D000081000000AC35002024970100CE940100D2
:107D100000000000D0940100070954503738763233
:107D2000051208000800050212180F18020A0000C8
:107D3000010000000000000000020000000003003D
:107D40000400000002000000707804000100000040
:107D50004078040002000000507804000100000098
:107D6000A72E002002000000587804000100000047
:107D7000447100200200000050780400010000005F
:107D8000A42E00200200000048780400010000003A
:107D90004C34002002000000507804000100000074
:107DA000A82E0020020000006C78040001000000F2
:107DB000AC2E0020020000005078040001000000FA
:107DC000A62E0020020000004C78040001000000F4
:107DD000A52E0020AE610200046302000000000036
:107DE000020000007078040001000000B82E00209E
:107DF000020000005078040001000000C32E0020A3
:107E0000020000007C780400000000000000000078
:107E1000020000005478040003000000000000008D
:107E200000000000067002000000000000000000DA
:107E30008C7704006C7704004C770400000000008D
:107E40000000000000000000000000000000000032
:107E50000000000000000000000000000000000022
:107E60000000000000000000000000000000000012
:107E70000000000000000000000000000000000002
:107E800000000000000000000000000000000000F2
:107E9000B475002005016412D20F480D01D7070008
:107EA00000100102020202020202020204030A0E90
:107EB0001200000004020E0004011200030112006F
:107EC000020112000101120106040000192A020237
:107ED000C2001004FEFF000060EA00000100000084
:107EE0000201050319C00300017378E5C201FF0018
:107EF000783A002002000000010000006000FF004E
:107F0000892C0020872C0020822C0020792C002036
:107F100058610400011E0A00FFFF00007800000005
:107F20007A0000008300000094EC010002000000D1
:107F300062EC01008200000060EC010081000000A2
:107F40005AEC0100FF000000B8F101000F00000032
:107F5000B8F101001E003200C3812F0102010202AC
:107F6000020000005000A0000000E803FFFF000036
:107F700002000000647804000100FF2001050201F6
:107F800001100101FF000000742D0020000000001E
:107F900002000000E42E0020192A00000F18000043
:107FA00002000000142F0020502A00002A2A00009E
:107FB000292A0000282A0000272A0000262A00007B
:107FC000252A0000242A0000232A00000A180000A5
:107FD00002000000402F002011010001322A0000A1
:107FE000222A00004E2A00004D2A00004C2A0000E0
:107FF0004B2A00004A2A000012180000020000006C
:10800000542F0020312A00004F2A000013180000CE
:10801000B0B5B6E9EAE2B1B7040506090A070800F7
:04802000742D00209B
:10802400000000000000000000000000000000004C
:10803400000000000000000000000000000000003C
:10804400000000000000000000000000000000002C
:10805400000000000000000000000000000000001C
:10806400000000000000000000000000000000000C
:1080740000000000000000000000000000000000FC
:1080840000000000000000000000000000000000EC
:1080940000000000000000000000000000000000DC
:1080A40000000000000000000000000000000000CC
:1080B40000000000000000000000000000000000BC
:1080C40000000000000000000000000000000000AC
:1080D400000000000000000000000000000000009C
:1080E400000000000000000000000000000000008C
:1080F400000000000000000000000000000000007C
:10810400000000000000000000000000000000006B
:10811400000000000000000000000000000000005B
:10812400000000000000000000000000000000004B
:10813400000000000000000000000000000000003B
:10814400000000000000000000000000000000002B
:10815400000000000000000000000000000000001B
:10816400000000000000000000000000000000000B
:1081740000000000000000000000000000000000FB
:1081840000000000000000000000000000000000EB
:1081940000000000000000000000000000000000DB
:1081A40000000000000000000000000000000000CB
:1081B40000000000000000000000000000000000BB
:1081C40000000000000000000000000000000000AB
:1081D400000000000000000000000000000000009B
:1081E400000000000000000000000000000000008B
:1081F400000000000000000000000000000000007B
:10820400000000000000000000000000000000006A
:10821400000000000000000000000000000000005A
:10822400000000000000000000000000000000004A
:10823400000000000000000000000000000000003A
:10824400000000000000000000000000000000002A
:10825400000000000000000000000000000000001A
:10826400000000000000000000000000000000000A
:1082740000000000000000000000000000000000FA
:1082840000000000000000000000000000000000EA
:1082940000000000000000000000000000000000DA
:1082A40000000000000000000000000000000000CA
:1082B40000000000000000000000000000000000BA
:1082C40000000000000000000000000000000000AA
:1082D400000000000000000000000000000000009A
:1082E400000000000000000000000000000000008A
:1082F400000000000000000000000000000000007A
:108304000000000000000000000000000000000069
:108314000000000000000000000000000000000059
:108324000000000000000000000000000000000049
:108334000000000000000000000000000000000039
:108344000000000000000000000000000000000029
:108354000000000000000000000000000000000019
:108364000000000000000000000000000000000009
:1083740000000000000000000000000000000000F9
:1083840000000000000000000000000000000000E9
:1083940000000000000000000000000000000000D9
:0883A4000000000000000000D1
:0400000310000000E9
:00000001FF
